                              1 ;--------------------------------------------------------
                              2 ; File Created by SDCC : free open source ANSI-C Compiler
                              3 ; Version 3.6.8 #9946 (Linux)
                              4 ;--------------------------------------------------------
                              5 	.module main
                              6 	.optsdcc -mz80
                              7 	
                              8 ;--------------------------------------------------------
                              9 ; Public variables in this module
                             10 ;--------------------------------------------------------
                             11 	.globl _main
                             12 	.globl _InitValues
                             13 	.globl _StartMenu
                             14 	.globl _PrintObjInfo
                             15 	.globl _PrintStartMenu
                             16 	.globl _EnemyLoop
                             17 	.globl _CheckEnemyCollision
                             18 	.globl _SetEnemies
                             19 	.globl _SetEnemyParams
                             20 	.globl _MoveEnemy
                             21 	.globl _MakeWizardAnim
                             22 	.globl _WizardAnim
                             23 	.globl _PrintWizard
                             24 	.globl _MoveShot
                             25 	.globl _PrintShot
                             26 	.globl _DeleteShot
                             27 	.globl _MakeShot
                             28 	.globl _CheckDuel
                             29 	.globl _ExplodePlayerInDuel
                             30 	.globl _PlayerLoop
                             31 	.globl _RunStatus
                             32 	.globl _Walk
                             33 	.globl _WalkAnim
                             34 	.globl _Stop
                             35 	.globl _WalkIn
                             36 	.globl _MoveRight
                             37 	.globl _MoveLeft
                             38 	.globl _MoveDown
                             39 	.globl _MoveUp
                             40 	.globl _ExplodeSprite
                             41 	.globl _PrintExplosion
                             42 	.globl _SelectFrame
                             43 	.globl _AssignFrame
                             44 	.globl _DeleteSprite
                             45 	.globl _CheckActiveTile
                             46 	.globl _CompareKeys
                             47 	.globl _PrintKey
                             48 	.globl _AddObjectToScoreboard
                             49 	.globl _SetObject
                             50 	.globl _ReprintObject
                             51 	.globl _ObjectCollision
                             52 	.globl _CheckObject
                             53 	.globl _PrintObjectInStore
                             54 	.globl _DeleteObjectInStore
                             55 	.globl _PrintCoin
                             56 	.globl _PrintDust
                             57 	.globl _DeleteObject
                             58 	.globl _ResetObjData
                             59 	.globl _RefreshScoreboard
                             60 	.globl _InitScoreboard
                             61 	.globl _RefreshHighScore
                             62 	.globl _RedefineKey
                             63 	.globl _Wait4Key
                             64 	.globl _ReturnKeyPressed
                             65 	.globl _PrintTip
                             66 	.globl _PrintEndGame
                             67 	.globl _PrintLevelInfo
                             68 	.globl _PrintSmallBlueBox
                             69 	.globl _PrintFrame
                             70 	.globl _PrintText
                             71 	.globl _PrintNumber
                             72 	.globl _PrintMap
                             73 	.globl _OnBackground
                             74 	.globl _GetTileNum
                             75 	.globl _ClearScreen
                             76 	.globl _Interrupt
                             77 	.globl _PlayMusic
                             78 	.globl _Pause
                             79 	.globl _Itoa
                             80 	.globl _Strlen
                             81 	.globl _Abs
                             82 	.globl _cpct_zx7b_decrunch_s
                             83 	.globl _cpct_etm_setTileset2x4
                             84 	.globl _cpct_etm_drawTileBox2x4
                             85 	.globl _cpct_setSeed_lcg_u8
                             86 	.globl _cpct_getRandom_lcg_u8
                             87 	.globl _cpct_akp_SFXPlay
                             88 	.globl _cpct_akp_SFXInit
                             89 	.globl _cpct_akp_musicInit
                             90 	.globl _cpct_getScreenPtr
                             91 	.globl _cpct_setPALColour
                             92 	.globl _cpct_setPalette
                             93 	.globl _cpct_waitVSYNC
                             94 	.globl _cpct_setVideoMode
                             95 	.globl _cpct_drawSpriteMaskedAlignedTable
                             96 	.globl _cpct_drawSprite
                             97 	.globl _cpct_drawSolidBox
                             98 	.globl _cpct_px2byteM0
                             99 	.globl _cpct_isAnyKeyPressed
                            100 	.globl _cpct_isKeyPressed
                            101 	.globl _cpct_scanKeyboard_if
                            102 	.globl _cpct_scanKeyboard_f
                            103 	.globl _cpct_scanKeyboard
                            104 	.globl _cpct_memset
                            105 	.globl _cpct_setInterruptHandler
                            106 	.globl _cpct_disableFirmware
                            107 	.globl _enum_mov
                            108 	.globl _enum_sta
                            109 	.globl _enum_dir
                            110 	.globl _nPObj
                            111 	.globl _objY
                            112 	.globl _objX
                            113 	.globl _nObj
                            114 	.globl _sht
                            115 	.globl _spr
                            116 	.globl _ctlPause
                            117 	.globl _ctlMusic
                            118 	.globl _ctlAbort
                            119 	.globl _ctlRight
                            120 	.globl _ctlLeft
                            121 	.globl _ctlDown
                            122 	.globl _ctlUp
                            123 	.globl _ctMainLoop
                            124 	.globl _ctWizardAnim
                            125 	.globl _nTip
                            126 	.globl _turboMode
                            127 	.globl _ctInactivity
                            128 	.globl _enemyTurn
                            129 	.globl _music
                            130 	.globl _storeY
                            131 	.globl _storeX
                            132 	.globl _playerKey
                            133 	.globl _doorKey
                            134 	.globl _coinScore
                            135 	.globl _potScore
                            136 	.globl _highScore
                            137 	.globl _score
                            138 	.globl _TwoPlayers
                            139 	.globl _lName
                            140 	.globl _lastNMap
                            141 	.globl _nMap
                            142 	.globl _animRight_Witch
                            143 	.globl _animLeft_Witch
                            144 	.globl _frmWitch
                            145 	.globl _anim_Bat
                            146 	.globl _frmBat
                            147 	.globl _animRight_Ghost
                            148 	.globl _animLeft_Ghost
                            149 	.globl _animDown_Ghost
                            150 	.globl _animUp_Ghost
                            151 	.globl _frmGhost
                            152 	.globl _animRight_Knight
                            153 	.globl _animLeft_Knight
                            154 	.globl _animDown_Knight
                            155 	.globl _animUp_Knight
                            156 	.globl _frmKnight
                            157 	.globl _animRight_Sentinel
                            158 	.globl _animLeft_Sentinel
                            159 	.globl _animDown_Sentinel
                            160 	.globl _animUp_Sentinel
                            161 	.globl _frmSentinel
                            162 	.globl _animRight_Sorcerer2
                            163 	.globl _animLeft_Sorcerer2
                            164 	.globl _animDown_Sorcerer2
                            165 	.globl _animUp_Sorcerer2
                            166 	.globl _frmSorcerer2
                            167 	.globl _animRight_Sorcerer1
                            168 	.globl _animLeft_Sorcerer1
                            169 	.globl _animDown_Sorcerer1
                            170 	.globl _animUp_Sorcerer1
                            171 	.globl _frmSorcerer1
                            172 	.globl _PrintObject
                            173 	.globl _PrintSprite
                            174 	.globl _SpriteCollision
                            175 	.globl _MakeDuel
                            176 	.globl _ResetData
                            177 	.globl _InitGame
                            178 	.globl _GameOver
                            179 ;--------------------------------------------------------
                            180 ; special function registers
                            181 ;--------------------------------------------------------
                            182 ;--------------------------------------------------------
                            183 ; ram data
                            184 ;--------------------------------------------------------
                            185 	.area _DATA
   0000                     186 _nMap::
   0000                     187 	.ds 1
   0001                     188 _lastNMap::
   0001                     189 	.ds 1
   0002                     190 _lName::
   0002                     191 	.ds 2
   0004                     192 _TwoPlayers::
   0004                     193 	.ds 1
   0005                     194 _score::
   0005                     195 	.ds 4
   0009                     196 _highScore::
   0009                     197 	.ds 2
   000B                     198 _potScore::
   000B                     199 	.ds 2
   000D                     200 _coinScore::
   000D                     201 	.ds 2
   000F                     202 _doorKey::
   000F                     203 	.ds 5
   0014                     204 _playerKey::
   0014                     205 	.ds 5
   0019                     206 _storeX::
   0019                     207 	.ds 1
   001A                     208 _storeY::
   001A                     209 	.ds 1
   001B                     210 _music::
   001B                     211 	.ds 1
   001C                     212 _enemyTurn::
   001C                     213 	.ds 1
   001D                     214 _ctInactivity::
   001D                     215 	.ds 2
   001F                     216 _turboMode::
   001F                     217 	.ds 1
   0020                     218 _nTip::
   0020                     219 	.ds 1
   0021                     220 _ctWizardAnim::
   0021                     221 	.ds 1
   0022                     222 _ctMainLoop::
   0022                     223 	.ds 2
   0024                     224 _ctlUp::
   0024                     225 	.ds 4
   0028                     226 _ctlDown::
   0028                     227 	.ds 4
   002C                     228 _ctlLeft::
   002C                     229 	.ds 4
   0030                     230 _ctlRight::
   0030                     231 	.ds 4
   0034                     232 _ctlAbort::
   0034                     233 	.ds 2
   0036                     234 _ctlMusic::
   0036                     235 	.ds 2
   0038                     236 _ctlPause::
   0038                     237 	.ds 2
   003A                     238 _spr::
   003A                     239 	.ds 105
   00A3                     240 _sht::
   00A3                     241 	.ds 5
   00A8                     242 _nObj::
   00A8                     243 	.ds 2
   00AA                     244 _objX::
   00AA                     245 	.ds 2
   00AC                     246 _objY::
   00AC                     247 	.ds 2
   00AE                     248 _nPObj::
   00AE                     249 	.ds 1
   00AF                     250 _enum_dir::
   00AF                     251 	.ds 1
   00B0                     252 _enum_sta::
   00B0                     253 	.ds 1
   00B1                     254 _enum_mov::
   00B1                     255 	.ds 1
   00B2                     256 _Interrupt_nInt_1_148:
   00B2                     257 	.ds 1
                            258 ;--------------------------------------------------------
                            259 ; ram data
                            260 ;--------------------------------------------------------
                            261 	.area _INITIALIZED
                            262 ;--------------------------------------------------------
                            263 ; absolute external ram data
                            264 ;--------------------------------------------------------
                            265 	.area _DABS (ABS)
                            266 ;--------------------------------------------------------
                            267 ; global & static initialisations
                            268 ;--------------------------------------------------------
                            269 	.area _HOME
                            270 	.area _GSINIT
                            271 	.area _GSFINAL
                            272 	.area _GSINIT
                            273 ;--------------------------------------------------------
                            274 ; Home
                            275 ;--------------------------------------------------------
                            276 	.area _HOME
                            277 	.area _HOME
                            278 ;--------------------------------------------------------
                            279 ; code
                            280 ;--------------------------------------------------------
                            281 	.area _CODE
                            282 ;src/main.c:345: cpctm_createTransparentMaskTable(g_maskTable, 0x100, M0, 0);
                            283 ;	---------------------------------
                            284 ; Function dummy_cpct_transparentMaskTable0M0_container
                            285 ; ---------------------------------
   0000                     286 _dummy_cpct_transparentMaskTable0M0_container::
                            287 	.area _g_maskTable_ (ABS) 
   0100                     288 	.org 0x100 
   0100                     289 	 _g_maskTable::
   0100 FF AA 55 00 AA AA   290 	.db 0xFF, 0xAA, 0x55, 0x00, 0xAA, 0xAA, 0x00, 0x00 
        00 00
   0108 55 00 55 00 00 00   291 	.db 0x55, 0x00, 0x55, 0x00, 0x00, 0x00, 0x00, 0x00 
        00 00
   0110 AA AA 00 00 AA AA   292 	.db 0xAA, 0xAA, 0x00, 0x00, 0xAA, 0xAA, 0x00, 0x00 
        00 00
   0118 00 00 00 00 00 00   293 	.db 0x00, 0x00, 0x00, 0x00, 0x00, 0x00, 0x00, 0x00 
        00 00
   0120 55 00 55 00 00 00   294 	.db 0x55, 0x00, 0x55, 0x00, 0x00, 0x00, 0x00, 0x00 
        00 00
   0128 55 00 55 00 00 00   295 	.db 0x55, 0x00, 0x55, 0x00, 0x00, 0x00, 0x00, 0x00 
        00 00
   0130 00 00 00 00 00 00   296 	.db 0x00, 0x00, 0x00, 0x00, 0x00, 0x00, 0x00, 0x00 
        00 00
   0138 00 00 00 00 00 00   297 	.db 0x00, 0x00, 0x00, 0x00, 0x00, 0x00, 0x00, 0x00 
        00 00
   0140 AA AA 00 00 AA AA   298 	.db 0xAA, 0xAA, 0x00, 0x00, 0xAA, 0xAA, 0x00, 0x00 
        00 00
   0148 00 00 00 00 00 00   299 	.db 0x00, 0x00, 0x00, 0x00, 0x00, 0x00, 0x00, 0x00 
        00 00
   0150 AA AA 00 00 AA AA   300 	.db 0xAA, 0xAA, 0x00, 0x00, 0xAA, 0xAA, 0x00, 0x00 
        00 00
   0158 00 00 00 00 00 00   301 	.db 0x00, 0x00, 0x00, 0x00, 0x00, 0x00, 0x00, 0x00 
        00 00
   0160 00 00 00 00 00 00   302 	.db 0x00, 0x00, 0x00, 0x00, 0x00, 0x00, 0x00, 0x00 
        00 00
   0168 00 00 00 00 00 00   303 	.db 0x00, 0x00, 0x00, 0x00, 0x00, 0x00, 0x00, 0x00 
        00 00
   0170 00 00 00 00 00 00   304 	.db 0x00, 0x00, 0x00, 0x00, 0x00, 0x00, 0x00, 0x00 
        00 00
   0178 00 00 00 00 00 00   305 	.db 0x00, 0x00, 0x00, 0x00, 0x00, 0x00, 0x00, 0x00 
        00 00
   0180 55 00 55 00 00 00   306 	.db 0x55, 0x00, 0x55, 0x00, 0x00, 0x00, 0x00, 0x00 
        00 00
   0188 55 00 55 00 00 00   307 	.db 0x55, 0x00, 0x55, 0x00, 0x00, 0x00, 0x00, 0x00 
        00 00
   0190 00 00 00 00 00 00   308 	.db 0x00, 0x00, 0x00, 0x00, 0x00, 0x00, 0x00, 0x00 
        00 00
   0198 00 00 00 00 00 00   309 	.db 0x00, 0x00, 0x00, 0x00, 0x00, 0x00, 0x00, 0x00 
        00 00
   01A0 55 00 55 00 00 00   310 	.db 0x55, 0x00, 0x55, 0x00, 0x00, 0x00, 0x00, 0x00 
        00 00
   01A8 55 00 55 00 00 00   311 	.db 0x55, 0x00, 0x55, 0x00, 0x00, 0x00, 0x00, 0x00 
        00 00
   01B0 00 00 00 00 00 00   312 	.db 0x00, 0x00, 0x00, 0x00, 0x00, 0x00, 0x00, 0x00 
        00 00
   01B8 00 00 00 00 00 00   313 	.db 0x00, 0x00, 0x00, 0x00, 0x00, 0x00, 0x00, 0x00 
        00 00
   01C0 00 00 00 00 00 00   314 	.db 0x00, 0x00, 0x00, 0x00, 0x00, 0x00, 0x00, 0x00 
        00 00
   01C8 00 00 00 00 00 00   315 	.db 0x00, 0x00, 0x00, 0x00, 0x00, 0x00, 0x00, 0x00 
        00 00
   01D0 00 00 00 00 00 00   316 	.db 0x00, 0x00, 0x00, 0x00, 0x00, 0x00, 0x00, 0x00 
        00 00
   01D8 00 00 00 00 00 00   317 	.db 0x00, 0x00, 0x00, 0x00, 0x00, 0x00, 0x00, 0x00 
        00 00
   01E0 00 00 00 00 00 00   318 	.db 0x00, 0x00, 0x00, 0x00, 0x00, 0x00, 0x00, 0x00 
        00 00
   01E8 00 00 00 00 00 00   319 	.db 0x00, 0x00, 0x00, 0x00, 0x00, 0x00, 0x00, 0x00 
        00 00
   01F0 00 00 00 00 00 00   320 	.db 0x00, 0x00, 0x00, 0x00, 0x00, 0x00, 0x00, 0x00 
        00 00
   01F8 00 00 00 00 00 00   321 	.db 0x00, 0x00, 0x00, 0x00, 0x00, 0x00, 0x00, 0x00 
        00 00
                            322 	.area _CSEG (REL, CON) 
                            323 ;src/main.c:382: i16 Abs(i16 number) __z88dk_fastcall {
                            324 ;	---------------------------------
                            325 ; Function Abs
                            326 ; ---------------------------------
   0000                     327 _Abs::
                            328 ;src/main.c:383: if (number < 0)
   0000 CB 7C         [ 8]  329 	bit	7, h
   0002 C8            [11]  330 	ret	Z
                            331 ;src/main.c:384: number *= -1;
   0003 AF            [ 4]  332 	xor	a, a
   0004 95            [ 4]  333 	sub	a, l
   0005 6F            [ 4]  334 	ld	l, a
   0006 3E 00         [ 7]  335 	ld	a, #0x00
   0008 9C            [ 4]  336 	sbc	a, h
   0009 67            [ 4]  337 	ld	h, a
                            338 ;src/main.c:385: return (number);
   000A C9            [10]  339 	ret
   000B                     340 _frmSorcerer1:
   000Br00r00               341 	.dw _g_sorcerer1_00
   000Dr00r00               342 	.dw _g_sorcerer1_01
   000Fr00r00               343 	.dw _g_sorcerer1_02
   0011r00r00               344 	.dw _g_sorcerer1_03
   0013r00r00               345 	.dw _g_sorcerer1_04
   0015r00r00               346 	.dw _g_sorcerer1_05
   0017r00r00               347 	.dw _g_sorcerer1_06
   0019r00r00               348 	.dw _g_sorcerer1_07
   001B                     349 _animUp_Sorcerer1:
   001Br0Br00               350 	.dw (_frmSorcerer1 + 0)
   001Dr0Dr00               351 	.dw (_frmSorcerer1 + 2)
   001F                     352 _animDown_Sorcerer1:
   001Fr0Fr00               353 	.dw (_frmSorcerer1 + 4)
   0021r11r00               354 	.dw (_frmSorcerer1 + 6)
   0023                     355 _animLeft_Sorcerer1:
   0023r13r00               356 	.dw (_frmSorcerer1 + 8)
   0025r15r00               357 	.dw (_frmSorcerer1 + 10)
   0027                     358 _animRight_Sorcerer1:
   0027r17r00               359 	.dw (_frmSorcerer1 + 12)
   0029r19r00               360 	.dw (_frmSorcerer1 + 14)
   002B                     361 _frmSorcerer2:
   002Br00r00               362 	.dw _g_sorcerer2_00
   002Dr00r00               363 	.dw _g_sorcerer2_01
   002Fr00r00               364 	.dw _g_sorcerer2_02
   0031r00r00               365 	.dw _g_sorcerer2_03
   0033r00r00               366 	.dw _g_sorcerer2_04
   0035r00r00               367 	.dw _g_sorcerer2_05
   0037r00r00               368 	.dw _g_sorcerer2_06
   0039r00r00               369 	.dw _g_sorcerer2_07
   003B                     370 _animUp_Sorcerer2:
   003Br2Br00               371 	.dw (_frmSorcerer2 + 0)
   003Dr2Dr00               372 	.dw (_frmSorcerer2 + 2)
   003F                     373 _animDown_Sorcerer2:
   003Fr2Fr00               374 	.dw (_frmSorcerer2 + 4)
   0041r31r00               375 	.dw (_frmSorcerer2 + 6)
   0043                     376 _animLeft_Sorcerer2:
   0043r33r00               377 	.dw (_frmSorcerer2 + 8)
   0045r35r00               378 	.dw (_frmSorcerer2 + 10)
   0047                     379 _animRight_Sorcerer2:
   0047r37r00               380 	.dw (_frmSorcerer2 + 12)
   0049r39r00               381 	.dw (_frmSorcerer2 + 14)
   004B                     382 _frmSentinel:
   004Br00r00               383 	.dw _g_sentinel_0
   004Dr00r00               384 	.dw _g_sentinel_1
   004Fr00r00               385 	.dw _g_sentinel_2
   0051r00r00               386 	.dw _g_sentinel_3
   0053r00r00               387 	.dw _g_sentinel_4
   0055r00r00               388 	.dw _g_sentinel_5
   0057r00r00               389 	.dw _g_sentinel_6
   0059r00r00               390 	.dw _g_sentinel_7
   005B                     391 _animUp_Sentinel:
   005Br4Br00               392 	.dw (_frmSentinel + 0)
   005Dr4Dr00               393 	.dw (_frmSentinel + 2)
   005F                     394 _animDown_Sentinel:
   005Fr4Fr00               395 	.dw (_frmSentinel + 4)
   0061r51r00               396 	.dw (_frmSentinel + 6)
   0063                     397 _animLeft_Sentinel:
   0063r53r00               398 	.dw (_frmSentinel + 8)
   0065r55r00               399 	.dw (_frmSentinel + 10)
   0067                     400 _animRight_Sentinel:
   0067r57r00               401 	.dw (_frmSentinel + 12)
   0069r59r00               402 	.dw (_frmSentinel + 14)
   006B                     403 _frmKnight:
   006Br00r00               404 	.dw _g_knight_0
   006Dr00r00               405 	.dw _g_knight_1
   006Fr00r00               406 	.dw _g_knight_2
   0071r00r00               407 	.dw _g_knight_3
   0073r00r00               408 	.dw _g_knight_4
   0075r00r00               409 	.dw _g_knight_5
   0077r00r00               410 	.dw _g_knight_6
   0079r00r00               411 	.dw _g_knight_7
   007B                     412 _animUp_Knight:
   007Br6Br00               413 	.dw (_frmKnight + 0)
   007Dr6Dr00               414 	.dw (_frmKnight + 2)
   007F                     415 _animDown_Knight:
   007Fr6Fr00               416 	.dw (_frmKnight + 4)
   0081r71r00               417 	.dw (_frmKnight + 6)
   0083                     418 _animLeft_Knight:
   0083r73r00               419 	.dw (_frmKnight + 8)
   0085r75r00               420 	.dw (_frmKnight + 10)
   0087                     421 _animRight_Knight:
   0087r77r00               422 	.dw (_frmKnight + 12)
   0089r79r00               423 	.dw (_frmKnight + 14)
   008B                     424 _frmGhost:
   008Br00r00               425 	.dw _g_ghost_0
   008Dr00r00               426 	.dw _g_ghost_1
   008Fr00r00               427 	.dw _g_ghost_2
   0091r00r00               428 	.dw _g_ghost_3
   0093r00r00               429 	.dw _g_ghost_4
   0095r00r00               430 	.dw _g_ghost_5
   0097r00r00               431 	.dw _g_ghost_6
   0099r00r00               432 	.dw _g_ghost_7
   009B                     433 _animUp_Ghost:
   009Br8Br00               434 	.dw (_frmGhost + 0)
   009Dr8Dr00               435 	.dw (_frmGhost + 2)
   009F                     436 _animDown_Ghost:
   009Fr8Fr00               437 	.dw (_frmGhost + 4)
   00A1r91r00               438 	.dw (_frmGhost + 6)
   00A3                     439 _animLeft_Ghost:
   00A3r93r00               440 	.dw (_frmGhost + 8)
   00A5r95r00               441 	.dw (_frmGhost + 10)
   00A7                     442 _animRight_Ghost:
   00A7r97r00               443 	.dw (_frmGhost + 12)
   00A9r99r00               444 	.dw (_frmGhost + 14)
   00AB                     445 _frmBat:
   00ABr00r00               446 	.dw _g_bat_0
   00ADr00r00               447 	.dw _g_bat_1
   00AF                     448 _anim_Bat:
   00AFrABr00               449 	.dw (_frmBat + 0)
   00B1rADr00               450 	.dw (_frmBat + 2)
   00B3                     451 _frmWitch:
   00B3r00r00               452 	.dw _g_witch_0
   00B5r00r00               453 	.dw _g_witch_1
   00B7r00r00               454 	.dw _g_witch_2
   00B9r00r00               455 	.dw _g_witch_3
   00BB                     456 _animLeft_Witch:
   00BBrB3r00               457 	.dw (_frmWitch + 0)
   00BDrB5r00               458 	.dw (_frmWitch + 2)
   00BF                     459 _animRight_Witch:
   00BFrB7r00               460 	.dw (_frmWitch + 4)
   00C1rB9r00               461 	.dw (_frmWitch + 6)
                            462 ;src/main.c:390: u8 Strlen(const unsigned char *str) __z88dk_fastcall {
                            463 ;	---------------------------------
                            464 ; Function Strlen
                            465 ; ---------------------------------
   00C3                     466 _Strlen::
                            467 ;src/main.c:392: for (s = str; *s; ++s);
   00C3 4D            [ 4]  468 	ld	c,l
   00C4 44            [ 4]  469 	ld	b,h
   00C5                     470 00103$:
   00C5 7E            [ 7]  471 	ld	a, (hl)
   00C6 B7            [ 4]  472 	or	a, a
   00C7 28 03         [12]  473 	jr	Z,00101$
   00C9 23            [ 6]  474 	inc	hl
   00CA 18 F9         [12]  475 	jr	00103$
   00CC                     476 00101$:
                            477 ;src/main.c:393: return (s - str);
   00CC BF            [ 4]  478 	cp	a, a
   00CD ED 42         [15]  479 	sbc	hl, bc
   00CF C9            [10]  480 	ret
                            481 ;src/main.c:398: char* Itoa(u16 value, char* result, int base) {    
                            482 ;	---------------------------------
                            483 ; Function Itoa
                            484 ; ---------------------------------
   00D0                     485 _Itoa::
   00D0 DD E5         [15]  486 	push	ix
   00D2 DD 21 00 00   [14]  487 	ld	ix,#0
   00D6 DD 39         [15]  488 	add	ix,sp
   00D8 21 F9 FF      [10]  489 	ld	hl, #-7
   00DB 39            [11]  490 	add	hl, sp
   00DC F9            [ 6]  491 	ld	sp, hl
                            492 ;src/main.c:400: char* ptr = result, *ptr1 = result, tmp_char;
   00DD DD 5E 06      [19]  493 	ld	e,6 (ix)
   00E0 DD 56 07      [19]  494 	ld	d,7 (ix)
   00E3 DD 73 FC      [19]  495 	ld	-4 (ix), e
   00E6 DD 72 FD      [19]  496 	ld	-3 (ix), d
                            497 ;src/main.c:402: if (base < 2 || base > 36) { 
   00E9 DD 7E 08      [19]  498 	ld	a, 8 (ix)
   00EC D6 02         [ 7]  499 	sub	a, #0x02
   00EE DD 7E 09      [19]  500 	ld	a, 9 (ix)
   00F1 17            [ 4]  501 	rla
   00F2 3F            [ 4]  502 	ccf
   00F3 1F            [ 4]  503 	rra
   00F4 DE 80         [ 7]  504 	sbc	a, #0x80
   00F6 38 12         [12]  505 	jr	C,00101$
   00F8 3E 24         [ 7]  506 	ld	a, #0x24
   00FA DD BE 08      [19]  507 	cp	a, 8 (ix)
   00FD 3E 00         [ 7]  508 	ld	a, #0x00
   00FF DD 9E 09      [19]  509 	sbc	a, 9 (ix)
   0102 E2r07r01      [10]  510 	jp	PO, 00140$
   0105 EE 80         [ 7]  511 	xor	a, #0x80
   0107                     512 00140$:
   0107 F2r10r01      [10]  513 	jp	P, 00115$
   010A                     514 00101$:
                            515 ;src/main.c:403: *result = '\0'; 
   010A AF            [ 4]  516 	xor	a, a
   010B 12            [ 7]  517 	ld	(de), a
                            518 ;src/main.c:404: return result; 
   010C EB            [ 4]  519 	ex	de,hl
   010D C3rB1r01      [10]  520 	jp	00112$
                            521 ;src/main.c:407: do {
   0110                     522 00115$:
   0110 DD 73 FE      [19]  523 	ld	-2 (ix), e
   0113 DD 72 FF      [19]  524 	ld	-1 (ix), d
   0116                     525 00104$:
                            526 ;src/main.c:408: tmp_value = value;
   0116 DD 7E 04      [19]  527 	ld	a, 4 (ix)
   0119 DD 77 F9      [19]  528 	ld	-7 (ix), a
   011C DD 7E 05      [19]  529 	ld	a, 5 (ix)
   011F DD 77 FA      [19]  530 	ld	-6 (ix), a
                            531 ;src/main.c:409: value /= base;
   0122 DD 4E 08      [19]  532 	ld	c,8 (ix)
   0125 DD 46 09      [19]  533 	ld	b,9 (ix)
   0128 C5            [11]  534 	push	bc
   0129 DD 6E 04      [19]  535 	ld	l,4 (ix)
   012C DD 66 05      [19]  536 	ld	h,5 (ix)
   012F E5            [11]  537 	push	hl
   0130 CDr00r00      [17]  538 	call	__divuint
   0133 F1            [10]  539 	pop	af
   0134 F1            [10]  540 	pop	af
   0135 DD 75 04      [19]  541 	ld	4 (ix), l
   0138 DD 74 05      [19]  542 	ld	5 (ix), h
                            543 ;src/main.c:410: *ptr++ = "zyxwvutsrqponmlkjihgfedcba9876543210123456789abcdefghijklmnopqrstuvwxyz" [35 + (tmp_value - value * base)];
   013B DD 4E F9      [19]  544 	ld	c, -7 (ix)
   013E DD 5E 04      [19]  545 	ld	e, 4 (ix)
   0141 DD 66 08      [19]  546 	ld	h, 8 (ix)
   0144 2E 00         [ 7]  547 	ld	l, #0x00
   0146 55            [ 4]  548 	ld	d, l
   0147 06 08         [ 7]  549 	ld	b, #0x08
   0149                     550 00141$:
   0149 29            [11]  551 	add	hl, hl
   014A 30 01         [12]  552 	jr	NC,00142$
   014C 19            [11]  553 	add	hl, de
   014D                     554 00142$:
   014D 10 FA         [13]  555 	djnz	00141$
   014F 79            [ 4]  556 	ld	a, c
   0150 95            [ 4]  557 	sub	a, l
   0151 C6 23         [ 7]  558 	add	a, #0x23
   0153 4F            [ 4]  559 	ld	c, a
   0154 17            [ 4]  560 	rla
   0155 9F            [ 4]  561 	sbc	a, a
   0156 47            [ 4]  562 	ld	b, a
   0157 21rB6r01      [10]  563 	ld	hl, #___str_0
   015A 09            [11]  564 	add	hl, bc
   015B 4E            [ 7]  565 	ld	c, (hl)
   015C DD 6E FE      [19]  566 	ld	l,-2 (ix)
   015F DD 66 FF      [19]  567 	ld	h,-1 (ix)
   0162 71            [ 7]  568 	ld	(hl), c
   0163 DD 34 FE      [23]  569 	inc	-2 (ix)
   0166 20 03         [12]  570 	jr	NZ,00143$
   0168 DD 34 FF      [23]  571 	inc	-1 (ix)
   016B                     572 00143$:
                            573 ;src/main.c:411: } while (value);
   016B DD 7E 05      [19]  574 	ld	a, 5 (ix)
   016E DD B6 04      [19]  575 	or	a,4 (ix)
   0171 20 A3         [12]  576 	jr	NZ,00104$
                            577 ;src/main.c:413: if (tmp_value < 0) 
   0173 DD 4E FE      [19]  578 	ld	c,-2 (ix)
   0176 DD 46 FF      [19]  579 	ld	b,-1 (ix)
   0179 DD CB FA 7E   [20]  580 	bit	7, -6 (ix)
   017D 28 0F         [12]  581 	jr	Z,00108$
                            582 ;src/main.c:414: *ptr++ = '-';
   017F DD 6E FE      [19]  583 	ld	l,-2 (ix)
   0182 DD 66 FF      [19]  584 	ld	h,-1 (ix)
   0185 36 2D         [10]  585 	ld	(hl), #0x2d
   0187 DD 4E FE      [19]  586 	ld	c,-2 (ix)
   018A DD 46 FF      [19]  587 	ld	b,-1 (ix)
   018D 03            [ 6]  588 	inc	bc
   018E                     589 00108$:
                            590 ;src/main.c:415: *ptr-- = '\0';
   018E AF            [ 4]  591 	xor	a, a
   018F 02            [ 7]  592 	ld	(bc), a
   0190 0B            [ 6]  593 	dec	bc
                            594 ;src/main.c:417: while(ptr1 < ptr) {
   0191 DD 5E FC      [19]  595 	ld	e,-4 (ix)
   0194 DD 56 FD      [19]  596 	ld	d,-3 (ix)
   0197                     597 00109$:
   0197 7B            [ 4]  598 	ld	a, e
   0198 91            [ 4]  599 	sub	a, c
   0199 7A            [ 4]  600 	ld	a, d
   019A 98            [ 4]  601 	sbc	a, b
   019B 30 0E         [12]  602 	jr	NC,00111$
                            603 ;src/main.c:418: tmp_char = *ptr;
   019D 0A            [ 7]  604 	ld	a, (bc)
   019E DD 77 FB      [19]  605 	ld	-5 (ix), a
                            606 ;src/main.c:419: *ptr--= *ptr1;
   01A1 1A            [ 7]  607 	ld	a, (de)
   01A2 02            [ 7]  608 	ld	(bc), a
   01A3 0B            [ 6]  609 	dec	bc
                            610 ;src/main.c:420: *ptr1++ = tmp_char;
   01A4 DD 7E FB      [19]  611 	ld	a, -5 (ix)
   01A7 12            [ 7]  612 	ld	(de), a
   01A8 13            [ 6]  613 	inc	de
   01A9 18 EC         [12]  614 	jr	00109$
   01AB                     615 00111$:
                            616 ;src/main.c:423: return result;
   01AB DD 6E 06      [19]  617 	ld	l,6 (ix)
   01AE DD 66 07      [19]  618 	ld	h,7 (ix)
   01B1                     619 00112$:
   01B1 DD F9         [10]  620 	ld	sp, ix
   01B3 DD E1         [14]  621 	pop	ix
   01B5 C9            [10]  622 	ret
   01B6                     623 ___str_0:
   01B6 7A 79 78 77 76 75   624 	.ascii "zyxwvutsrqponmlkjihgfedcba9876543210123456789abcdefghijklmno"
        74 73 72 71 70 6F
        6E 6D 6C 6B 6A 69
        68 67 66 65 64 63
        62 61 39 38 37 36
        35 34 33 32 31 30
        31 32 33 34 35 36
        37 38 39 61 62 63
        64 65 66 67 68 69
        6A 6B 6C 6D 6E 6F
   01F2 70 71 72 73 74 75   625 	.ascii "pqrstuvwxyz"
        76 77 78 79 7A
   01FD 00                  626 	.db 0x00
                            627 ;src/main.c:428: void Pause(u16 value) __z88dk_fastcall {
                            628 ;	---------------------------------
                            629 ; Function Pause
                            630 ; ---------------------------------
   01FE                     631 _Pause::
                            632 ;src/main.c:430: for(i=0; i < value; i++) {
   01FE 01 00 00      [10]  633 	ld	bc, #0x0000
   0201                     634 00103$:
   0201 79            [ 4]  635 	ld	a, c
   0202 95            [ 4]  636 	sub	a, l
   0203 78            [ 4]  637 	ld	a, b
   0204 9C            [ 4]  638 	sbc	a, h
   0205 D0            [11]  639 	ret	NC
                            640 ;src/main.c:433: __endasm;
   0206 76            [ 4]  641 	halt
                            642 ;src/main.c:430: for(i=0; i < value; i++) {
   0207 03            [ 6]  643 	inc	bc
   0208 18 F7         [12]  644 	jr	00103$
                            645 ;src/main.c:439: void PlayMusic() {
                            646 ;	---------------------------------
                            647 ; Function PlayMusic
                            648 ; ---------------------------------
   020A                     649 _PlayMusic::
                            650 ;src/main.c:454: __endasm;
   020A D9            [ 4]  651 	exx
   020B 08                  652 	.db	#0x08
   020C F5            [11]  653 	push	af
   020D C5            [11]  654 	push	bc
   020E D5            [11]  655 	push	de
   020F E5            [11]  656 	push	hl
   0210 CDr00r00      [17]  657 	call	_cpct_akp_musicPlay
   0213 E1            [10]  658 	pop	hl
   0214 D1            [10]  659 	pop	de
   0215 C1            [10]  660 	pop	bc
   0216 F1            [10]  661 	pop	af
   0217 08                  662 	.db	#0x08
   0218 D9            [ 4]  663 	exx
   0219 C9            [10]  664 	ret
                            665 ;src/main.c:459: void Interrupt() {
                            666 ;	---------------------------------
                            667 ; Function Interrupt
                            668 ; ---------------------------------
   021A                     669 _Interrupt::
                            670 ;src/main.c:462: if (++nInt == 6) {
   021A FD 21rB2r00   [14]  671 	ld	iy, #_Interrupt_nInt_1_148
   021E FD 34 00      [23]  672 	inc	0 (iy)
   0221 FD 7E 00      [19]  673 	ld	a, 0 (iy)
   0224 D6 06         [ 7]  674 	sub	a, #0x06
   0226 C0            [11]  675 	ret	NZ
                            676 ;src/main.c:463: PlayMusic();
   0227 CDr0Ar02      [17]  677 	call	_PlayMusic
                            678 ;src/main.c:464: cpct_scanKeyboard_if();
   022A CDr00r00      [17]  679 	call	_cpct_scanKeyboard_if
                            680 ;src/main.c:465: nInt = 0;
   022D 21rB2r00      [10]  681 	ld	hl,#_Interrupt_nInt_1_148 + 0
   0230 36 00         [10]  682 	ld	(hl), #0x00
   0232 C9            [10]  683 	ret
                            684 ;src/main.c:483: void ClearScreen() {
                            685 ;	---------------------------------
                            686 ; Function ClearScreen
                            687 ; ---------------------------------
   0233                     688 _ClearScreen::
                            689 ;src/main.c:484: cpct_memset(CPCT_VMEM_START, cpct_px2byteM0(BG_COLOR, BG_COLOR), 16384);
   0233 21 01 01      [10]  690 	ld	hl, #0x0101
   0236 E5            [11]  691 	push	hl
   0237 CDr00r00      [17]  692 	call	_cpct_px2byteM0
   023A 45            [ 4]  693 	ld	b, l
   023B 21 00 40      [10]  694 	ld	hl, #0x4000
   023E E5            [11]  695 	push	hl
   023F C5            [11]  696 	push	bc
   0240 33            [ 6]  697 	inc	sp
   0241 26 C0         [ 7]  698 	ld	h, #0xc0
   0243 E5            [11]  699 	push	hl
   0244 CDr00r00      [17]  700 	call	_cpct_memset
   0247 C9            [10]  701 	ret
                            702 ;src/main.c:489: u8* GetTileNum(u8 x, u8 y) {
                            703 ;	---------------------------------
                            704 ; Function GetTileNum
                            705 ; ---------------------------------
   0248                     706 _GetTileNum::
   0248 DD E5         [15]  707 	push	ix
   024A DD 21 00 00   [14]  708 	ld	ix,#0
   024E DD 39         [15]  709 	add	ix,sp
                            710 ;src/main.c:490: return UNPACKED_MAP_INI + (y - ORIG_MAP_Y) / 4 * MAP_W + x / 2;	
   0250 DD 4E 05      [19]  711 	ld	c, 5 (ix)
   0253 06 00         [ 7]  712 	ld	b, #0x00
   0255 79            [ 4]  713 	ld	a, c
   0256 C6 E0         [ 7]  714 	add	a, #0xe0
   0258 5F            [ 4]  715 	ld	e, a
   0259 78            [ 4]  716 	ld	a, b
   025A CE FF         [ 7]  717 	adc	a, #0xff
   025C 57            [ 4]  718 	ld	d, a
   025D 6B            [ 4]  719 	ld	l, e
   025E 62            [ 4]  720 	ld	h, d
   025F CB 7A         [ 8]  721 	bit	7, d
   0261 28 04         [12]  722 	jr	Z,00103$
   0263 21 E3 FF      [10]  723 	ld	hl, #0xffe3
   0266 09            [11]  724 	add	hl, bc
   0267                     725 00103$:
   0267 CB 2C         [ 8]  726 	sra	h
   0269 CB 1D         [ 8]  727 	rr	l
   026B CB 2C         [ 8]  728 	sra	h
   026D CB 1D         [ 8]  729 	rr	l
   026F 4D            [ 4]  730 	ld	c, l
   0270 44            [ 4]  731 	ld	b, h
   0271 29            [11]  732 	add	hl, hl
   0272 29            [11]  733 	add	hl, hl
   0273 09            [11]  734 	add	hl, bc
   0274 29            [11]  735 	add	hl, hl
   0275 29            [11]  736 	add	hl, hl
   0276 29            [11]  737 	add	hl, hl
   0277 01 71 0F      [10]  738 	ld	bc, #0x0f71
   027A 09            [11]  739 	add	hl, bc
   027B DD 4E 04      [19]  740 	ld	c, 4 (ix)
   027E CB 39         [ 8]  741 	srl	c
   0280 59            [ 4]  742 	ld	e,c
   0281 16 00         [ 7]  743 	ld	d,#0x00
   0283 19            [11]  744 	add	hl, de
   0284 DD E1         [14]  745 	pop	ix
   0286 C9            [10]  746 	ret
                            747 ;src/main.c:495: u8 OnBackground(u8 x, u8 y) {
                            748 ;	---------------------------------
                            749 ; Function OnBackground
                            750 ; ---------------------------------
   0287                     751 _OnBackground::
                            752 ;src/main.c:496: if (*GetTileNum(x+3, y+8) >= TILESET_BLOCKERS) 
   0287 21 03 00      [10]  753 	ld	hl, #3+0
   028A 39            [11]  754 	add	hl, sp
   028B 7E            [ 7]  755 	ld	a, (hl)
   028C C6 08         [ 7]  756 	add	a, #0x08
   028E 47            [ 4]  757 	ld	b, a
   028F 21 02 00      [10]  758 	ld	hl, #2+0
   0292 39            [11]  759 	add	hl, sp
   0293 56            [ 7]  760 	ld	d, (hl)
   0294 14            [ 4]  761 	inc	d
   0295 14            [ 4]  762 	inc	d
   0296 14            [ 4]  763 	inc	d
   0297 4A            [ 4]  764 	ld	c, d
   0298 C5            [11]  765 	push	bc
   0299 CDr48r02      [17]  766 	call	_GetTileNum
   029C F1            [10]  767 	pop	af
   029D 7E            [ 7]  768 	ld	a, (hl)
   029E D6 2D         [ 7]  769 	sub	a, #0x2d
   02A0 38 03         [12]  770 	jr	C,00102$
                            771 ;src/main.c:497: return FALSE;
   02A2 2E 00         [ 7]  772 	ld	l, #0x00
   02A4 C9            [10]  773 	ret
   02A5                     774 00102$:
                            775 ;src/main.c:498: return TRUE;
   02A5 2E 01         [ 7]  776 	ld	l, #0x01
   02A7 C9            [10]  777 	ret
                            778 ;src/main.c:503: void PrintMap() {
                            779 ;	---------------------------------
                            780 ; Function PrintMap
                            781 ; ---------------------------------
   02A8                     782 _PrintMap::
                            783 ;src/main.c:504: cpct_etm_drawTilemap2x4(MAP_W, MAP_H, 
   02A8 21 71 0F      [10]  784 	ld	hl, #0x0f71
   02AB E5            [11]  785 	push	hl
   02AC 21 40 C1      [10]  786 	ld	hl, #0xc140
   02AF E5            [11]  787 	push	hl
   02B0 21 2A 28      [10]  788 	ld	hl, #0x282a
   02B3 E5            [11]  789 	push	hl
   02B4 2E 00         [ 7]  790 	ld	l, #0x00
   02B6 E5            [11]  791 	push	hl
   02B7 AF            [ 4]  792 	xor	a, a
   02B8 F5            [11]  793 	push	af
   02B9 33            [ 6]  794 	inc	sp
   02BA CDr00r00      [17]  795 	call	_cpct_etm_drawTileBox2x4
   02BD C9            [10]  796 	ret
                            797 ;src/main.c:511: void PrintNumber(u16 num, u8 len, u8 x, u8 y, u8 prevDel) { 
                            798 ;	---------------------------------
                            799 ; Function PrintNumber
                            800 ; ---------------------------------
   02BE                     801 _PrintNumber::
   02BE DD E5         [15]  802 	push	ix
   02C0 DD 21 00 00   [14]  803 	ld	ix,#0
   02C4 DD 39         [15]  804 	add	ix,sp
   02C6 21 F5 FF      [10]  805 	ld	hl, #-11
   02C9 39            [11]  806 	add	hl, sp
   02CA F9            [ 6]  807 	ld	sp, hl
                            808 ;src/main.c:517: Itoa(num, txt, 10);    
   02CB 21 03 00      [10]  809 	ld	hl, #0x0003
   02CE 39            [11]  810 	add	hl, sp
   02CF 4D            [ 4]  811 	ld	c, l
   02D0 44            [ 4]  812 	ld	b, h
   02D1 59            [ 4]  813 	ld	e, c
   02D2 50            [ 4]  814 	ld	d, b
   02D3 C5            [11]  815 	push	bc
   02D4 21 0A 00      [10]  816 	ld	hl, #0x000a
   02D7 E5            [11]  817 	push	hl
   02D8 D5            [11]  818 	push	de
   02D9 DD 6E 04      [19]  819 	ld	l,4 (ix)
   02DC DD 66 05      [19]  820 	ld	h,5 (ix)
   02DF E5            [11]  821 	push	hl
   02E0 CDrD0r00      [17]  822 	call	_Itoa
   02E3 21 06 00      [10]  823 	ld	hl, #6
   02E6 39            [11]  824 	add	hl, sp
   02E7 F9            [ 6]  825 	ld	sp, hl
   02E8 C1            [10]  826 	pop	bc
                            827 ;src/main.c:518: zeros = len - Strlen(txt);
   02E9 69            [ 4]  828 	ld	l, c
   02EA 60            [ 4]  829 	ld	h, b
   02EB C5            [11]  830 	push	bc
   02EC CDrC3r00      [17]  831 	call	_Strlen
   02EF C1            [10]  832 	pop	bc
   02F0 DD 7E 06      [19]  833 	ld	a, 6 (ix)
   02F3 95            [ 4]  834 	sub	a, l
   02F4 DD 77 F7      [19]  835 	ld	-9 (ix), a
                            836 ;src/main.c:519: nAux = txt[pos];
   02F7 0A            [ 7]  837 	ld	a, (bc)
   02F8 DD 77 F5      [19]  838 	ld	-11 (ix), a
                            839 ;src/main.c:521: while(nAux != '\0')	{	
   02FB DD 36 F6 00   [19]  840 	ld	-10 (ix), #0x00
   02FF                     841 00103$:
   02FF DD 7E F5      [19]  842 	ld	a, -11 (ix)
   0302 B7            [ 4]  843 	or	a, a
   0303 CAr88r03      [10]  844 	jp	Z, 00106$
                            845 ;src/main.c:522: u8* ptr = cpct_getScreenPtr(CPCT_VMEM_START, (zeros + pos) * FNT_W + x, y);
   0306 DD 7E F7      [19]  846 	ld	a, -9 (ix)
   0309 DD 86 F6      [19]  847 	add	a, -10 (ix)
   030C 5F            [ 4]  848 	ld	e, a
   030D 87            [ 4]  849 	add	a, a
   030E 83            [ 4]  850 	add	a, e
   030F 5F            [ 4]  851 	ld	e,a
   0310 DD 86 07      [19]  852 	add	a, 7 (ix)
   0313 57            [ 4]  853 	ld	d, a
   0314 C5            [11]  854 	push	bc
   0315 DD 7E 08      [19]  855 	ld	a, 8 (ix)
   0318 F5            [11]  856 	push	af
   0319 33            [ 6]  857 	inc	sp
   031A D5            [11]  858 	push	de
   031B 33            [ 6]  859 	inc	sp
   031C 21 00 C0      [10]  860 	ld	hl, #0xc000
   031F E5            [11]  861 	push	hl
   0320 CDr00r00      [17]  862 	call	_cpct_getScreenPtr
   0323 C1            [10]  863 	pop	bc
                            864 ;src/main.c:524: cpct_drawSolidBox(ptr, cpct_px2byteM0(BG_COLOR, BG_COLOR), FNT_W, FNT_H); // previous deletion
   0324 DD 75 FE      [19]  865 	ld	-2 (ix), l
   0327 DD 74 FF      [19]  866 	ld	-1 (ix), h
                            867 ;src/main.c:523: if (prevDel) 
   032A DD 7E 09      [19]  868 	ld	a, 9 (ix)
   032D B7            [ 4]  869 	or	a, a
   032E 28 1C         [12]  870 	jr	Z,00102$
                            871 ;src/main.c:524: cpct_drawSolidBox(ptr, cpct_px2byteM0(BG_COLOR, BG_COLOR), FNT_W, FNT_H); // previous deletion
   0330 C5            [11]  872 	push	bc
   0331 21 01 01      [10]  873 	ld	hl, #0x0101
   0334 E5            [11]  874 	push	hl
   0335 CDr00r00      [17]  875 	call	_cpct_px2byteM0
   0338 C1            [10]  876 	pop	bc
   0339 26 00         [ 7]  877 	ld	h, #0x00
   033B C5            [11]  878 	push	bc
   033C 11 03 08      [10]  879 	ld	de, #0x0803
   033F D5            [11]  880 	push	de
   0340 E5            [11]  881 	push	hl
   0341 DD 6E FE      [19]  882 	ld	l,-2 (ix)
   0344 DD 66 FF      [19]  883 	ld	h,-1 (ix)
   0347 E5            [11]  884 	push	hl
   0348 CDr00r00      [17]  885 	call	_cpct_drawSolidBox
   034B C1            [10]  886 	pop	bc
   034C                     887 00102$:
                            888 ;src/main.c:525: cpct_drawSpriteMaskedAlignedTable(g_font[nAux - 48], ptr, FNT_W, FNT_H, g_maskTable);
   034C DD 7E F5      [19]  889 	ld	a, -11 (ix)
   034F 16 00         [ 7]  890 	ld	d, #0x00
   0351 C6 D0         [ 7]  891 	add	a, #0xd0
   0353 5F            [ 4]  892 	ld	e, a
   0354 7A            [ 4]  893 	ld	a, d
   0355 CE FF         [ 7]  894 	adc	a, #0xff
   0357 57            [ 4]  895 	ld	d, a
   0358 6B            [ 4]  896 	ld	l, e
   0359 62            [ 4]  897 	ld	h, d
   035A 29            [11]  898 	add	hl, hl
   035B 19            [11]  899 	add	hl, de
   035C 29            [11]  900 	add	hl, hl
   035D 29            [11]  901 	add	hl, hl
   035E 29            [11]  902 	add	hl, hl
   035F 11r00r00      [10]  903 	ld	de, #_g_font
   0362 19            [11]  904 	add	hl, de
   0363 C5            [11]  905 	push	bc
   0364 11r00r01      [10]  906 	ld	de, #_g_maskTable
   0367 D5            [11]  907 	push	de
   0368 11 03 08      [10]  908 	ld	de, #0x0803
   036B D5            [11]  909 	push	de
   036C DD 5E FE      [19]  910 	ld	e,-2 (ix)
   036F DD 56 FF      [19]  911 	ld	d,-1 (ix)
   0372 D5            [11]  912 	push	de
   0373 E5            [11]  913 	push	hl
   0374 CDr00r00      [17]  914 	call	_cpct_drawSpriteMaskedAlignedTable
   0377 C1            [10]  915 	pop	bc
                            916 ;src/main.c:526: nAux = txt[++pos];
   0378 DD 34 F6      [23]  917 	inc	-10 (ix)
   037B DD 6E F6      [19]  918 	ld	l,-10 (ix)
   037E 26 00         [ 7]  919 	ld	h,#0x00
   0380 09            [11]  920 	add	hl, bc
   0381 7E            [ 7]  921 	ld	a, (hl)
   0382 DD 77 F5      [19]  922 	ld	-11 (ix), a
   0385 C3rFFr02      [10]  923 	jp	00103$
   0388                     924 00106$:
   0388 DD F9         [10]  925 	ld	sp, ix
   038A DD E1         [14]  926 	pop	ix
   038C C9            [10]  927 	ret
                            928 ;src/main.c:532: void PrintText(u8 txt[], u8 x, u8 y, u8 prevDel) {
                            929 ;	---------------------------------
                            930 ; Function PrintText
                            931 ; ---------------------------------
   038D                     932 _PrintText::
   038D DD E5         [15]  933 	push	ix
   038F DD 21 00 00   [14]  934 	ld	ix,#0
   0393 DD 39         [15]  935 	add	ix,sp
   0395 F5            [11]  936 	push	af
   0396 F5            [11]  937 	push	af
                            938 ;src/main.c:534: u8 car = txt[pos];
   0397 DD 4E 04      [19]  939 	ld	c,4 (ix)
   039A DD 46 05      [19]  940 	ld	b,5 (ix)
   039D 0A            [ 7]  941 	ld	a, (bc)
   039E DD 77 FC      [19]  942 	ld	-4 (ix), a
                            943 ;src/main.c:536: while(car != '\0') { // "@" = blank    ";" = -   ">" = !!   "[" = ,
   03A1 DD 36 FD 00   [19]  944 	ld	-3 (ix), #0x00
   03A5                     945 00103$:
   03A5 DD 7E FC      [19]  946 	ld	a, -4 (ix)
   03A8 B7            [ 4]  947 	or	a, a
   03A9 CAr2Br04      [10]  948 	jp	Z, 00106$
                            949 ;src/main.c:537: u8* ptr = cpct_getScreenPtr(CPCT_VMEM_START, (pos * FNT_W) + x, y);
   03AC DD 6E FD      [19]  950 	ld	l, -3 (ix)
   03AF 5D            [ 4]  951 	ld	e, l
   03B0 29            [11]  952 	add	hl, hl
   03B1 19            [11]  953 	add	hl, de
   03B2 7D            [ 4]  954 	ld	a, l
   03B3 DD 86 06      [19]  955 	add	a, 6 (ix)
   03B6 57            [ 4]  956 	ld	d, a
   03B7 C5            [11]  957 	push	bc
   03B8 DD 7E 07      [19]  958 	ld	a, 7 (ix)
   03BB F5            [11]  959 	push	af
   03BC 33            [ 6]  960 	inc	sp
   03BD D5            [11]  961 	push	de
   03BE 33            [ 6]  962 	inc	sp
   03BF 21 00 C0      [10]  963 	ld	hl, #0xc000
   03C2 E5            [11]  964 	push	hl
   03C3 CDr00r00      [17]  965 	call	_cpct_getScreenPtr
   03C6 C1            [10]  966 	pop	bc
                            967 ;src/main.c:539: cpct_drawSolidBox(ptr, cpct_px2byteM0(BG_COLOR, BG_COLOR), FNT_W, FNT_H); // previous deletion
   03C7 DD 75 FE      [19]  968 	ld	-2 (ix), l
   03CA DD 74 FF      [19]  969 	ld	-1 (ix), h
                            970 ;src/main.c:538: if (prevDel) 
   03CD DD 7E 08      [19]  971 	ld	a, 8 (ix)
   03D0 B7            [ 4]  972 	or	a, a
   03D1 28 1C         [12]  973 	jr	Z,00102$
                            974 ;src/main.c:539: cpct_drawSolidBox(ptr, cpct_px2byteM0(BG_COLOR, BG_COLOR), FNT_W, FNT_H); // previous deletion
   03D3 C5            [11]  975 	push	bc
   03D4 21 01 01      [10]  976 	ld	hl, #0x0101
   03D7 E5            [11]  977 	push	hl
   03D8 CDr00r00      [17]  978 	call	_cpct_px2byteM0
   03DB C1            [10]  979 	pop	bc
   03DC 26 00         [ 7]  980 	ld	h, #0x00
   03DE C5            [11]  981 	push	bc
   03DF 11 03 08      [10]  982 	ld	de, #0x0803
   03E2 D5            [11]  983 	push	de
   03E3 E5            [11]  984 	push	hl
   03E4 DD 6E FE      [19]  985 	ld	l,-2 (ix)
   03E7 DD 66 FF      [19]  986 	ld	h,-1 (ix)
   03EA E5            [11]  987 	push	hl
   03EB CDr00r00      [17]  988 	call	_cpct_drawSolidBox
   03EE C1            [10]  989 	pop	bc
   03EF                     990 00102$:
                            991 ;src/main.c:540: cpct_drawSpriteMaskedAlignedTable(g_font[car - 48], ptr, FNT_W, FNT_H, g_maskTable);
   03EF DD 7E FC      [19]  992 	ld	a, -4 (ix)
   03F2 16 00         [ 7]  993 	ld	d, #0x00
   03F4 C6 D0         [ 7]  994 	add	a, #0xd0
   03F6 5F            [ 4]  995 	ld	e, a
   03F7 7A            [ 4]  996 	ld	a, d
   03F8 CE FF         [ 7]  997 	adc	a, #0xff
   03FA 57            [ 4]  998 	ld	d, a
   03FB 6B            [ 4]  999 	ld	l, e
   03FC 62            [ 4] 1000 	ld	h, d
   03FD 29            [11] 1001 	add	hl, hl
   03FE 19            [11] 1002 	add	hl, de
   03FF 29            [11] 1003 	add	hl, hl
   0400 29            [11] 1004 	add	hl, hl
   0401 29            [11] 1005 	add	hl, hl
   0402 11r00r00      [10] 1006 	ld	de, #_g_font
   0405 19            [11] 1007 	add	hl, de
   0406 C5            [11] 1008 	push	bc
   0407 11r00r01      [10] 1009 	ld	de, #_g_maskTable
   040A D5            [11] 1010 	push	de
   040B 11 03 08      [10] 1011 	ld	de, #0x0803
   040E D5            [11] 1012 	push	de
   040F DD 5E FE      [19] 1013 	ld	e,-2 (ix)
   0412 DD 56 FF      [19] 1014 	ld	d,-1 (ix)
   0415 D5            [11] 1015 	push	de
   0416 E5            [11] 1016 	push	hl
   0417 CDr00r00      [17] 1017 	call	_cpct_drawSpriteMaskedAlignedTable
   041A C1            [10] 1018 	pop	bc
                           1019 ;src/main.c:541: car = txt[++pos];
   041B DD 34 FD      [23] 1020 	inc	-3 (ix)
   041E DD 6E FD      [19] 1021 	ld	l,-3 (ix)
   0421 26 00         [ 7] 1022 	ld	h,#0x00
   0423 09            [11] 1023 	add	hl, bc
   0424 7E            [ 7] 1024 	ld	a, (hl)
   0425 DD 77 FC      [19] 1025 	ld	-4 (ix), a
   0428 C3rA5r03      [10] 1026 	jp	00103$
   042B                    1027 00106$:
   042B DD F9         [10] 1028 	ld	sp, ix
   042D DD E1         [14] 1029 	pop	ix
   042F C9            [10] 1030 	ret
                           1031 ;src/main.c:547: void PrintFrame(u8 xIni, u8 yIni, u8 xEnd, u8 yEnd) {
                           1032 ;	---------------------------------
                           1033 ; Function PrintFrame
                           1034 ; ---------------------------------
   0430                    1035 _PrintFrame::
   0430 DD E5         [15] 1036 	push	ix
   0432 DD 21 00 00   [14] 1037 	ld	ix,#0
   0436 DD 39         [15] 1038 	add	ix,sp
   0438 21 F4 FF      [10] 1039 	ld	hl, #-12
   043B 39            [11] 1040 	add	hl, sp
   043C F9            [ 6] 1041 	ld	sp, hl
                           1042 ;src/main.c:548: int i = xIni+3;	
   043D DD 4E 04      [19] 1043 	ld	c, 4 (ix)
   0440 06 00         [ 7] 1044 	ld	b, #0x00
   0442 03            [ 6] 1045 	inc	bc
   0443 03            [ 6] 1046 	inc	bc
   0444 03            [ 6] 1047 	inc	bc
   0445 DD 71 F8      [19] 1048 	ld	-8 (ix), c
   0448 DD 70 F9      [19] 1049 	ld	-7 (ix), b
                           1050 ;src/main.c:550: while (i < xEnd) {		
   044B DD 7E 05      [19] 1051 	ld	a, 5 (ix)
   044E 0F            [ 4] 1052 	rrca
   044F 0F            [ 4] 1053 	rrca
   0450 0F            [ 4] 1054 	rrca
   0451 E6 1F         [ 7] 1055 	and	a, #0x1f
   0453 DD 77 FF      [19] 1056 	ld	-1 (ix), a
   0456 DD 7E 05      [19] 1057 	ld	a, 5 (ix)
   0459 E6 07         [ 7] 1058 	and	a, #0x07
   045B DD 77 FE      [19] 1059 	ld	-2 (ix), a
   045E DD 7E 07      [19] 1060 	ld	a, 7 (ix)
   0461 0F            [ 4] 1061 	rrca
   0462 0F            [ 4] 1062 	rrca
   0463 0F            [ 4] 1063 	rrca
   0464 E6 1F         [ 7] 1064 	and	a, #0x1f
   0466 DD 77 FD      [19] 1065 	ld	-3 (ix), a
   0469 DD 7E 07      [19] 1066 	ld	a, 7 (ix)
   046C E6 07         [ 7] 1067 	and	a, #0x07
   046E DD 77 FC      [19] 1068 	ld	-4 (ix), a
   0471                    1069 00101$:
   0471 DD 7E 06      [19] 1070 	ld	a, 6 (ix)
   0474 DD 77 FA      [19] 1071 	ld	-6 (ix), a
   0477 DD 36 FB 00   [19] 1072 	ld	-5 (ix), #0x00
                           1073 ;src/main.c:551: cpct_drawSpriteMaskedAlignedTable(g_goldframe_2, cpctm_screenPtr(CPCT_VMEM_START, i, yIni), 3, 6, g_maskTable);	
   047B DD 6E FF      [19] 1074 	ld	l, -1 (ix)
   047E 26 00         [ 7] 1075 	ld	h, #0x00
   0480 DD 5E FE      [19] 1076 	ld	e, -2 (ix)
   0483 16 00         [ 7] 1077 	ld	d, #0x00
                           1078 ;src/main.c:552: cpct_drawSpriteMaskedAlignedTable(g_goldframe_2, cpctm_screenPtr(CPCT_VMEM_START, i, yEnd), 3, 6, g_maskTable);	
   0485 DD 4E FD      [19] 1079 	ld	c, -3 (ix)
   0488 06 00         [ 7] 1080 	ld	b, #0x00
   048A DD 7E FC      [19] 1081 	ld	a, -4 (ix)
   048D DD 77 F6      [19] 1082 	ld	-10 (ix), a
   0490 DD 36 F7 00   [19] 1083 	ld	-9 (ix), #0x00
                           1084 ;src/main.c:551: cpct_drawSpriteMaskedAlignedTable(g_goldframe_2, cpctm_screenPtr(CPCT_VMEM_START, i, yIni), 3, 6, g_maskTable);	
   0494 D5            [11] 1085 	push	de
   0495 5D            [ 4] 1086 	ld	e, l
   0496 54            [ 4] 1087 	ld	d, h
   0497 29            [11] 1088 	add	hl, hl
   0498 29            [11] 1089 	add	hl, hl
   0499 19            [11] 1090 	add	hl, de
   049A 29            [11] 1091 	add	hl, hl
   049B 29            [11] 1092 	add	hl, hl
   049C 29            [11] 1093 	add	hl, hl
   049D 29            [11] 1094 	add	hl, hl
   049E D1            [10] 1095 	pop	de
   049F E3            [19] 1096 	ex	(sp), hl
   04A0 7B            [ 4] 1097 	ld	a, e
   04A1 07            [ 4] 1098 	rlca
   04A2 07            [ 4] 1099 	rlca
   04A3 07            [ 4] 1100 	rlca
   04A4 E6 F8         [ 7] 1101 	and	a, #0xf8
   04A6 57            [ 4] 1102 	ld	d, a
   04A7 1E 00         [ 7] 1103 	ld	e, #0x00
                           1104 ;src/main.c:552: cpct_drawSpriteMaskedAlignedTable(g_goldframe_2, cpctm_screenPtr(CPCT_VMEM_START, i, yEnd), 3, 6, g_maskTable);	
   04A9 69            [ 4] 1105 	ld	l, c
   04AA 60            [ 4] 1106 	ld	h, b
   04AB 29            [11] 1107 	add	hl, hl
   04AC 29            [11] 1108 	add	hl, hl
   04AD 09            [11] 1109 	add	hl, bc
   04AE 29            [11] 1110 	add	hl, hl
   04AF 29            [11] 1111 	add	hl, hl
   04B0 29            [11] 1112 	add	hl, hl
   04B1 29            [11] 1113 	add	hl, hl
   04B2 DD 7E F6      [19] 1114 	ld	a, -10 (ix)
   04B5 07            [ 4] 1115 	rlca
   04B6 07            [ 4] 1116 	rlca
   04B7 07            [ 4] 1117 	rlca
   04B8 E6 F8         [ 7] 1118 	and	a, #0xf8
   04BA 47            [ 4] 1119 	ld	b, a
   04BB 0E 00         [ 7] 1120 	ld	c, #0x00
                           1121 ;src/main.c:551: cpct_drawSpriteMaskedAlignedTable(g_goldframe_2, cpctm_screenPtr(CPCT_VMEM_START, i, yIni), 3, 6, g_maskTable);	
   04BD DD 7E F4      [19] 1122 	ld	a, -12 (ix)
   04C0 C6 00         [ 7] 1123 	add	a, #0x00
   04C2 DD 77 F4      [19] 1124 	ld	-12 (ix), a
   04C5 DD 7E F5      [19] 1125 	ld	a, -11 (ix)
   04C8 CE C0         [ 7] 1126 	adc	a, #0xc0
   04CA DD 77 F5      [19] 1127 	ld	-11 (ix), a
                           1128 ;src/main.c:552: cpct_drawSpriteMaskedAlignedTable(g_goldframe_2, cpctm_screenPtr(CPCT_VMEM_START, i, yEnd), 3, 6, g_maskTable);	
   04CD D5            [11] 1129 	push	de
   04CE 11 00 C0      [10] 1130 	ld	de, #0xc000
   04D1 19            [11] 1131 	add	hl, de
   04D2 D1            [10] 1132 	pop	de
                           1133 ;src/main.c:551: cpct_drawSpriteMaskedAlignedTable(g_goldframe_2, cpctm_screenPtr(CPCT_VMEM_START, i, yIni), 3, 6, g_maskTable);	
   04D3 DD 7E F4      [19] 1134 	ld	a, -12 (ix)
   04D6 83            [ 4] 1135 	add	a, e
   04D7 DD 77 F4      [19] 1136 	ld	-12 (ix), a
   04DA DD 7E F5      [19] 1137 	ld	a, -11 (ix)
   04DD 8A            [ 4] 1138 	adc	a, d
   04DE DD 77 F5      [19] 1139 	ld	-11 (ix), a
                           1140 ;src/main.c:552: cpct_drawSpriteMaskedAlignedTable(g_goldframe_2, cpctm_screenPtr(CPCT_VMEM_START, i, yEnd), 3, 6, g_maskTable);	
   04E1 09            [11] 1141 	add	hl,bc
   04E2 DD 75 F6      [19] 1142 	ld	-10 (ix), l
   04E5 DD 74 F7      [19] 1143 	ld	-9 (ix), h
                           1144 ;src/main.c:550: while (i < xEnd) {		
   04E8 DD 7E F8      [19] 1145 	ld	a, -8 (ix)
   04EB DD 96 FA      [19] 1146 	sub	a, -6 (ix)
   04EE DD 7E F9      [19] 1147 	ld	a, -7 (ix)
   04F1 DD 9E FB      [19] 1148 	sbc	a, -5 (ix)
   04F4 E2rF9r04      [10] 1149 	jp	PO, 00127$
   04F7 EE 80         [ 7] 1150 	xor	a, #0x80
   04F9                    1151 00127$:
   04F9 F2r4Br05      [10] 1152 	jp	P, 00103$
                           1153 ;src/main.c:551: cpct_drawSpriteMaskedAlignedTable(g_goldframe_2, cpctm_screenPtr(CPCT_VMEM_START, i, yIni), 3, 6, g_maskTable);	
   04FC 01r00r01      [10] 1154 	ld	bc, #_g_maskTable
   04FF DD 7E F4      [19] 1155 	ld	a, -12 (ix)
   0502 DD 86 F8      [19] 1156 	add	a, -8 (ix)
   0505 5F            [ 4] 1157 	ld	e, a
   0506 DD 7E F5      [19] 1158 	ld	a, -11 (ix)
   0509 DD 8E F9      [19] 1159 	adc	a, -7 (ix)
   050C 57            [ 4] 1160 	ld	d, a
   050D C5            [11] 1161 	push	bc
   050E 21 03 06      [10] 1162 	ld	hl, #0x0603
   0511 E5            [11] 1163 	push	hl
   0512 D5            [11] 1164 	push	de
   0513 21r00r00      [10] 1165 	ld	hl, #_g_goldframe_2
   0516 E5            [11] 1166 	push	hl
   0517 CDr00r00      [17] 1167 	call	_cpct_drawSpriteMaskedAlignedTable
                           1168 ;src/main.c:552: cpct_drawSpriteMaskedAlignedTable(g_goldframe_2, cpctm_screenPtr(CPCT_VMEM_START, i, yEnd), 3, 6, g_maskTable);	
   051A DD 7E F6      [19] 1169 	ld	a, -10 (ix)
   051D DD 86 F8      [19] 1170 	add	a, -8 (ix)
   0520 4F            [ 4] 1171 	ld	c, a
   0521 DD 7E F7      [19] 1172 	ld	a, -9 (ix)
   0524 DD 8E F9      [19] 1173 	adc	a, -7 (ix)
   0527 47            [ 4] 1174 	ld	b, a
   0528 21r00r01      [10] 1175 	ld	hl, #_g_maskTable
   052B E5            [11] 1176 	push	hl
   052C 21 03 06      [10] 1177 	ld	hl, #0x0603
   052F E5            [11] 1178 	push	hl
   0530 C5            [11] 1179 	push	bc
   0531 21r00r00      [10] 1180 	ld	hl, #_g_goldframe_2
   0534 E5            [11] 1181 	push	hl
   0535 CDr00r00      [17] 1182 	call	_cpct_drawSpriteMaskedAlignedTable
                           1183 ;src/main.c:553: i += 3;
   0538 DD 7E F8      [19] 1184 	ld	a, -8 (ix)
   053B C6 03         [ 7] 1185 	add	a, #0x03
   053D DD 77 F8      [19] 1186 	ld	-8 (ix), a
   0540 DD 7E F9      [19] 1187 	ld	a, -7 (ix)
   0543 CE 00         [ 7] 1188 	adc	a, #0x00
   0545 DD 77 F9      [19] 1189 	ld	-7 (ix), a
   0548 C3r71r04      [10] 1190 	jp	00101$
   054B                    1191 00103$:
                           1192 ;src/main.c:556: i = yIni+6;
   054B DD 4E 05      [19] 1193 	ld	c, 5 (ix)
   054E 06 00         [ 7] 1194 	ld	b, #0x00
   0550 21 06 00      [10] 1195 	ld	hl, #0x0006
   0553 09            [11] 1196 	add	hl,bc
   0554 DD 75 FA      [19] 1197 	ld	-6 (ix), l
   0557 DD 74 FB      [19] 1198 	ld	-5 (ix), h
                           1199 ;src/main.c:557: while (i < yEnd) {		
   055A                    1200 00104$:
   055A DD 4E 07      [19] 1201 	ld	c, 7 (ix)
   055D 06 00         [ 7] 1202 	ld	b, #0x00
   055F DD 7E FA      [19] 1203 	ld	a, -6 (ix)
   0562 91            [ 4] 1204 	sub	a, c
   0563 DD 7E FB      [19] 1205 	ld	a, -5 (ix)
   0566 98            [ 4] 1206 	sbc	a, b
   0567 E2r6Cr05      [10] 1207 	jp	PO, 00128$
   056A EE 80         [ 7] 1208 	xor	a, #0x80
   056C                    1209 00128$:
   056C F2rF6r05      [10] 1210 	jp	P, 00106$
                           1211 ;src/main.c:558: cpct_drawSpriteMaskedAlignedTable(g_goldframe_1, cpctm_screenPtr(CPCT_VMEM_START, xIni, i), 3, 6, g_maskTable);	
   056F DD 7E FA      [19] 1212 	ld	a, -6 (ix)
   0572 DD 77 F8      [19] 1213 	ld	-8 (ix), a
   0575 DD 7E FB      [19] 1214 	ld	a, -5 (ix)
   0578 DD 77 F9      [19] 1215 	ld	-7 (ix), a
   057B DD CB F9 2E   [23] 1216 	sra	-7 (ix)
   057F DD CB F8 1E   [23] 1217 	rr	-8 (ix)
   0583 DD CB F9 2E   [23] 1218 	sra	-7 (ix)
   0587 DD CB F8 1E   [23] 1219 	rr	-8 (ix)
   058B DD CB F9 2E   [23] 1220 	sra	-7 (ix)
   058F DD CB F8 1E   [23] 1221 	rr	-8 (ix)
   0593 DD 4E F8      [19] 1222 	ld	c,-8 (ix)
   0596 DD 46 F9      [19] 1223 	ld	b,-7 (ix)
   0599 69            [ 4] 1224 	ld	l, c
   059A 60            [ 4] 1225 	ld	h, b
   059B 29            [11] 1226 	add	hl, hl
   059C 29            [11] 1227 	add	hl, hl
   059D 09            [11] 1228 	add	hl, bc
   059E 29            [11] 1229 	add	hl, hl
   059F 29            [11] 1230 	add	hl, hl
   05A0 29            [11] 1231 	add	hl, hl
   05A1 29            [11] 1232 	add	hl, hl
   05A2 01 00 C0      [10] 1233 	ld	bc, #0xc000
   05A5 09            [11] 1234 	add	hl, bc
   05A6 DD 7E FA      [19] 1235 	ld	a, -6 (ix)
   05A9 E6 07         [ 7] 1236 	and	a, #0x07
   05AB 07            [ 4] 1237 	rlca
   05AC 07            [ 4] 1238 	rlca
   05AD 07            [ 4] 1239 	rlca
   05AE E6 F8         [ 7] 1240 	and	a, #0xf8
   05B0 47            [ 4] 1241 	ld	b, a
   05B1 0E 00         [ 7] 1242 	ld	c, #0x00
   05B3 09            [11] 1243 	add	hl,bc
   05B4 EB            [ 4] 1244 	ex	de,hl
   05B5 DD 6E 04      [19] 1245 	ld	l,4 (ix)
   05B8 26 00         [ 7] 1246 	ld	h,#0x00
   05BA 19            [11] 1247 	add	hl, de
   05BB D5            [11] 1248 	push	de
   05BC 01r00r01      [10] 1249 	ld	bc, #_g_maskTable
   05BF C5            [11] 1250 	push	bc
   05C0 01 03 06      [10] 1251 	ld	bc, #0x0603
   05C3 C5            [11] 1252 	push	bc
   05C4 E5            [11] 1253 	push	hl
   05C5 21r00r00      [10] 1254 	ld	hl, #_g_goldframe_1
   05C8 E5            [11] 1255 	push	hl
   05C9 CDr00r00      [17] 1256 	call	_cpct_drawSpriteMaskedAlignedTable
   05CC D1            [10] 1257 	pop	de
                           1258 ;src/main.c:559: cpct_drawSpriteMaskedAlignedTable(g_goldframe_1, cpctm_screenPtr(CPCT_VMEM_START, xEnd, i), 3, 6, g_maskTable);	
   05CD 01r00r01      [10] 1259 	ld	bc, #_g_maskTable
   05D0 DD 6E 06      [19] 1260 	ld	l,6 (ix)
   05D3 26 00         [ 7] 1261 	ld	h,#0x00
   05D5 19            [11] 1262 	add	hl, de
   05D6 C5            [11] 1263 	push	bc
   05D7 01 03 06      [10] 1264 	ld	bc, #0x0603
   05DA C5            [11] 1265 	push	bc
   05DB E5            [11] 1266 	push	hl
   05DC 21r00r00      [10] 1267 	ld	hl, #_g_goldframe_1
   05DF E5            [11] 1268 	push	hl
   05E0 CDr00r00      [17] 1269 	call	_cpct_drawSpriteMaskedAlignedTable
                           1270 ;src/main.c:560: i += 6;
   05E3 DD 7E FA      [19] 1271 	ld	a, -6 (ix)
   05E6 C6 06         [ 7] 1272 	add	a, #0x06
   05E8 DD 77 FA      [19] 1273 	ld	-6 (ix), a
   05EB DD 7E FB      [19] 1274 	ld	a, -5 (ix)
   05EE CE 00         [ 7] 1275 	adc	a, #0x00
   05F0 DD 77 FB      [19] 1276 	ld	-5 (ix), a
   05F3 C3r5Ar05      [10] 1277 	jp	00104$
   05F6                    1278 00106$:
                           1279 ;src/main.c:564: cpct_drawSpriteMaskedAlignedTable(g_goldframe_0, cpctm_screenPtr(CPCT_VMEM_START, xIni, yIni), 3, 6, g_maskTable);
   05F6 DD 7E F4      [19] 1280 	ld	a, -12 (ix)
   05F9 DD 86 04      [19] 1281 	add	a, 4 (ix)
   05FC 4F            [ 4] 1282 	ld	c, a
   05FD DD 7E F5      [19] 1283 	ld	a, -11 (ix)
   0600 CE 00         [ 7] 1284 	adc	a, #0x00
   0602 47            [ 4] 1285 	ld	b, a
   0603 21r00r01      [10] 1286 	ld	hl, #_g_maskTable
   0606 E5            [11] 1287 	push	hl
   0607 21 03 06      [10] 1288 	ld	hl, #0x0603
   060A E5            [11] 1289 	push	hl
   060B C5            [11] 1290 	push	bc
   060C 21r00r00      [10] 1291 	ld	hl, #_g_goldframe_0
   060F E5            [11] 1292 	push	hl
   0610 CDr00r00      [17] 1293 	call	_cpct_drawSpriteMaskedAlignedTable
                           1294 ;src/main.c:566: cpct_drawSpriteMaskedAlignedTable(g_goldframe_0, cpctm_screenPtr(CPCT_VMEM_START, xEnd, yIni), 3, 6, g_maskTable);
   0613 DD 7E F4      [19] 1295 	ld	a, -12 (ix)
   0616 DD 86 06      [19] 1296 	add	a, 6 (ix)
   0619 4F            [ 4] 1297 	ld	c, a
   061A DD 7E F5      [19] 1298 	ld	a, -11 (ix)
   061D CE 00         [ 7] 1299 	adc	a, #0x00
   061F 47            [ 4] 1300 	ld	b, a
   0620 21r00r01      [10] 1301 	ld	hl, #_g_maskTable
   0623 E5            [11] 1302 	push	hl
   0624 21 03 06      [10] 1303 	ld	hl, #0x0603
   0627 E5            [11] 1304 	push	hl
   0628 C5            [11] 1305 	push	bc
   0629 21r00r00      [10] 1306 	ld	hl, #_g_goldframe_0
   062C E5            [11] 1307 	push	hl
   062D CDr00r00      [17] 1308 	call	_cpct_drawSpriteMaskedAlignedTable
                           1309 ;src/main.c:568: cpct_drawSpriteMaskedAlignedTable(g_goldframe_0, cpctm_screenPtr(CPCT_VMEM_START, xIni, yEnd), 3, 6, g_maskTable);
   0630 DD 7E F6      [19] 1310 	ld	a, -10 (ix)
   0633 DD 86 04      [19] 1311 	add	a, 4 (ix)
   0636 4F            [ 4] 1312 	ld	c, a
   0637 DD 7E F7      [19] 1313 	ld	a, -9 (ix)
   063A CE 00         [ 7] 1314 	adc	a, #0x00
   063C 47            [ 4] 1315 	ld	b, a
   063D 21r00r01      [10] 1316 	ld	hl, #_g_maskTable
   0640 E5            [11] 1317 	push	hl
   0641 21 03 06      [10] 1318 	ld	hl, #0x0603
   0644 E5            [11] 1319 	push	hl
   0645 C5            [11] 1320 	push	bc
   0646 21r00r00      [10] 1321 	ld	hl, #_g_goldframe_0
   0649 E5            [11] 1322 	push	hl
   064A CDr00r00      [17] 1323 	call	_cpct_drawSpriteMaskedAlignedTable
                           1324 ;src/main.c:570: cpct_drawSpriteMaskedAlignedTable(g_goldframe_0, cpctm_screenPtr(CPCT_VMEM_START, xEnd, yEnd), 3, 6, g_maskTable);									
   064D DD 7E F6      [19] 1325 	ld	a, -10 (ix)
   0650 DD 86 06      [19] 1326 	add	a, 6 (ix)
   0653 4F            [ 4] 1327 	ld	c, a
   0654 DD 7E F7      [19] 1328 	ld	a, -9 (ix)
   0657 CE 00         [ 7] 1329 	adc	a, #0x00
   0659 47            [ 4] 1330 	ld	b, a
   065A 21r00r01      [10] 1331 	ld	hl, #_g_maskTable
   065D E5            [11] 1332 	push	hl
   065E 21 03 06      [10] 1333 	ld	hl, #0x0603
   0661 E5            [11] 1334 	push	hl
   0662 C5            [11] 1335 	push	bc
   0663 21r00r00      [10] 1336 	ld	hl, #_g_goldframe_0
   0666 E5            [11] 1337 	push	hl
   0667 CDr00r00      [17] 1338 	call	_cpct_drawSpriteMaskedAlignedTable
   066A DD F9         [10] 1339 	ld	sp, ix
   066C DD E1         [14] 1340 	pop	ix
   066E C9            [10] 1341 	ret
                           1342 ;src/main.c:586: void PrintSmallBlueBox() {
                           1343 ;	---------------------------------
                           1344 ; Function PrintSmallBlueBox
                           1345 ; ---------------------------------
   066F                    1346 _PrintSmallBlueBox::
                           1347 ;src/main.c:587: cpct_drawSolidBox(cpctm_screenPtr(CPCT_VMEM_START,  6, 80), cpct_px2byteM0(4, 4), 34, 60);
   066F 21 04 04      [10] 1348 	ld	hl, #0x0404
   0672 E5            [11] 1349 	push	hl
   0673 CDr00r00      [17] 1350 	call	_cpct_px2byteM0
   0676 26 00         [ 7] 1351 	ld	h, #0x00
   0678 01 22 3C      [10] 1352 	ld	bc, #0x3c22
   067B C5            [11] 1353 	push	bc
   067C E5            [11] 1354 	push	hl
   067D 21 26 C3      [10] 1355 	ld	hl, #0xc326
   0680 E5            [11] 1356 	push	hl
   0681 CDr00r00      [17] 1357 	call	_cpct_drawSolidBox
                           1358 ;src/main.c:588: cpct_drawSolidBox(cpctm_screenPtr(CPCT_VMEM_START, 40, 80), cpct_px2byteM0(4, 4), 34, 60);
   0684 21 04 04      [10] 1359 	ld	hl, #0x0404
   0687 E5            [11] 1360 	push	hl
   0688 CDr00r00      [17] 1361 	call	_cpct_px2byteM0
   068B 26 00         [ 7] 1362 	ld	h, #0x00
   068D 01 22 3C      [10] 1363 	ld	bc, #0x3c22
   0690 C5            [11] 1364 	push	bc
   0691 E5            [11] 1365 	push	hl
   0692 21 48 C3      [10] 1366 	ld	hl, #0xc348
   0695 E5            [11] 1367 	push	hl
   0696 CDr00r00      [17] 1368 	call	_cpct_drawSolidBox
                           1369 ;src/main.c:589: PrintFrame(6,80,71,134);
   0699 21 47 86      [10] 1370 	ld	hl, #0x8647
   069C E5            [11] 1371 	push	hl
   069D 21 06 50      [10] 1372 	ld	hl, #0x5006
   06A0 E5            [11] 1373 	push	hl
   06A1 CDr30r04      [17] 1374 	call	_PrintFrame
   06A4 F1            [10] 1375 	pop	af
   06A5 F1            [10] 1376 	pop	af
   06A6 C9            [10] 1377 	ret
                           1378 ;src/main.c:594: void PrintLevelInfo() {
                           1379 ;	---------------------------------
                           1380 ; Function PrintLevelInfo
                           1381 ; ---------------------------------
   06A7                    1382 _PrintLevelInfo::
                           1383 ;src/main.c:595: PrintSmallBlueBox();	
   06A7 CDr6Fr06      [17] 1384 	call	_PrintSmallBlueBox
                           1385 ;src/main.c:597: if (TwoPlayers) {
   06AA 3Ar04r00      [13] 1386 	ld	a,(#_TwoPlayers + 0)
   06AD B7            [ 4] 1387 	or	a, a
   06AE 28 49         [12] 1388 	jr	Z,00102$
                           1389 ;src/main.c:598: PrintText("LEVEL", 13, 95, 0);
   06B0 21 5F 00      [10] 1390 	ld	hl, #0x005f
   06B3 E5            [11] 1391 	push	hl
   06B4 3E 0D         [ 7] 1392 	ld	a, #0x0d
   06B6 F5            [11] 1393 	push	af
   06B7 33            [ 6] 1394 	inc	sp
   06B8 21r38r07      [10] 1395 	ld	hl, #___str_1
   06BB E5            [11] 1396 	push	hl
   06BC CDr8Dr03      [17] 1397 	call	_PrintText
   06BF F1            [10] 1398 	pop	af
                           1399 ;src/main.c:599: PrintText(lName, 31, 95, 0);
   06C0 33            [ 6] 1400 	inc	sp
   06C1 21 5F 00      [10] 1401 	ld	hl,#0x005f
   06C4 E3            [19] 1402 	ex	(sp),hl
   06C5 3E 1F         [ 7] 1403 	ld	a, #0x1f
   06C7 F5            [11] 1404 	push	af
   06C8 33            [ 6] 1405 	inc	sp
   06C9 2Ar02r00      [16] 1406 	ld	hl, (_lName)
   06CC E5            [11] 1407 	push	hl
   06CD CDr8Dr03      [17] 1408 	call	_PrintText
   06D0 F1            [10] 1409 	pop	af
                           1410 ;src/main.c:600: PrintText("HIGH@SCORE:", 16, 118, 0);
   06D1 33            [ 6] 1411 	inc	sp
   06D2 21 76 00      [10] 1412 	ld	hl,#0x0076
   06D5 E3            [19] 1413 	ex	(sp),hl
   06D6 3E 10         [ 7] 1414 	ld	a, #0x10
   06D8 F5            [11] 1415 	push	af
   06D9 33            [ 6] 1416 	inc	sp
   06DA 21r3Er07      [10] 1417 	ld	hl, #___str_2
   06DD E5            [11] 1418 	push	hl
   06DE CDr8Dr03      [17] 1419 	call	_PrintText
   06E1 F1            [10] 1420 	pop	af
                           1421 ;src/main.c:601: PrintNumber(highScore, 4, 52, 118, 0);
   06E2 33            [ 6] 1422 	inc	sp
   06E3 21 76 00      [10] 1423 	ld	hl,#0x0076
   06E6 E3            [19] 1424 	ex	(sp),hl
   06E7 21 04 34      [10] 1425 	ld	hl, #0x3404
   06EA E5            [11] 1426 	push	hl
   06EB 2Ar09r00      [16] 1427 	ld	hl, (_highScore)
   06EE E5            [11] 1428 	push	hl
   06EF CDrBEr02      [17] 1429 	call	_PrintNumber
   06F2 21 06 00      [10] 1430 	ld	hl, #6
   06F5 39            [11] 1431 	add	hl, sp
   06F6 F9            [ 6] 1432 	ld	sp, hl
   06F7 18 23         [12] 1433 	jr	00103$
   06F9                    1434 00102$:
                           1435 ;src/main.c:604: PrintText("LEVEL", 13, 107, 0);
   06F9 21 6B 00      [10] 1436 	ld	hl, #0x006b
   06FC E5            [11] 1437 	push	hl
   06FD 3E 0D         [ 7] 1438 	ld	a, #0x0d
   06FF F5            [11] 1439 	push	af
   0700 33            [ 6] 1440 	inc	sp
   0701 21r38r07      [10] 1441 	ld	hl, #___str_1
   0704 E5            [11] 1442 	push	hl
   0705 CDr8Dr03      [17] 1443 	call	_PrintText
   0708 F1            [10] 1444 	pop	af
                           1445 ;src/main.c:605: PrintText(lName, 31, 107, 0);
   0709 33            [ 6] 1446 	inc	sp
   070A 21 6B 00      [10] 1447 	ld	hl,#0x006b
   070D E3            [19] 1448 	ex	(sp),hl
   070E 3E 1F         [ 7] 1449 	ld	a, #0x1f
   0710 F5            [11] 1450 	push	af
   0711 33            [ 6] 1451 	inc	sp
   0712 2Ar02r00      [16] 1452 	ld	hl, (_lName)
   0715 E5            [11] 1453 	push	hl
   0716 CDr8Dr03      [17] 1454 	call	_PrintText
   0719 F1            [10] 1455 	pop	af
   071A F1            [10] 1456 	pop	af
   071B 33            [ 6] 1457 	inc	sp
   071C                    1458 00103$:
                           1459 ;src/main.c:608: cpct_akp_musicInit(g_start); // start level music
   071C 21r00r00      [10] 1460 	ld	hl, #_g_start
   071F E5            [11] 1461 	push	hl
   0720 CDr00r00      [17] 1462 	call	_cpct_akp_musicInit
   0723 F1            [10] 1463 	pop	af
                           1464 ;src/main.c:609: Pause(1150);
   0724 21 7E 04      [10] 1465 	ld	hl, #0x047e
   0727 CDrFEr01      [17] 1466 	call	_Pause
                           1467 ;src/main.c:610: if (music)
   072A 3Ar1Br00      [13] 1468 	ld	a,(#_music + 0)
   072D B7            [ 4] 1469 	or	a, a
   072E C8            [11] 1470 	ret	Z
                           1471 ;src/main.c:611: cpct_akp_musicInit(g_ingame); // music ingame
   072F 21r00r00      [10] 1472 	ld	hl, #_g_ingame
   0732 E5            [11] 1473 	push	hl
   0733 CDr00r00      [17] 1474 	call	_cpct_akp_musicInit
   0736 F1            [10] 1475 	pop	af
   0737 C9            [10] 1476 	ret
   0738                    1477 ___str_1:
   0738 4C 45 56 45 4C     1478 	.ascii "LEVEL"
   073D 00                 1479 	.db 0x00
   073E                    1480 ___str_2:
   073E 48 49 47 48 40 53  1481 	.ascii "HIGH@SCORE:"
        43 4F 52 45 3A
   0749 00                 1482 	.db 0x00
                           1483 ;src/main.c:615: void PrintEndGame(u8 player) __z88dk_fastcall {
                           1484 ;	---------------------------------
                           1485 ; Function PrintEndGame
                           1486 ; ---------------------------------
   074A                    1487 _PrintEndGame::
   074A 3B            [ 6] 1488 	dec	sp
   074B FD 21 00 00   [14] 1489 	ld	iy, #0
   074F FD 39         [15] 1490 	add	iy, sp
   0751 FD 75 00      [19] 1491 	ld	0 (iy), l
                           1492 ;src/main.c:617: cpct_drawSolidBox(cpctm_screenPtr(CPCT_VMEM_START, 5, 40), cpct_px2byteM0(4, 4), 35, 144);
   0754 21 04 04      [10] 1493 	ld	hl, #0x0404
   0757 E5            [11] 1494 	push	hl
   0758 CDr00r00      [17] 1495 	call	_cpct_px2byteM0
   075B 26 00         [ 7] 1496 	ld	h, #0x00
   075D 01 23 90      [10] 1497 	ld	bc, #0x9023
   0760 C5            [11] 1498 	push	bc
   0761 E5            [11] 1499 	push	hl
   0762 21 95 C1      [10] 1500 	ld	hl, #0xc195
   0765 E5            [11] 1501 	push	hl
   0766 CDr00r00      [17] 1502 	call	_cpct_drawSolidBox
                           1503 ;src/main.c:618: cpct_drawSolidBox(cpctm_screenPtr(CPCT_VMEM_START, 40, 40), cpct_px2byteM0(4, 4), 35, 144);	
   0769 21 04 04      [10] 1504 	ld	hl, #0x0404
   076C E5            [11] 1505 	push	hl
   076D CDr00r00      [17] 1506 	call	_cpct_px2byteM0
   0770 26 00         [ 7] 1507 	ld	h, #0x00
   0772 01 23 90      [10] 1508 	ld	bc, #0x9023
   0775 C5            [11] 1509 	push	bc
   0776 E5            [11] 1510 	push	hl
   0777 21 B8 C1      [10] 1511 	ld	hl, #0xc1b8
   077A E5            [11] 1512 	push	hl
   077B CDr00r00      [17] 1513 	call	_cpct_drawSolidBox
                           1514 ;src/main.c:619: PrintFrame(5,40,72,178);
   077E 21 48 B2      [10] 1515 	ld	hl, #0xb248
   0781 E5            [11] 1516 	push	hl
   0782 21 05 28      [10] 1517 	ld	hl, #0x2805
   0785 E5            [11] 1518 	push	hl
   0786 CDr30r04      [17] 1519 	call	_PrintFrame
   0789 F1            [10] 1520 	pop	af
                           1521 ;src/main.c:621: PrintText("CONGRATULATIONS", 12, 60, 0);
   078A 21 3C 00      [10] 1522 	ld	hl, #0x003c
   078D E3            [19] 1523 	ex	(sp),hl
   078E 3E 0C         [ 7] 1524 	ld	a, #0x0c
   0790 F5            [11] 1525 	push	af
   0791 33            [ 6] 1526 	inc	sp
   0792 21r35r08      [10] 1527 	ld	hl, #___str_3
   0795 E5            [11] 1528 	push	hl
   0796 CDr8Dr03      [17] 1529 	call	_PrintText
   0799 F1            [10] 1530 	pop	af
                           1531 ;src/main.c:622: PrintText("PLAYER@@>", 12, 70, 0);
   079A 33            [ 6] 1532 	inc	sp
   079B 21 46 00      [10] 1533 	ld	hl,#0x0046
   079E E3            [19] 1534 	ex	(sp),hl
   079F 3E 0C         [ 7] 1535 	ld	a, #0x0c
   07A1 F5            [11] 1536 	push	af
   07A2 33            [ 6] 1537 	inc	sp
   07A3 21r45r08      [10] 1538 	ld	hl, #___str_4
   07A6 E5            [11] 1539 	push	hl
   07A7 CDr8Dr03      [17] 1540 	call	_PrintText
   07AA F1            [10] 1541 	pop	af
   07AB F1            [10] 1542 	pop	af
   07AC 33            [ 6] 1543 	inc	sp
                           1544 ;src/main.c:623: PrintNumber(++player, 1, 33, 70, 0);
   07AD 21 00 00      [10] 1545 	ld	hl, #0+0
   07B0 39            [11] 1546 	add	hl, sp
   07B1 4E            [ 7] 1547 	ld	c, (hl)
   07B2 0C            [ 4] 1548 	inc	c
   07B3 06 00         [ 7] 1549 	ld	b, #0x00
   07B5 21 46 00      [10] 1550 	ld	hl, #0x0046
   07B8 E5            [11] 1551 	push	hl
   07B9 21 01 21      [10] 1552 	ld	hl, #0x2101
   07BC E5            [11] 1553 	push	hl
   07BD C5            [11] 1554 	push	bc
   07BE CDrBEr02      [17] 1555 	call	_PrintNumber
   07C1 21 06 00      [10] 1556 	ld	hl, #6
   07C4 39            [11] 1557 	add	hl, sp
   07C5 F9            [ 6] 1558 	ld	sp, hl
                           1559 ;src/main.c:624: PrintText("YOU@FOUND@YOUR", 12, 90, 0);
   07C6 21 5A 00      [10] 1560 	ld	hl, #0x005a
   07C9 E5            [11] 1561 	push	hl
   07CA 3E 0C         [ 7] 1562 	ld	a, #0x0c
   07CC F5            [11] 1563 	push	af
   07CD 33            [ 6] 1564 	inc	sp
   07CE 21r4Fr08      [10] 1565 	ld	hl, #___str_5
   07D1 E5            [11] 1566 	push	hl
   07D2 CDr8Dr03      [17] 1567 	call	_PrintText
   07D5 F1            [10] 1568 	pop	af
                           1569 ;src/main.c:625: PrintText("FATHERS@SPELL@BOOK", 12, 100, 0);
   07D6 33            [ 6] 1570 	inc	sp
   07D7 21 64 00      [10] 1571 	ld	hl,#0x0064
   07DA E3            [19] 1572 	ex	(sp),hl
   07DB 3E 0C         [ 7] 1573 	ld	a, #0x0c
   07DD F5            [11] 1574 	push	af
   07DE 33            [ 6] 1575 	inc	sp
   07DF 21r5Er08      [10] 1576 	ld	hl, #___str_6
   07E2 E5            [11] 1577 	push	hl
   07E3 CDr8Dr03      [17] 1578 	call	_PrintText
   07E6 F1            [10] 1579 	pop	af
                           1580 ;src/main.c:626: PrintText("NOW@YOUR@POWER@WILL", 12, 120, 0);
   07E7 33            [ 6] 1581 	inc	sp
   07E8 21 78 00      [10] 1582 	ld	hl,#0x0078
   07EB E3            [19] 1583 	ex	(sp),hl
   07EC 3E 0C         [ 7] 1584 	ld	a, #0x0c
   07EE F5            [11] 1585 	push	af
   07EF 33            [ 6] 1586 	inc	sp
   07F0 21r71r08      [10] 1587 	ld	hl, #___str_7
   07F3 E5            [11] 1588 	push	hl
   07F4 CDr8Dr03      [17] 1589 	call	_PrintText
   07F7 F1            [10] 1590 	pop	af
                           1591 ;src/main.c:627: PrintText("BE@UNSURPASSED", 12, 130, 0);
   07F8 33            [ 6] 1592 	inc	sp
   07F9 21 82 00      [10] 1593 	ld	hl,#0x0082
   07FC E3            [19] 1594 	ex	(sp),hl
   07FD 3E 0C         [ 7] 1595 	ld	a, #0x0c
   07FF F5            [11] 1596 	push	af
   0800 33            [ 6] 1597 	inc	sp
   0801 21r85r08      [10] 1598 	ld	hl, #___str_8
   0804 E5            [11] 1599 	push	hl
   0805 CDr8Dr03      [17] 1600 	call	_PrintText
   0808 F1            [10] 1601 	pop	af
                           1602 ;src/main.c:628: PrintText(";THANKS@FOR@PLAYING;", 10, 160, 0);	
   0809 33            [ 6] 1603 	inc	sp
   080A 21 A0 00      [10] 1604 	ld	hl,#0x00a0
   080D E3            [19] 1605 	ex	(sp),hl
   080E 3E 0A         [ 7] 1606 	ld	a, #0x0a
   0810 F5            [11] 1607 	push	af
   0811 33            [ 6] 1608 	inc	sp
   0812 21r94r08      [10] 1609 	ld	hl, #___str_9
   0815 E5            [11] 1610 	push	hl
   0816 CDr8Dr03      [17] 1611 	call	_PrintText
   0819 F1            [10] 1612 	pop	af
                           1613 ;src/main.c:630: cpct_akp_musicInit(g_completed); // completed level theme
   081A 33            [ 6] 1614 	inc	sp
   081B 21r00r00      [10] 1615 	ld	hl,#_g_completed
   081E E3            [19] 1616 	ex	(sp),hl
   081F CDr00r00      [17] 1617 	call	_cpct_akp_musicInit
   0822 F1            [10] 1618 	pop	af
                           1619 ;src/main.c:631: Pause(1000);
   0823 21 E8 03      [10] 1620 	ld	hl, #0x03e8
   0826 CDrFEr01      [17] 1621 	call	_Pause
                           1622 ;src/main.c:632: while (!cpct_isAnyKeyPressed()); // wait for a key press
   0829                    1623 00101$:
   0829 CDr00r00      [17] 1624 	call	_cpct_isAnyKeyPressed
   082C 7D            [ 4] 1625 	ld	a, l
   082D B7            [ 4] 1626 	or	a, a
   082E 28 F9         [12] 1627 	jr	Z,00101$
                           1628 ;src/main.c:633: InitGame();
   0830 CDr8Fr42      [17] 1629 	call	_InitGame
   0833 33            [ 6] 1630 	inc	sp
   0834 C9            [10] 1631 	ret
   0835                    1632 ___str_3:
   0835 43 4F 4E 47 52 41  1633 	.ascii "CONGRATULATIONS"
        54 55 4C 41 54 49
        4F 4E 53
   0844 00                 1634 	.db 0x00
   0845                    1635 ___str_4:
   0845 50 4C 41 59 45 52  1636 	.ascii "PLAYER@@>"
        40 40 3E
   084E 00                 1637 	.db 0x00
   084F                    1638 ___str_5:
   084F 59 4F 55 40 46 4F  1639 	.ascii "YOU@FOUND@YOUR"
        55 4E 44 40 59 4F
        55 52
   085D 00                 1640 	.db 0x00
   085E                    1641 ___str_6:
   085E 46 41 54 48 45 52  1642 	.ascii "FATHERS@SPELL@BOOK"
        53 40 53 50 45 4C
        4C 40 42 4F 4F 4B
   0870 00                 1643 	.db 0x00
   0871                    1644 ___str_7:
   0871 4E 4F 57 40 59 4F  1645 	.ascii "NOW@YOUR@POWER@WILL"
        55 52 40 50 4F 57
        45 52 40 57 49 4C
        4C
   0884 00                 1646 	.db 0x00
   0885                    1647 ___str_8:
   0885 42 45 40 55 4E 53  1648 	.ascii "BE@UNSURPASSED"
        55 52 50 41 53 53
        45 44
   0893 00                 1649 	.db 0x00
   0894                    1650 ___str_9:
   0894 3B 54 48 41 4E 4B  1651 	.ascii ";THANKS@FOR@PLAYING;"
        53 40 46 4F 52 40
        50 4C 41 59 49 4E
        47 3B
   08A8 00                 1652 	.db 0x00
                           1653 ;src/main.c:638: void PrintTip() {
                           1654 ;	---------------------------------
                           1655 ; Function PrintTip
                           1656 ; ---------------------------------
   08A9                    1657 _PrintTip::
                           1658 ;src/main.c:639: PrintSprite(&spr[0]);
   08A9 21r3Ar00      [10] 1659 	ld	hl, #_spr
   08AC CDr80r19      [17] 1660 	call	_PrintSprite
                           1661 ;src/main.c:640: PrintSmallBlueBox();
   08AF CDr6Fr06      [17] 1662 	call	_PrintSmallBlueBox
                           1663 ;src/main.c:641: switch (nTip) {
   08B2 FD 21r20r00   [14] 1664 	ld	iy, #_nTip
   08B6 FD 7E 00      [19] 1665 	ld	a, 0 (iy)
   08B9 B7            [ 4] 1666 	or	a, a
   08BA 28 18         [12] 1667 	jr	Z,00101$
   08BC FD 7E 00      [19] 1668 	ld	a, 0 (iy)
   08BF 3D            [ 4] 1669 	dec	a
   08C0 28 49         [12] 1670 	jr	Z,00102$
   08C2 FD 7E 00      [19] 1671 	ld	a, 0 (iy)
   08C5 D6 02         [ 7] 1672 	sub	a, #0x02
   08C7 28 78         [12] 1673 	jr	Z,00103$
   08C9 FD 7E 00      [19] 1674 	ld	a, 0 (iy)
   08CC D6 03         [ 7] 1675 	sub	a, #0x03
   08CE CAr77r09      [10] 1676 	jp	Z,00104$
   08D1 C3rABr09      [10] 1677 	jp	00105$
                           1678 ;src/main.c:642: case 0: {
   08D4                    1679 00101$:
                           1680 ;src/main.c:643: PrintText("TIP:@TAKE@THE@EXACT", 11, 95, 0);
   08D4 21 5F 00      [10] 1681 	ld	hl, #0x005f
   08D7 E5            [11] 1682 	push	hl
   08D8 3E 0B         [ 7] 1683 	ld	a, #0x0b
   08DA F5            [11] 1684 	push	af
   08DB 33            [ 6] 1685 	inc	sp
   08DC 21rBFr09      [10] 1686 	ld	hl, #___str_10
   08DF E5            [11] 1687 	push	hl
   08E0 CDr8Dr03      [17] 1688 	call	_PrintText
   08E3 F1            [10] 1689 	pop	af
                           1690 ;src/main.c:644: PrintText("COINS@TO@BUY@THE", 16, 105, 0);
   08E4 33            [ 6] 1691 	inc	sp
   08E5 21 69 00      [10] 1692 	ld	hl,#0x0069
   08E8 E3            [19] 1693 	ex	(sp),hl
   08E9 3E 10         [ 7] 1694 	ld	a, #0x10
   08EB F5            [11] 1695 	push	af
   08EC 33            [ 6] 1696 	inc	sp
   08ED 21rD3r09      [10] 1697 	ld	hl, #___str_11
   08F0 E5            [11] 1698 	push	hl
   08F1 CDr8Dr03      [17] 1699 	call	_PrintText
   08F4 F1            [10] 1700 	pop	af
                           1701 ;src/main.c:645: PrintText("REQUIRED@INGREDIENT", 11, 115, 0);
   08F5 33            [ 6] 1702 	inc	sp
   08F6 21 73 00      [10] 1703 	ld	hl,#0x0073
   08F9 E3            [19] 1704 	ex	(sp),hl
   08FA 3E 0B         [ 7] 1705 	ld	a, #0x0b
   08FC F5            [11] 1706 	push	af
   08FD 33            [ 6] 1707 	inc	sp
   08FE 21rE4r09      [10] 1708 	ld	hl, #___str_12
   0901 E5            [11] 1709 	push	hl
   0902 CDr8Dr03      [17] 1710 	call	_PrintText
   0905 F1            [10] 1711 	pop	af
   0906 F1            [10] 1712 	pop	af
   0907 33            [ 6] 1713 	inc	sp
                           1714 ;src/main.c:646: break;
   0908 C3rABr09      [10] 1715 	jp	00105$
                           1716 ;src/main.c:648: case 1: {
   090B                    1717 00102$:
                           1718 ;src/main.c:649: PrintText("TIP:@GO@TO@THE@SHOP", 11, 95, 0);
   090B 21 5F 00      [10] 1719 	ld	hl, #0x005f
   090E E5            [11] 1720 	push	hl
   090F 3E 0B         [ 7] 1721 	ld	a, #0x0b
   0911 F5            [11] 1722 	push	af
   0912 33            [ 6] 1723 	inc	sp
   0913 21rF8r09      [10] 1724 	ld	hl, #___str_13
   0916 E5            [11] 1725 	push	hl
   0917 CDr8Dr03      [17] 1726 	call	_PrintText
   091A F1            [10] 1727 	pop	af
                           1728 ;src/main.c:650: PrintText("WHEN@YOU@CAN@GET@THE", 10, 105, 0);
   091B 33            [ 6] 1729 	inc	sp
   091C 21 69 00      [10] 1730 	ld	hl,#0x0069
   091F E3            [19] 1731 	ex	(sp),hl
   0920 3E 0A         [ 7] 1732 	ld	a, #0x0a
   0922 F5            [11] 1733 	push	af
   0923 33            [ 6] 1734 	inc	sp
   0924 21r0Cr0A      [10] 1735 	ld	hl, #___str_14
   0927 E5            [11] 1736 	push	hl
   0928 CDr8Dr03      [17] 1737 	call	_PrintText
   092B F1            [10] 1738 	pop	af
                           1739 ;src/main.c:651: PrintText("INGREDIENT@YOU@NEED", 11, 115, 0);
   092C 33            [ 6] 1740 	inc	sp
   092D 21 73 00      [10] 1741 	ld	hl,#0x0073
   0930 E3            [19] 1742 	ex	(sp),hl
   0931 3E 0B         [ 7] 1743 	ld	a, #0x0b
   0933 F5            [11] 1744 	push	af
   0934 33            [ 6] 1745 	inc	sp
   0935 21r21r0A      [10] 1746 	ld	hl, #___str_15
   0938 E5            [11] 1747 	push	hl
   0939 CDr8Dr03      [17] 1748 	call	_PrintText
   093C F1            [10] 1749 	pop	af
   093D F1            [10] 1750 	pop	af
   093E 33            [ 6] 1751 	inc	sp
                           1752 ;src/main.c:652: break;
   093F 18 6A         [12] 1753 	jr	00105$
                           1754 ;src/main.c:654: case 2: {
   0941                    1755 00103$:
                           1756 ;src/main.c:655: PrintText("TIP:@USE@THE@WELL", 14, 95, 0);
   0941 21 5F 00      [10] 1757 	ld	hl, #0x005f
   0944 E5            [11] 1758 	push	hl
   0945 3E 0E         [ 7] 1759 	ld	a, #0x0e
   0947 F5            [11] 1760 	push	af
   0948 33            [ 6] 1761 	inc	sp
   0949 21r35r0A      [10] 1762 	ld	hl, #___str_16
   094C E5            [11] 1763 	push	hl
   094D CDr8Dr03      [17] 1764 	call	_PrintText
   0950 F1            [10] 1765 	pop	af
                           1766 ;src/main.c:656: PrintText("WHEN@YOU@TAKE@MORE", 13, 105, 0);
   0951 33            [ 6] 1767 	inc	sp
   0952 21 69 00      [10] 1768 	ld	hl,#0x0069
   0955 E3            [19] 1769 	ex	(sp),hl
   0956 3E 0D         [ 7] 1770 	ld	a, #0x0d
   0958 F5            [11] 1771 	push	af
   0959 33            [ 6] 1772 	inc	sp
   095A 21r47r0A      [10] 1773 	ld	hl, #___str_17
   095D E5            [11] 1774 	push	hl
   095E CDr8Dr03      [17] 1775 	call	_PrintText
   0961 F1            [10] 1776 	pop	af
                           1777 ;src/main.c:657: PrintText("COINS@THAN@YOU@NEED", 11, 115, 0);
   0962 33            [ 6] 1778 	inc	sp
   0963 21 73 00      [10] 1779 	ld	hl,#0x0073
   0966 E3            [19] 1780 	ex	(sp),hl
   0967 3E 0B         [ 7] 1781 	ld	a, #0x0b
   0969 F5            [11] 1782 	push	af
   096A 33            [ 6] 1783 	inc	sp
   096B 21r5Ar0A      [10] 1784 	ld	hl, #___str_18
   096E E5            [11] 1785 	push	hl
   096F CDr8Dr03      [17] 1786 	call	_PrintText
   0972 F1            [10] 1787 	pop	af
   0973 F1            [10] 1788 	pop	af
   0974 33            [ 6] 1789 	inc	sp
                           1790 ;src/main.c:658: break;
   0975 18 34         [12] 1791 	jr	00105$
                           1792 ;src/main.c:660: case 3: {
   0977                    1793 00104$:
                           1794 ;src/main.c:661: PrintText("TIP:@GO@TO@THE@EXIT", 11, 95, 0);
   0977 21 5F 00      [10] 1795 	ld	hl, #0x005f
   097A E5            [11] 1796 	push	hl
   097B 3E 0B         [ 7] 1797 	ld	a, #0x0b
   097D F5            [11] 1798 	push	af
   097E 33            [ 6] 1799 	inc	sp
   097F 21r6Er0A      [10] 1800 	ld	hl, #___str_19
   0982 E5            [11] 1801 	push	hl
   0983 CDr8Dr03      [17] 1802 	call	_PrintText
   0986 F1            [10] 1803 	pop	af
                           1804 ;src/main.c:662: PrintText("DOOR@WHEN@YOU@HAVE", 13, 105, 0);
   0987 33            [ 6] 1805 	inc	sp
   0988 21 69 00      [10] 1806 	ld	hl,#0x0069
   098B E3            [19] 1807 	ex	(sp),hl
   098C 3E 0D         [ 7] 1808 	ld	a, #0x0d
   098E F5            [11] 1809 	push	af
   098F 33            [ 6] 1810 	inc	sp
   0990 21r82r0A      [10] 1811 	ld	hl, #___str_20
   0993 E5            [11] 1812 	push	hl
   0994 CDr8Dr03      [17] 1813 	call	_PrintText
   0997 F1            [10] 1814 	pop	af
                           1815 ;src/main.c:663: PrintText("THE@RIGHT@POTION", 15, 115, 0);
   0998 33            [ 6] 1816 	inc	sp
   0999 21 73 00      [10] 1817 	ld	hl,#0x0073
   099C E3            [19] 1818 	ex	(sp),hl
   099D 3E 0F         [ 7] 1819 	ld	a, #0x0f
   099F F5            [11] 1820 	push	af
   09A0 33            [ 6] 1821 	inc	sp
   09A1 21r95r0A      [10] 1822 	ld	hl, #___str_21
   09A4 E5            [11] 1823 	push	hl
   09A5 CDr8Dr03      [17] 1824 	call	_PrintText
   09A8 F1            [10] 1825 	pop	af
   09A9 F1            [10] 1826 	pop	af
   09AA 33            [ 6] 1827 	inc	sp
                           1828 ;src/main.c:665: }
   09AB                    1829 00105$:
                           1830 ;src/main.c:666: Pause(400);
   09AB 21 90 01      [10] 1831 	ld	hl, #0x0190
   09AE CDrFEr01      [17] 1832 	call	_Pause
                           1833 ;src/main.c:667: while (!cpct_isAnyKeyPressed()); // wait for a key press
   09B1                    1834 00106$:
   09B1 CDr00r00      [17] 1835 	call	_cpct_isAnyKeyPressed
   09B4 7D            [ 4] 1836 	ld	a, l
   09B5 B7            [ 4] 1837 	or	a, a
   09B6 28 F9         [12] 1838 	jr	Z,00106$
                           1839 ;src/main.c:668: nTip++; // next message
   09B8 21r20r00      [10] 1840 	ld	hl, #_nTip+0
   09BB 34            [11] 1841 	inc	(hl)
                           1842 ;src/main.c:669: PrintMap();
   09BC C3rA8r02      [10] 1843 	jp  _PrintMap
   09BF                    1844 ___str_10:
   09BF 54 49 50 3A 40 54  1845 	.ascii "TIP:@TAKE@THE@EXACT"
        41 4B 45 40 54 48
        45 40 45 58 41 43
        54
   09D2 00                 1846 	.db 0x00
   09D3                    1847 ___str_11:
   09D3 43 4F 49 4E 53 40  1848 	.ascii "COINS@TO@BUY@THE"
        54 4F 40 42 55 59
        40 54 48 45
   09E3 00                 1849 	.db 0x00
   09E4                    1850 ___str_12:
   09E4 52 45 51 55 49 52  1851 	.ascii "REQUIRED@INGREDIENT"
        45 44 40 49 4E 47
        52 45 44 49 45 4E
        54
   09F7 00                 1852 	.db 0x00
   09F8                    1853 ___str_13:
   09F8 54 49 50 3A 40 47  1854 	.ascii "TIP:@GO@TO@THE@SHOP"
        4F 40 54 4F 40 54
        48 45 40 53 48 4F
        50
   0A0B 00                 1855 	.db 0x00
   0A0C                    1856 ___str_14:
   0A0C 57 48 45 4E 40 59  1857 	.ascii "WHEN@YOU@CAN@GET@THE"
        4F 55 40 43 41 4E
        40 47 45 54 40 54
        48 45
   0A20 00                 1858 	.db 0x00
   0A21                    1859 ___str_15:
   0A21 49 4E 47 52 45 44  1860 	.ascii "INGREDIENT@YOU@NEED"
        49 45 4E 54 40 59
        4F 55 40 4E 45 45
        44
   0A34 00                 1861 	.db 0x00
   0A35                    1862 ___str_16:
   0A35 54 49 50 3A 40 55  1863 	.ascii "TIP:@USE@THE@WELL"
        53 45 40 54 48 45
        40 57 45 4C 4C
   0A46 00                 1864 	.db 0x00
   0A47                    1865 ___str_17:
   0A47 57 48 45 4E 40 59  1866 	.ascii "WHEN@YOU@TAKE@MORE"
        4F 55 40 54 41 4B
        45 40 4D 4F 52 45
   0A59 00                 1867 	.db 0x00
   0A5A                    1868 ___str_18:
   0A5A 43 4F 49 4E 53 40  1869 	.ascii "COINS@THAN@YOU@NEED"
        54 48 41 4E 40 59
        4F 55 40 4E 45 45
        44
   0A6D 00                 1870 	.db 0x00
   0A6E                    1871 ___str_19:
   0A6E 54 49 50 3A 40 47  1872 	.ascii "TIP:@GO@TO@THE@EXIT"
        4F 40 54 4F 40 54
        48 45 40 45 58 49
        54
   0A81 00                 1873 	.db 0x00
   0A82                    1874 ___str_20:
   0A82 44 4F 4F 52 40 57  1875 	.ascii "DOOR@WHEN@YOU@HAVE"
        48 45 4E 40 59 4F
        55 40 48 41 56 45
   0A94 00                 1876 	.db 0x00
   0A95                    1877 ___str_21:
   0A95 54 48 45 40 52 49  1878 	.ascii "THE@RIGHT@POTION"
        47 48 54 40 50 4F
        54 49 4F 4E
   0AA5 00                 1879 	.db 0x00
                           1880 ;src/main.c:686: cpct_keyID ReturnKeyPressed() {
                           1881 ;	---------------------------------
                           1882 ; Function ReturnKeyPressed
                           1883 ; ---------------------------------
   0AA6                    1884 _ReturnKeyPressed::
   0AA6 DD E5         [15] 1885 	push	ix
   0AA8 DD 21 00 00   [14] 1886 	ld	ix,#0
   0AAC DD 39         [15] 1887 	add	ix,sp
   0AAE F5            [11] 1888 	push	af
                           1889 ;src/main.c:687: u8 i = 10, *keys = cpct_keyboardStatusBuffer + 9;
   0AAF 0E 0A         [ 7] 1890 	ld	c, #0x0a
                           1891 ;src/main.c:690: do { cpct_scanKeyboard(); } while ( ! cpct_isAnyKeyPressed() );
   0AB1                    1892 00101$:
   0AB1 C5            [11] 1893 	push	bc
   0AB2 CDr00r00      [17] 1894 	call	_cpct_scanKeyboard
   0AB5 CDr00r00      [17] 1895 	call	_cpct_isAnyKeyPressed
   0AB8 C1            [10] 1896 	pop	bc
   0AB9 7D            [ 4] 1897 	ld	a, l
   0ABA B7            [ 4] 1898 	or	a, a
   0ABB 28 F4         [12] 1899 	jr	Z,00101$
                           1900 ;src/main.c:692: do {
   0ABD 11r09r00      [10] 1901 	ld	de, #(_cpct_keyboardStatusBuffer + 0x0009)
   0AC0 06 0A         [ 7] 1902 	ld	b, #0x0a
   0AC2                    1903 00106$:
                           1904 ;src/main.c:693: keypressed = *keys ^ 0xFF;
   0AC2 1A            [ 7] 1905 	ld	a, (de)
   0AC3 EE FF         [ 7] 1906 	xor	a, #0xff
   0AC5 6F            [ 4] 1907 	ld	l, a
   0AC6 26 00         [ 7] 1908 	ld	h, #0x00
   0AC8 33            [ 6] 1909 	inc	sp
   0AC9 33            [ 6] 1910 	inc	sp
   0ACA E5            [11] 1911 	push	hl
                           1912 ;src/main.c:694: if (keypressed)
   0ACB 7C            [ 4] 1913 	ld	a, h
   0ACC B5            [ 4] 1914 	or	a,l
   0ACD 28 0B         [12] 1915 	jr	Z,00105$
                           1916 ;src/main.c:695: return (keypressed << 8) + (i - 1); 
   0ACF DD 66 FE      [19] 1917 	ld	h, -2 (ix)
   0AD2 2E 00         [ 7] 1918 	ld	l, #0x00
   0AD4 06 00         [ 7] 1919 	ld	b, #0x00
   0AD6 0B            [ 6] 1920 	dec	bc
   0AD7 09            [11] 1921 	add	hl, bc
   0AD8 18 0A         [12] 1922 	jr	00109$
   0ADA                    1923 00105$:
                           1924 ;src/main.c:696: keys--;
   0ADA 1B            [ 6] 1925 	dec	de
                           1926 ;src/main.c:697: } while(--i);    
   0ADB 05            [ 4] 1927 	dec	b
   0ADC 78            [ 4] 1928 	ld	a,b
   0ADD 4F            [ 4] 1929 	ld	c,a
   0ADE B7            [ 4] 1930 	or	a, a
   0ADF 20 E1         [12] 1931 	jr	NZ,00106$
                           1932 ;src/main.c:698: return 0;
   0AE1 21 00 00      [10] 1933 	ld	hl, #0x0000
   0AE4                    1934 00109$:
   0AE4 DD F9         [10] 1935 	ld	sp, ix
   0AE6 DD E1         [14] 1936 	pop	ix
   0AE8 C9            [10] 1937 	ret
                           1938 ;src/main.c:704: void Wait4Key(cpct_keyID key) {
                           1939 ;	---------------------------------
                           1940 ; Function Wait4Key
                           1941 ; ---------------------------------
   0AE9                    1942 _Wait4Key::
                           1943 ;src/main.c:705: do cpct_scanKeyboard_f();
   0AE9                    1944 00101$:
   0AE9 CDr00r00      [17] 1945 	call	_cpct_scanKeyboard_f
                           1946 ;src/main.c:706: while(!cpct_isKeyPressed(key));
   0AEC C1            [10] 1947 	pop	bc
   0AED E1            [10] 1948 	pop	hl
   0AEE E5            [11] 1949 	push	hl
   0AEF C5            [11] 1950 	push	bc
   0AF0 CDr00r00      [17] 1951 	call	_cpct_isKeyPressed
   0AF3 7D            [ 4] 1952 	ld	a, l
   0AF4 B7            [ 4] 1953 	or	a, a
   0AF5 28 F2         [12] 1954 	jr	Z,00101$
                           1955 ;src/main.c:707: do cpct_scanKeyboard_f();
   0AF7                    1956 00104$:
   0AF7 CDr00r00      [17] 1957 	call	_cpct_scanKeyboard_f
                           1958 ;src/main.c:708: while(cpct_isKeyPressed(key));
   0AFA C1            [10] 1959 	pop	bc
   0AFB E1            [10] 1960 	pop	hl
   0AFC E5            [11] 1961 	push	hl
   0AFD C5            [11] 1962 	push	bc
   0AFE CDr00r00      [17] 1963 	call	_cpct_isKeyPressed
   0B01 7D            [ 4] 1964 	ld	a, l
   0B02 B7            [ 4] 1965 	or	a, a
   0B03 20 F2         [12] 1966 	jr	NZ,00104$
   0B05 C9            [10] 1967 	ret
                           1968 ;src/main.c:713: cpct_keyID RedefineKey(u8 *info) {
                           1969 ;	---------------------------------
                           1970 ; Function RedefineKey
                           1971 ; ---------------------------------
   0B06                    1972 _RedefineKey::
                           1973 ;src/main.c:715: PrintText(info, 28, 120, 1);       
   0B06 21 78 01      [10] 1974 	ld	hl, #0x0178
   0B09 E5            [11] 1975 	push	hl
   0B0A 3E 1C         [ 7] 1976 	ld	a, #0x1c
   0B0C F5            [11] 1977 	push	af
   0B0D 33            [ 6] 1978 	inc	sp
   0B0E 21 05 00      [10] 1979 	ld	hl, #5
   0B11 39            [11] 1980 	add	hl, sp
   0B12 4E            [ 7] 1981 	ld	c, (hl)
   0B13 23            [ 6] 1982 	inc	hl
   0B14 46            [ 7] 1983 	ld	b, (hl)
   0B15 C5            [11] 1984 	push	bc
   0B16 CDr8Dr03      [17] 1985 	call	_PrintText
   0B19 F1            [10] 1986 	pop	af
   0B1A F1            [10] 1987 	pop	af
   0B1B 33            [ 6] 1988 	inc	sp
                           1989 ;src/main.c:716: key = ReturnKeyPressed();
   0B1C CDrA6r0A      [17] 1990 	call	_ReturnKeyPressed
                           1991 ;src/main.c:717: Wait4Key(key);
   0B1F E5            [11] 1992 	push	hl
   0B20 E5            [11] 1993 	push	hl
   0B21 CDrE9r0A      [17] 1994 	call	_Wait4Key
   0B24 26 01         [ 7] 1995 	ld	h,#0x01
   0B26 E3            [19] 1996 	ex	(sp),hl
   0B27 33            [ 6] 1997 	inc	sp
   0B28 01 00 00      [10] 1998 	ld	bc, #0x0000
   0B2B C5            [11] 1999 	push	bc
   0B2C 01 3B 00      [10] 2000 	ld	bc, #0x003b
   0B2F C5            [11] 2001 	push	bc
   0B30 01 01 0C      [10] 2002 	ld	bc, #0x0c01
   0B33 C5            [11] 2003 	push	bc
   0B34 CDr00r00      [17] 2004 	call	_cpct_akp_SFXPlay
   0B37 21 07 00      [10] 2005 	ld	hl, #7
   0B3A 39            [11] 2006 	add	hl, sp
   0B3B F9            [ 6] 2007 	ld	sp, hl
   0B3C E1            [10] 2008 	pop	hl
                           2009 ;src/main.c:719: return key;    
   0B3D C9            [10] 2010 	ret
                           2011 ;src/main.c:736: void RefreshHighScore(u8 player) __z88dk_fastcall {
                           2012 ;	---------------------------------
                           2013 ; Function RefreshHighScore
                           2014 ; ---------------------------------
   0B3E                    2015 _RefreshHighScore::
   0B3E 5D            [ 4] 2016 	ld	e, l
                           2017 ;src/main.c:737: if (highScore < score[player])
   0B3F 01r05r00      [10] 2018 	ld	bc, #_score+0
   0B42 6B            [ 4] 2019 	ld	l, e
   0B43 26 00         [ 7] 2020 	ld	h, #0x00
   0B45 29            [11] 2021 	add	hl, hl
   0B46 09            [11] 2022 	add	hl, bc
   0B47 4E            [ 7] 2023 	ld	c, (hl)
   0B48 23            [ 6] 2024 	inc	hl
   0B49 46            [ 7] 2025 	ld	b, (hl)
   0B4A FD 21r09r00   [14] 2026 	ld	iy, #_highScore
   0B4E FD 7E 00      [19] 2027 	ld	a, 0 (iy)
   0B51 91            [ 4] 2028 	sub	a, c
   0B52 FD 7E 01      [19] 2029 	ld	a, 1 (iy)
   0B55 98            [ 4] 2030 	sbc	a, b
   0B56 D0            [11] 2031 	ret	NC
                           2032 ;src/main.c:738: highScore = score[player];
   0B57 ED 43r09r00   [20] 2033 	ld	(_highScore), bc
   0B5B C9            [10] 2034 	ret
                           2035 ;src/main.c:743: void InitScoreboard() {
                           2036 ;	---------------------------------
                           2037 ; Function InitScoreboard
                           2038 ; ---------------------------------
   0B5C                    2039 _InitScoreboard::
                           2040 ;src/main.c:744: nPObj = 0;
   0B5C 21rAEr00      [10] 2041 	ld	hl,#_nPObj + 0
   0B5F 36 00         [10] 2042 	ld	(hl), #0x00
                           2043 ;src/main.c:745: PrintFrame(0,0,77,24);	
   0B61 21 4D 18      [10] 2044 	ld	hl, #0x184d
   0B64 E5            [11] 2045 	push	hl
   0B65 21 00 00      [10] 2046 	ld	hl, #0x0000
   0B68 E5            [11] 2047 	push	hl
   0B69 CDr30r04      [17] 2048 	call	_PrintFrame
   0B6C F1            [10] 2049 	pop	af
                           2050 ;src/main.c:748: cpct_drawSpriteMaskedAlignedTable(g_sorcerer1_06, cpct_getScreenPtr(CPCT_VMEM_START,  3, 4), SPR_W, SPR_H, g_maskTable);
   0B6D 21 03 04      [10] 2051 	ld	hl, #0x0403
   0B70 E3            [19] 2052 	ex	(sp),hl
   0B71 21 00 C0      [10] 2053 	ld	hl, #0xc000
   0B74 E5            [11] 2054 	push	hl
   0B75 CDr00r00      [17] 2055 	call	_cpct_getScreenPtr
   0B78 01r00r00      [10] 2056 	ld	bc, #_g_sorcerer1_06+0
   0B7B 11r00r01      [10] 2057 	ld	de, #_g_maskTable
   0B7E D5            [11] 2058 	push	de
   0B7F 11 05 0C      [10] 2059 	ld	de, #0x0c05
   0B82 D5            [11] 2060 	push	de
   0B83 E5            [11] 2061 	push	hl
   0B84 C5            [11] 2062 	push	bc
   0B85 CDr00r00      [17] 2063 	call	_cpct_drawSpriteMaskedAlignedTable
                           2064 ;src/main.c:749: PrintText("0000", 14, 6, 1); // player score
   0B88 21 06 01      [10] 2065 	ld	hl, #0x0106
   0B8B E5            [11] 2066 	push	hl
   0B8C 3E 0E         [ 7] 2067 	ld	a, #0x0e
   0B8E F5            [11] 2068 	push	af
   0B8F 33            [ 6] 2069 	inc	sp
   0B90 21rACr0C      [10] 2070 	ld	hl, #___str_22
   0B93 E5            [11] 2071 	push	hl
   0B94 CDr8Dr03      [17] 2072 	call	_PrintText
   0B97 F1            [10] 2073 	pop	af
                           2074 ;src/main.c:750: PrintObject(nPObj, 28, 6); PrintText("00", 32, 6, 1);	// coins score	
   0B98 33            [ 6] 2075 	inc	sp
   0B99 21 1C 06      [10] 2076 	ld	hl,#0x061c
   0B9C E3            [19] 2077 	ex	(sp),hl
   0B9D 3ArAEr00      [13] 2078 	ld	a, (_nPObj)
   0BA0 F5            [11] 2079 	push	af
   0BA1 33            [ 6] 2080 	inc	sp
   0BA2 CDr37r0E      [17] 2081 	call	_PrintObject
   0BA5 33            [ 6] 2082 	inc	sp
   0BA6 21 06 01      [10] 2083 	ld	hl,#0x0106
   0BA9 E3            [19] 2084 	ex	(sp),hl
   0BAA 3E 20         [ 7] 2085 	ld	a, #0x20
   0BAC F5            [11] 2086 	push	af
   0BAD 33            [ 6] 2087 	inc	sp
   0BAE 21rB1r0C      [10] 2088 	ld	hl, #___str_23
   0BB1 E5            [11] 2089 	push	hl
   0BB2 CDr8Dr03      [17] 2090 	call	_PrintText
   0BB5 F1            [10] 2091 	pop	af
                           2092 ;src/main.c:751: PrintText("<", 28, 15, 1); PrintText("00", 32, 15, 1);	// potion score
   0BB6 33            [ 6] 2093 	inc	sp
   0BB7 21 0F 01      [10] 2094 	ld	hl,#0x010f
   0BBA E3            [19] 2095 	ex	(sp),hl
   0BBB 3E 1C         [ 7] 2096 	ld	a, #0x1c
   0BBD F5            [11] 2097 	push	af
   0BBE 33            [ 6] 2098 	inc	sp
   0BBF 21rB4r0C      [10] 2099 	ld	hl, #___str_24
   0BC2 E5            [11] 2100 	push	hl
   0BC3 CDr8Dr03      [17] 2101 	call	_PrintText
   0BC6 F1            [10] 2102 	pop	af
   0BC7 33            [ 6] 2103 	inc	sp
   0BC8 21 0F 01      [10] 2104 	ld	hl,#0x010f
   0BCB E3            [19] 2105 	ex	(sp),hl
   0BCC 3E 20         [ 7] 2106 	ld	a, #0x20
   0BCE F5            [11] 2107 	push	af
   0BCF 33            [ 6] 2108 	inc	sp
   0BD0 21rB1r0C      [10] 2109 	ld	hl, #___str_23
   0BD3 E5            [11] 2110 	push	hl
   0BD4 CDr8Dr03      [17] 2111 	call	_PrintText
   0BD7 F1            [10] 2112 	pop	af
   0BD8 F1            [10] 2113 	pop	af
   0BD9 33            [ 6] 2114 	inc	sp
                           2115 ;src/main.c:754: if (TwoPlayers) {
   0BDA 3Ar04r00      [13] 2116 	ld	a,(#_TwoPlayers + 0)
   0BDD B7            [ 4] 2117 	or	a, a
   0BDE 28 6E         [12] 2118 	jr	Z,00102$
                           2119 ;src/main.c:755: cpct_drawSpriteMaskedAlignedTable(g_sorcerer2_06, cpct_getScreenPtr(CPCT_VMEM_START, 42, 4), SPR_W, SPR_H, g_maskTable);
   0BE0 21 2A 04      [10] 2120 	ld	hl, #0x042a
   0BE3 E5            [11] 2121 	push	hl
   0BE4 21 00 C0      [10] 2122 	ld	hl, #0xc000
   0BE7 E5            [11] 2123 	push	hl
   0BE8 CDr00r00      [17] 2124 	call	_cpct_getScreenPtr
   0BEB 01r00r00      [10] 2125 	ld	bc, #_g_sorcerer2_06+0
   0BEE 11r00r01      [10] 2126 	ld	de, #_g_maskTable
   0BF1 D5            [11] 2127 	push	de
   0BF2 11 05 0C      [10] 2128 	ld	de, #0x0c05
   0BF5 D5            [11] 2129 	push	de
   0BF6 E5            [11] 2130 	push	hl
   0BF7 C5            [11] 2131 	push	bc
   0BF8 CDr00r00      [17] 2132 	call	_cpct_drawSpriteMaskedAlignedTable
                           2133 ;src/main.c:756: PrintText("0000", 53, 6, 1); // player score
   0BFB 21 06 01      [10] 2134 	ld	hl, #0x0106
   0BFE E5            [11] 2135 	push	hl
   0BFF 3E 35         [ 7] 2136 	ld	a, #0x35
   0C01 F5            [11] 2137 	push	af
   0C02 33            [ 6] 2138 	inc	sp
   0C03 21rACr0C      [10] 2139 	ld	hl, #___str_22
   0C06 E5            [11] 2140 	push	hl
   0C07 CDr8Dr03      [17] 2141 	call	_PrintText
   0C0A F1            [10] 2142 	pop	af
                           2143 ;src/main.c:757: PrintObject(nPObj, 67, 6); PrintText("00", 71, 6, 1);	// coins score
   0C0B 33            [ 6] 2144 	inc	sp
   0C0C 21 43 06      [10] 2145 	ld	hl,#0x0643
   0C0F E3            [19] 2146 	ex	(sp),hl
   0C10 3ArAEr00      [13] 2147 	ld	a, (_nPObj)
   0C13 F5            [11] 2148 	push	af
   0C14 33            [ 6] 2149 	inc	sp
   0C15 CDr37r0E      [17] 2150 	call	_PrintObject
   0C18 33            [ 6] 2151 	inc	sp
   0C19 21 06 01      [10] 2152 	ld	hl,#0x0106
   0C1C E3            [19] 2153 	ex	(sp),hl
   0C1D 3E 47         [ 7] 2154 	ld	a, #0x47
   0C1F F5            [11] 2155 	push	af
   0C20 33            [ 6] 2156 	inc	sp
   0C21 21rB1r0C      [10] 2157 	ld	hl, #___str_23
   0C24 E5            [11] 2158 	push	hl
   0C25 CDr8Dr03      [17] 2159 	call	_PrintText
   0C28 F1            [10] 2160 	pop	af
                           2161 ;src/main.c:758: PrintText("<", 67, 15, 1); PrintText("00", 71, 15, 1);	// potion score
   0C29 33            [ 6] 2162 	inc	sp
   0C2A 21 0F 01      [10] 2163 	ld	hl,#0x010f
   0C2D E3            [19] 2164 	ex	(sp),hl
   0C2E 3E 43         [ 7] 2165 	ld	a, #0x43
   0C30 F5            [11] 2166 	push	af
   0C31 33            [ 6] 2167 	inc	sp
   0C32 21rB4r0C      [10] 2168 	ld	hl, #___str_24
   0C35 E5            [11] 2169 	push	hl
   0C36 CDr8Dr03      [17] 2170 	call	_PrintText
   0C39 F1            [10] 2171 	pop	af
   0C3A 33            [ 6] 2172 	inc	sp
   0C3B 21 0F 01      [10] 2173 	ld	hl,#0x010f
   0C3E E3            [19] 2174 	ex	(sp),hl
   0C3F 3E 47         [ 7] 2175 	ld	a, #0x47
   0C41 F5            [11] 2176 	push	af
   0C42 33            [ 6] 2177 	inc	sp
   0C43 21rB1r0C      [10] 2178 	ld	hl, #___str_23
   0C46 E5            [11] 2179 	push	hl
   0C47 CDr8Dr03      [17] 2180 	call	_PrintText
   0C4A F1            [10] 2181 	pop	af
   0C4B F1            [10] 2182 	pop	af
   0C4C 33            [ 6] 2183 	inc	sp
   0C4D C9            [10] 2184 	ret
   0C4E                    2185 00102$:
                           2186 ;src/main.c:761: PrintText("HIGH:", 44, 6 , 1);
   0C4E 21 06 01      [10] 2187 	ld	hl, #0x0106
   0C51 E5            [11] 2188 	push	hl
   0C52 3E 2C         [ 7] 2189 	ld	a, #0x2c
   0C54 F5            [11] 2190 	push	af
   0C55 33            [ 6] 2191 	inc	sp
   0C56 21rB6r0C      [10] 2192 	ld	hl, #___str_25
   0C59 E5            [11] 2193 	push	hl
   0C5A CDr8Dr03      [17] 2194 	call	_PrintText
   0C5D F1            [10] 2195 	pop	af
                           2196 ;src/main.c:762: PrintText("00000", 61, 6, 1); 
   0C5E 33            [ 6] 2197 	inc	sp
   0C5F 21 06 01      [10] 2198 	ld	hl,#0x0106
   0C62 E3            [19] 2199 	ex	(sp),hl
   0C63 3E 3D         [ 7] 2200 	ld	a, #0x3d
   0C65 F5            [11] 2201 	push	af
   0C66 33            [ 6] 2202 	inc	sp
   0C67 21rBCr0C      [10] 2203 	ld	hl, #___str_26
   0C6A E5            [11] 2204 	push	hl
   0C6B CDr8Dr03      [17] 2205 	call	_PrintText
   0C6E F1            [10] 2206 	pop	af
                           2207 ;src/main.c:763: PrintNumber(highScore, 5, 61, 6, 1); // high score
   0C6F 33            [ 6] 2208 	inc	sp
   0C70 21 06 01      [10] 2209 	ld	hl,#0x0106
   0C73 E3            [19] 2210 	ex	(sp),hl
   0C74 21 05 3D      [10] 2211 	ld	hl, #0x3d05
   0C77 E5            [11] 2212 	push	hl
   0C78 2Ar09r00      [16] 2213 	ld	hl, (_highScore)
   0C7B E5            [11] 2214 	push	hl
   0C7C CDrBEr02      [17] 2215 	call	_PrintNumber
   0C7F 21 06 00      [10] 2216 	ld	hl, #6
   0C82 39            [11] 2217 	add	hl, sp
   0C83 F9            [ 6] 2218 	ld	sp, hl
                           2219 ;src/main.c:764: cpct_drawSolidBox(cpctm_screenPtr(CPCT_VMEM_START, 60, 16), cpct_px2byteM0(BG_COLOR, BG_COLOR), 16, 8); // key
   0C84 21 01 01      [10] 2220 	ld	hl, #0x0101
   0C87 E5            [11] 2221 	push	hl
   0C88 CDr00r00      [17] 2222 	call	_cpct_px2byteM0
   0C8B 26 00         [ 7] 2223 	ld	h, #0x00
   0C8D 01 10 08      [10] 2224 	ld	bc, #0x0810
   0C90 C5            [11] 2225 	push	bc
   0C91 E5            [11] 2226 	push	hl
   0C92 21 DC C0      [10] 2227 	ld	hl, #0xc0dc
   0C95 E5            [11] 2228 	push	hl
   0C96 CDr00r00      [17] 2229 	call	_cpct_drawSolidBox
                           2230 ;src/main.c:765: PrintText("KEY:", 47, 15, 1);
   0C99 21 0F 01      [10] 2231 	ld	hl, #0x010f
   0C9C E5            [11] 2232 	push	hl
   0C9D 3E 2F         [ 7] 2233 	ld	a, #0x2f
   0C9F F5            [11] 2234 	push	af
   0CA0 33            [ 6] 2235 	inc	sp
   0CA1 21rC2r0C      [10] 2236 	ld	hl, #___str_27
   0CA4 E5            [11] 2237 	push	hl
   0CA5 CDr8Dr03      [17] 2238 	call	_PrintText
   0CA8 F1            [10] 2239 	pop	af
   0CA9 F1            [10] 2240 	pop	af
   0CAA 33            [ 6] 2241 	inc	sp
   0CAB C9            [10] 2242 	ret
   0CAC                    2243 ___str_22:
   0CAC 30 30 30 30        2244 	.ascii "0000"
   0CB0 00                 2245 	.db 0x00
   0CB1                    2246 ___str_23:
   0CB1 30 30              2247 	.ascii "00"
   0CB3 00                 2248 	.db 0x00
   0CB4                    2249 ___str_24:
   0CB4 3C                 2250 	.ascii "<"
   0CB5 00                 2251 	.db 0x00
   0CB6                    2252 ___str_25:
   0CB6 48 49 47 48 3A     2253 	.ascii "HIGH:"
   0CBB 00                 2254 	.db 0x00
   0CBC                    2255 ___str_26:
   0CBC 30 30 30 30 30     2256 	.ascii "00000"
   0CC1 00                 2257 	.db 0x00
   0CC2                    2258 ___str_27:
   0CC2 4B 45 59 3A        2259 	.ascii "KEY:"
   0CC6 00                 2260 	.db 0x00
                           2261 ;src/main.c:771: void RefreshScoreboard() { 
                           2262 ;	---------------------------------
                           2263 ; Function RefreshScoreboard
                           2264 ; ---------------------------------
   0CC7                    2265 _RefreshScoreboard::
                           2266 ;src/main.c:773: PrintNumber(spr[0].lives_speed,  1,  8, 6, 1); 		// lives
   0CC7 21r45r00      [10] 2267 	ld	hl, #_spr + 11
   0CCA 4E            [ 7] 2268 	ld	c, (hl)
   0CCB 06 00         [ 7] 2269 	ld	b, #0x00
   0CCD 21 06 01      [10] 2270 	ld	hl, #0x0106
   0CD0 E5            [11] 2271 	push	hl
   0CD1 21 01 08      [10] 2272 	ld	hl, #0x0801
   0CD4 E5            [11] 2273 	push	hl
   0CD5 C5            [11] 2274 	push	bc
   0CD6 CDrBEr02      [17] 2275 	call	_PrintNumber
   0CD9 21 06 00      [10] 2276 	ld	hl, #6
   0CDC 39            [11] 2277 	add	hl, sp
   0CDD F9            [ 6] 2278 	ld	sp, hl
                           2279 ;src/main.c:774: PrintNumber(score[0], 4, 14, 6, 1);		 			// current score
   0CDE 2Ar05r00      [16] 2280 	ld	hl, (#_score + 0)
   0CE1 01 06 01      [10] 2281 	ld	bc, #0x0106
   0CE4 C5            [11] 2282 	push	bc
   0CE5 01 04 0E      [10] 2283 	ld	bc, #0x0e04
   0CE8 C5            [11] 2284 	push	bc
   0CE9 E5            [11] 2285 	push	hl
   0CEA CDrBEr02      [17] 2286 	call	_PrintNumber
   0CED 21 06 00      [10] 2287 	ld	hl, #6
   0CF0 39            [11] 2288 	add	hl, sp
   0CF1 F9            [ 6] 2289 	ld	sp, hl
                           2290 ;src/main.c:775: PrintText("0", 32, 6, 1);
   0CF2 21 06 01      [10] 2291 	ld	hl, #0x0106
   0CF5 E5            [11] 2292 	push	hl
   0CF6 3E 20         [ 7] 2293 	ld	a, #0x20
   0CF8 F5            [11] 2294 	push	af
   0CF9 33            [ 6] 2295 	inc	sp
   0CFA 21rDEr0D      [10] 2296 	ld	hl, #___str_28
   0CFD E5            [11] 2297 	push	hl
   0CFE CDr8Dr03      [17] 2298 	call	_PrintText
   0D01 F1            [10] 2299 	pop	af
   0D02 F1            [10] 2300 	pop	af
   0D03 33            [ 6] 2301 	inc	sp
                           2302 ;src/main.c:776: PrintNumber(coinScore[0], 2, 32, 6, 1); 			// coin score
   0D04 21r0Dr00      [10] 2303 	ld	hl, #_coinScore + 0
   0D07 4E            [ 7] 2304 	ld	c, (hl)
   0D08 06 00         [ 7] 2305 	ld	b, #0x00
   0D0A 21 06 01      [10] 2306 	ld	hl, #0x0106
   0D0D E5            [11] 2307 	push	hl
   0D0E 21 02 20      [10] 2308 	ld	hl, #0x2002
   0D11 E5            [11] 2309 	push	hl
   0D12 C5            [11] 2310 	push	bc
   0D13 CDrBEr02      [17] 2311 	call	_PrintNumber
   0D16 21 06 00      [10] 2312 	ld	hl, #6
   0D19 39            [11] 2313 	add	hl, sp
   0D1A F9            [ 6] 2314 	ld	sp, hl
                           2315 ;src/main.c:777: PrintText("0", 32, 15, 1);
   0D1B 21 0F 01      [10] 2316 	ld	hl, #0x010f
   0D1E E5            [11] 2317 	push	hl
   0D1F 3E 20         [ 7] 2318 	ld	a, #0x20
   0D21 F5            [11] 2319 	push	af
   0D22 33            [ 6] 2320 	inc	sp
   0D23 21rDEr0D      [10] 2321 	ld	hl, #___str_28
   0D26 E5            [11] 2322 	push	hl
   0D27 CDr8Dr03      [17] 2323 	call	_PrintText
   0D2A F1            [10] 2324 	pop	af
   0D2B F1            [10] 2325 	pop	af
   0D2C 33            [ 6] 2326 	inc	sp
                           2327 ;src/main.c:778: PrintNumber(potScore[0], 2, 32, 15, 1); 			// potion score
   0D2D 21r0Br00      [10] 2328 	ld	hl, #_potScore + 0
   0D30 4E            [ 7] 2329 	ld	c, (hl)
   0D31 06 00         [ 7] 2330 	ld	b, #0x00
   0D33 21 0F 01      [10] 2331 	ld	hl, #0x010f
   0D36 E5            [11] 2332 	push	hl
   0D37 21 02 20      [10] 2333 	ld	hl, #0x2002
   0D3A E5            [11] 2334 	push	hl
   0D3B C5            [11] 2335 	push	bc
   0D3C CDrBEr02      [17] 2336 	call	_PrintNumber
   0D3F 21 06 00      [10] 2337 	ld	hl, #6
   0D42 39            [11] 2338 	add	hl, sp
   0D43 F9            [ 6] 2339 	ld	sp, hl
                           2340 ;src/main.c:780: if (TwoPlayers) {
   0D44 3Ar04r00      [13] 2341 	ld	a,(#_TwoPlayers + 0)
   0D47 B7            [ 4] 2342 	or	a, a
   0D48 CArC9r0D      [10] 2343 	jp	Z, 00102$
                           2344 ;src/main.c:781: PrintNumber(spr[1].lives_speed,  1, 47, 6, 1); 	// lives
   0D4B 21r54r00      [10] 2345 	ld	hl, #_spr + 26
   0D4E 4E            [ 7] 2346 	ld	c, (hl)
   0D4F 06 00         [ 7] 2347 	ld	b, #0x00
   0D51 21 06 01      [10] 2348 	ld	hl, #0x0106
   0D54 E5            [11] 2349 	push	hl
   0D55 21 01 2F      [10] 2350 	ld	hl, #0x2f01
   0D58 E5            [11] 2351 	push	hl
   0D59 C5            [11] 2352 	push	bc
   0D5A CDrBEr02      [17] 2353 	call	_PrintNumber
   0D5D 21 06 00      [10] 2354 	ld	hl, #6
   0D60 39            [11] 2355 	add	hl, sp
   0D61 F9            [ 6] 2356 	ld	sp, hl
                           2357 ;src/main.c:782: PrintNumber(score[1], 4, 53, 6, 1);		 		// current score
   0D62 2Ar07r00      [16] 2358 	ld	hl, (#_score + 2)
   0D65 01 06 01      [10] 2359 	ld	bc, #0x0106
   0D68 C5            [11] 2360 	push	bc
   0D69 01 04 35      [10] 2361 	ld	bc, #0x3504
   0D6C C5            [11] 2362 	push	bc
   0D6D E5            [11] 2363 	push	hl
   0D6E CDrBEr02      [17] 2364 	call	_PrintNumber
   0D71 21 06 00      [10] 2365 	ld	hl, #6
   0D74 39            [11] 2366 	add	hl, sp
   0D75 F9            [ 6] 2367 	ld	sp, hl
                           2368 ;src/main.c:783: PrintText("0", 71, 6, 1);
   0D76 21 06 01      [10] 2369 	ld	hl, #0x0106
   0D79 E5            [11] 2370 	push	hl
   0D7A 3E 47         [ 7] 2371 	ld	a, #0x47
   0D7C F5            [11] 2372 	push	af
   0D7D 33            [ 6] 2373 	inc	sp
   0D7E 21rDEr0D      [10] 2374 	ld	hl, #___str_28
   0D81 E5            [11] 2375 	push	hl
   0D82 CDr8Dr03      [17] 2376 	call	_PrintText
   0D85 F1            [10] 2377 	pop	af
   0D86 F1            [10] 2378 	pop	af
   0D87 33            [ 6] 2379 	inc	sp
                           2380 ;src/main.c:784: PrintNumber(coinScore[1], 2, 71, 6, 1); 		// coin score
   0D88 21r0Er00      [10] 2381 	ld	hl, #_coinScore + 1
   0D8B 4E            [ 7] 2382 	ld	c, (hl)
   0D8C 06 00         [ 7] 2383 	ld	b, #0x00
   0D8E 21 06 01      [10] 2384 	ld	hl, #0x0106
   0D91 E5            [11] 2385 	push	hl
   0D92 21 02 47      [10] 2386 	ld	hl, #0x4702
   0D95 E5            [11] 2387 	push	hl
   0D96 C5            [11] 2388 	push	bc
   0D97 CDrBEr02      [17] 2389 	call	_PrintNumber
   0D9A 21 06 00      [10] 2390 	ld	hl, #6
   0D9D 39            [11] 2391 	add	hl, sp
   0D9E F9            [ 6] 2392 	ld	sp, hl
                           2393 ;src/main.c:785: PrintText("0", 71, 15, 1);
   0D9F 21 0F 01      [10] 2394 	ld	hl, #0x010f
   0DA2 E5            [11] 2395 	push	hl
   0DA3 3E 47         [ 7] 2396 	ld	a, #0x47
   0DA5 F5            [11] 2397 	push	af
   0DA6 33            [ 6] 2398 	inc	sp
   0DA7 21rDEr0D      [10] 2399 	ld	hl, #___str_28
   0DAA E5            [11] 2400 	push	hl
   0DAB CDr8Dr03      [17] 2401 	call	_PrintText
   0DAE F1            [10] 2402 	pop	af
   0DAF F1            [10] 2403 	pop	af
   0DB0 33            [ 6] 2404 	inc	sp
                           2405 ;src/main.c:786: PrintNumber(potScore[1], 2, 71, 15, 1); 		// potion score
   0DB1 21r0Cr00      [10] 2406 	ld	hl, #_potScore + 1
   0DB4 4E            [ 7] 2407 	ld	c, (hl)
   0DB5 06 00         [ 7] 2408 	ld	b, #0x00
   0DB7 21 0F 01      [10] 2409 	ld	hl, #0x010f
   0DBA E5            [11] 2410 	push	hl
   0DBB 21 02 47      [10] 2411 	ld	hl, #0x4702
   0DBE E5            [11] 2412 	push	hl
   0DBF C5            [11] 2413 	push	bc
   0DC0 CDrBEr02      [17] 2414 	call	_PrintNumber
   0DC3 21 06 00      [10] 2415 	ld	hl, #6
   0DC6 39            [11] 2416 	add	hl, sp
   0DC7 F9            [ 6] 2417 	ld	sp, hl
   0DC8 C9            [10] 2418 	ret
   0DC9                    2419 00102$:
                           2420 ;src/main.c:789: PrintNumber(highScore, 5, 61, 6, 1);
   0DC9 21 06 01      [10] 2421 	ld	hl, #0x0106
   0DCC E5            [11] 2422 	push	hl
   0DCD 21 05 3D      [10] 2423 	ld	hl, #0x3d05
   0DD0 E5            [11] 2424 	push	hl
   0DD1 2Ar09r00      [16] 2425 	ld	hl, (_highScore)
   0DD4 E5            [11] 2426 	push	hl
   0DD5 CDrBEr02      [17] 2427 	call	_PrintNumber
   0DD8 21 06 00      [10] 2428 	ld	hl, #6
   0DDB 39            [11] 2429 	add	hl, sp
   0DDC F9            [ 6] 2430 	ld	sp, hl
   0DDD C9            [10] 2431 	ret
   0DDE                    2432 ___str_28:
   0DDE 30                 2433 	.ascii "0"
   0DDF 00                 2434 	.db 0x00
                           2435 ;src/main.c:806: void ResetObjData(u8 player) __z88dk_fastcall {
                           2436 ;	---------------------------------
                           2437 ; Function ResetObjData
                           2438 ; ---------------------------------
   0DE0                    2439 _ResetObjData::
   0DE0 4D            [ 4] 2440 	ld	c, l
                           2441 ;src/main.c:807: spr[player].objNum_mov = 0; // number of objects
   0DE1 11r3Ar00      [10] 2442 	ld	de, #_spr+0
   0DE4 06 00         [ 7] 2443 	ld	b,#0x00
   0DE6 69            [ 4] 2444 	ld	l, c
   0DE7 60            [ 4] 2445 	ld	h, b
   0DE8 29            [11] 2446 	add	hl, hl
   0DE9 09            [11] 2447 	add	hl, bc
   0DEA 29            [11] 2448 	add	hl, hl
   0DEB 09            [11] 2449 	add	hl, bc
   0DEC 29            [11] 2450 	add	hl, hl
   0DED 09            [11] 2451 	add	hl, bc
   0DEE 19            [11] 2452 	add	hl, de
   0DEF 11 0C 00      [10] 2453 	ld	de, #0x000c
   0DF2 19            [11] 2454 	add	hl, de
   0DF3 36 00         [10] 2455 	ld	(hl), #0x00
                           2456 ;src/main.c:808: potScore[player] = 0; // potion value
   0DF5 11r0Br00      [10] 2457 	ld	de, #_potScore+0
   0DF8 69            [ 4] 2458 	ld	l,c
   0DF9 26 00         [ 7] 2459 	ld	h,#0x00
   0DFB 19            [11] 2460 	add	hl, de
   0DFC 36 00         [10] 2461 	ld	(hl), #0x00
                           2462 ;src/main.c:809: coinScore[player] = 0; // money
   0DFE 11r0Dr00      [10] 2463 	ld	de, #_coinScore+0
   0E01 69            [ 4] 2464 	ld	l,c
   0E02 26 00         [ 7] 2465 	ld	h,#0x00
   0E04 19            [11] 2466 	add	hl, de
   0E05 36 00         [10] 2467 	ld	(hl), #0x00
                           2468 ;src/main.c:811: if (player == 0)
   0E07 79            [ 4] 2469 	ld	a, c
   0E08 B7            [ 4] 2470 	or	a, a
   0E09 20 16         [12] 2471 	jr	NZ,00102$
                           2472 ;src/main.c:812: cpct_drawSolidBox(cpctm_screenPtr(CPCT_VMEM_START, 7, 16), cpct_px2byteM0(BG_COLOR, BG_COLOR), 20, 8);
   0E0B 21 01 01      [10] 2473 	ld	hl, #0x0101
   0E0E E5            [11] 2474 	push	hl
   0E0F CDr00r00      [17] 2475 	call	_cpct_px2byteM0
   0E12 26 00         [ 7] 2476 	ld	h, #0x00
   0E14 01 14 08      [10] 2477 	ld	bc, #0x0814
   0E17 C5            [11] 2478 	push	bc
   0E18 E5            [11] 2479 	push	hl
   0E19 21 A7 C0      [10] 2480 	ld	hl, #0xc0a7
   0E1C E5            [11] 2481 	push	hl
   0E1D CDr00r00      [17] 2482 	call	_cpct_drawSolidBox
   0E20 C9            [10] 2483 	ret
   0E21                    2484 00102$:
                           2485 ;src/main.c:814: cpct_drawSolidBox(cpctm_screenPtr(CPCT_VMEM_START, 46, 16), cpct_px2byteM0(BG_COLOR, BG_COLOR), 20, 8);
   0E21 21 01 01      [10] 2486 	ld	hl, #0x0101
   0E24 E5            [11] 2487 	push	hl
   0E25 CDr00r00      [17] 2488 	call	_cpct_px2byteM0
   0E28 26 00         [ 7] 2489 	ld	h, #0x00
   0E2A 01 14 08      [10] 2490 	ld	bc, #0x0814
   0E2D C5            [11] 2491 	push	bc
   0E2E E5            [11] 2492 	push	hl
   0E2F 21 CE C0      [10] 2493 	ld	hl, #0xc0ce
   0E32 E5            [11] 2494 	push	hl
   0E33 CDr00r00      [17] 2495 	call	_cpct_drawSolidBox
   0E36 C9            [10] 2496 	ret
                           2497 ;src/main.c:819: void PrintObject(u8 nObj, u8 objX, u8 objY) {
                           2498 ;	---------------------------------
                           2499 ; Function PrintObject
                           2500 ; ---------------------------------
   0E37                    2501 _PrintObject::
   0E37 DD E5         [15] 2502 	push	ix
   0E39 DD 21 00 00   [14] 2503 	ld	ix,#0
   0E3D DD 39         [15] 2504 	add	ix,sp
                           2505 ;src/main.c:821: OBJ_W, OBJ_H, g_maskTable);
                           2506 ;src/main.c:820: cpct_drawSpriteMaskedAlignedTable(g_objects[nObj], cpct_getScreenPtr(CPCT_VMEM_START, objX, objY),
   0E3F DD 66 06      [19] 2507 	ld	h, 6 (ix)
   0E42 DD 6E 05      [19] 2508 	ld	l, 5 (ix)
   0E45 E5            [11] 2509 	push	hl
   0E46 21 00 C0      [10] 2510 	ld	hl, #0xc000
   0E49 E5            [11] 2511 	push	hl
   0E4A CDr00r00      [17] 2512 	call	_cpct_getScreenPtr
   0E4D 4D            [ 4] 2513 	ld	c, l
   0E4E 44            [ 4] 2514 	ld	b, h
   0E4F 11r00r00      [10] 2515 	ld	de, #_g_objects+0
   0E52 DD 6E 04      [19] 2516 	ld	l, 4 (ix)
   0E55 26 00         [ 7] 2517 	ld	h, #0x00
   0E57 29            [11] 2518 	add	hl, hl
   0E58 29            [11] 2519 	add	hl, hl
   0E59 29            [11] 2520 	add	hl, hl
   0E5A 29            [11] 2521 	add	hl, hl
   0E5B 29            [11] 2522 	add	hl, hl
   0E5C 19            [11] 2523 	add	hl, de
   0E5D 11r00r01      [10] 2524 	ld	de, #_g_maskTable
   0E60 D5            [11] 2525 	push	de
   0E61 11 04 08      [10] 2526 	ld	de, #0x0804
   0E64 D5            [11] 2527 	push	de
   0E65 C5            [11] 2528 	push	bc
   0E66 E5            [11] 2529 	push	hl
   0E67 CDr00r00      [17] 2530 	call	_cpct_drawSpriteMaskedAlignedTable
   0E6A DD E1         [14] 2531 	pop	ix
   0E6C C9            [10] 2532 	ret
                           2533 ;src/main.c:826: void DeleteObject(u8 index) __z88dk_fastcall {
                           2534 ;	---------------------------------
                           2535 ; Function DeleteObject
                           2536 ; ---------------------------------
   0E6D                    2537 _DeleteObject::
   0E6D DD E5         [15] 2538 	push	ix
   0E6F DD 21 00 00   [14] 2539 	ld	ix,#0
   0E73 DD 39         [15] 2540 	add	ix,sp
   0E75 F5            [11] 2541 	push	af
   0E76 3B            [ 6] 2542 	dec	sp
   0E77 4D            [ 4] 2543 	ld	c, l
                           2544 ;src/main.c:828: 2 + (objX[index] & 1), 2 + (objY[index] & 3 ? 1 : 0), MAP_W, 
   0E78 11rACr00      [10] 2545 	ld	de, #_objY+0
   0E7B 69            [ 4] 2546 	ld	l,c
   0E7C 26 00         [ 7] 2547 	ld	h,#0x00
   0E7E 19            [11] 2548 	add	hl, de
   0E7F 46            [ 7] 2549 	ld	b, (hl)
   0E80 78            [ 4] 2550 	ld	a, b
   0E81 E6 03         [ 7] 2551 	and	a, #0x03
   0E83 28 04         [12] 2552 	jr	Z,00103$
   0E85 3E 01         [ 7] 2553 	ld	a, #0x01
   0E87 18 02         [12] 2554 	jr	00104$
   0E89                    2555 00103$:
   0E89 3E 00         [ 7] 2556 	ld	a, #0x00
   0E8B                    2557 00104$:
   0E8B C6 02         [ 7] 2558 	add	a, #0x02
   0E8D DD 77 FF      [19] 2559 	ld	-1 (ix), a
   0E90 11rAAr00      [10] 2560 	ld	de, #_objX+0
   0E93 69            [ 4] 2561 	ld	l,c
   0E94 26 00         [ 7] 2562 	ld	h,#0x00
   0E96 19            [11] 2563 	add	hl, de
   0E97 5E            [ 7] 2564 	ld	e, (hl)
   0E98 7B            [ 4] 2565 	ld	a, e
   0E99 E6 01         [ 7] 2566 	and	a, #0x01
   0E9B 57            [ 4] 2567 	ld	d, a
   0E9C 14            [ 4] 2568 	inc	d
   0E9D 14            [ 4] 2569 	inc	d
                           2570 ;src/main.c:827: cpct_etm_drawTileBox2x4(objX[index] / 2, (objY[index] - ORIG_MAP_Y) / 4,
   0E9E 48            [ 4] 2571 	ld	c, b
   0E9F 06 00         [ 7] 2572 	ld	b, #0x00
   0EA1 79            [ 4] 2573 	ld	a, c
   0EA2 C6 E0         [ 7] 2574 	add	a, #0xe0
   0EA4 DD 77 FD      [19] 2575 	ld	-3 (ix), a
   0EA7 78            [ 4] 2576 	ld	a, b
   0EA8 CE FF         [ 7] 2577 	adc	a, #0xff
   0EAA DD 77 FE      [19] 2578 	ld	-2 (ix), a
   0EAD E1            [10] 2579 	pop	hl
   0EAE E5            [11] 2580 	push	hl
   0EAF DD CB FE 7E   [20] 2581 	bit	7, -2 (ix)
   0EB3 28 04         [12] 2582 	jr	Z,00105$
   0EB5 21 E3 FF      [10] 2583 	ld	hl, #0xffe3
   0EB8 09            [11] 2584 	add	hl, bc
   0EB9                    2585 00105$:
   0EB9 CB 2C         [ 8] 2586 	sra	h
   0EBB CB 1D         [ 8] 2587 	rr	l
   0EBD CB 2C         [ 8] 2588 	sra	h
   0EBF CB 1D         [ 8] 2589 	rr	l
   0EC1 4D            [ 4] 2590 	ld	c, l
   0EC2 CB 3B         [ 8] 2591 	srl	e
   0EC4 21 71 0F      [10] 2592 	ld	hl, #0x0f71
   0EC7 E5            [11] 2593 	push	hl
   0EC8 21 40 C1      [10] 2594 	ld	hl, #0xc140
   0ECB E5            [11] 2595 	push	hl
   0ECC 3E 28         [ 7] 2596 	ld	a, #0x28
   0ECE F5            [11] 2597 	push	af
   0ECF 33            [ 6] 2598 	inc	sp
   0ED0 DD 7E FF      [19] 2599 	ld	a, -1 (ix)
   0ED3 F5            [11] 2600 	push	af
   0ED4 33            [ 6] 2601 	inc	sp
   0ED5 D5            [11] 2602 	push	de
   0ED6 33            [ 6] 2603 	inc	sp
   0ED7 51            [ 4] 2604 	ld	d, c
   0ED8 D5            [11] 2605 	push	de
   0ED9 CDr00r00      [17] 2606 	call	_cpct_etm_drawTileBox2x4
   0EDC DD F9         [10] 2607 	ld	sp, ix
   0EDE DD E1         [14] 2608 	pop	ix
   0EE0 C9            [10] 2609 	ret
                           2610 ;src/main.c:834: void PrintDust(u8 nFrame, u8 index) {
                           2611 ;	---------------------------------
                           2612 ; Function PrintDust
                           2613 ; ---------------------------------
   0EE1                    2614 _PrintDust::
   0EE1 DD E5         [15] 2615 	push	ix
   0EE3 DD 21 00 00   [14] 2616 	ld	ix,#0
   0EE7 DD 39         [15] 2617 	add	ix,sp
                           2618 ;src/main.c:837: OBJ_W, OBJ_H, g_maskTable);
                           2619 ;src/main.c:836: cpct_getScreenPtr(CPCT_VMEM_START, objX[index], objY[index]), 
   0EE9 01rACr00      [10] 2620 	ld	bc, #_objY+0
   0EEC DD 6E 05      [19] 2621 	ld	l,5 (ix)
   0EEF 26 00         [ 7] 2622 	ld	h,#0x00
   0EF1 09            [11] 2623 	add	hl, bc
   0EF2 56            [ 7] 2624 	ld	d, (hl)
   0EF3 01rAAr00      [10] 2625 	ld	bc, #_objX+0
   0EF6 DD 6E 05      [19] 2626 	ld	l,5 (ix)
   0EF9 26 00         [ 7] 2627 	ld	h,#0x00
   0EFB 09            [11] 2628 	add	hl, bc
   0EFC 5E            [ 7] 2629 	ld	e, (hl)
   0EFD D5            [11] 2630 	push	de
   0EFE 21 00 C0      [10] 2631 	ld	hl, #0xc000
   0F01 E5            [11] 2632 	push	hl
   0F02 CDr00r00      [17] 2633 	call	_cpct_getScreenPtr
   0F05 4D            [ 4] 2634 	ld	c, l
   0F06 44            [ 4] 2635 	ld	b, h
                           2636 ;src/main.c:835: cpct_drawSpriteMaskedAlignedTable(g_dust[nFrame], 
   0F07 11r00r00      [10] 2637 	ld	de, #_g_dust+0
   0F0A DD 6E 04      [19] 2638 	ld	l, 4 (ix)
   0F0D 26 00         [ 7] 2639 	ld	h, #0x00
   0F0F 29            [11] 2640 	add	hl, hl
   0F10 29            [11] 2641 	add	hl, hl
   0F11 29            [11] 2642 	add	hl, hl
   0F12 29            [11] 2643 	add	hl, hl
   0F13 29            [11] 2644 	add	hl, hl
   0F14 19            [11] 2645 	add	hl, de
   0F15 11r00r01      [10] 2646 	ld	de, #_g_maskTable
   0F18 D5            [11] 2647 	push	de
   0F19 11 04 08      [10] 2648 	ld	de, #0x0804
   0F1C D5            [11] 2649 	push	de
   0F1D C5            [11] 2650 	push	bc
   0F1E E5            [11] 2651 	push	hl
   0F1F CDr00r00      [17] 2652 	call	_cpct_drawSpriteMaskedAlignedTable
   0F22 DD E1         [14] 2653 	pop	ix
   0F24 C9            [10] 2654 	ret
                           2655 ;src/main.c:842: void PrintCoin(u8 nFrame, u8 index) {
                           2656 ;	---------------------------------
                           2657 ; Function PrintCoin
                           2658 ; ---------------------------------
   0F25                    2659 _PrintCoin::
   0F25 DD E5         [15] 2660 	push	ix
   0F27 DD 21 00 00   [14] 2661 	ld	ix,#0
   0F2B DD 39         [15] 2662 	add	ix,sp
                           2663 ;src/main.c:845: 3, OBJ_H, g_maskTable);
                           2664 ;src/main.c:844: cpct_getScreenPtr(CPCT_VMEM_START, objX[index], objY[index]), 
   0F2D 01rACr00      [10] 2665 	ld	bc, #_objY+0
   0F30 DD 6E 05      [19] 2666 	ld	l,5 (ix)
   0F33 26 00         [ 7] 2667 	ld	h,#0x00
   0F35 09            [11] 2668 	add	hl, bc
   0F36 56            [ 7] 2669 	ld	d, (hl)
   0F37 01rAAr00      [10] 2670 	ld	bc, #_objX+0
   0F3A DD 6E 05      [19] 2671 	ld	l,5 (ix)
   0F3D 26 00         [ 7] 2672 	ld	h,#0x00
   0F3F 09            [11] 2673 	add	hl, bc
   0F40 5E            [ 7] 2674 	ld	e, (hl)
   0F41 D5            [11] 2675 	push	de
   0F42 21 00 C0      [10] 2676 	ld	hl, #0xc000
   0F45 E5            [11] 2677 	push	hl
   0F46 CDr00r00      [17] 2678 	call	_cpct_getScreenPtr
   0F49 4D            [ 4] 2679 	ld	c, l
   0F4A 44            [ 4] 2680 	ld	b, h
                           2681 ;src/main.c:843: cpct_drawSpriteMaskedAlignedTable(g_coin[nFrame], 
   0F4B DD 5E 04      [19] 2682 	ld	e,4 (ix)
   0F4E 16 00         [ 7] 2683 	ld	d,#0x00
   0F50 6B            [ 4] 2684 	ld	l, e
   0F51 62            [ 4] 2685 	ld	h, d
   0F52 29            [11] 2686 	add	hl, hl
   0F53 19            [11] 2687 	add	hl, de
   0F54 29            [11] 2688 	add	hl, hl
   0F55 29            [11] 2689 	add	hl, hl
   0F56 29            [11] 2690 	add	hl, hl
   0F57 11r00r00      [10] 2691 	ld	de, #_g_coin
   0F5A 19            [11] 2692 	add	hl, de
   0F5B 11r00r01      [10] 2693 	ld	de, #_g_maskTable
   0F5E D5            [11] 2694 	push	de
   0F5F 11 03 08      [10] 2695 	ld	de, #0x0803
   0F62 D5            [11] 2696 	push	de
   0F63 C5            [11] 2697 	push	bc
   0F64 E5            [11] 2698 	push	hl
   0F65 CDr00r00      [17] 2699 	call	_cpct_drawSpriteMaskedAlignedTable
   0F68 DD E1         [14] 2700 	pop	ix
   0F6A C9            [10] 2701 	ret
                           2702 ;src/main.c:850: void DeleteObjectInStore() {
                           2703 ;	---------------------------------
                           2704 ; Function DeleteObjectInStore
                           2705 ; ---------------------------------
   0F6B                    2706 _DeleteObjectInStore::
                           2707 ;src/main.c:851: if (TwoPlayers) return;
   0F6B 3Ar04r00      [13] 2708 	ld	a,(#_TwoPlayers + 0)
   0F6E B7            [ 4] 2709 	or	a, a
   0F6F C0            [11] 2710 	ret	NZ
                           2711 ;src/main.c:853: 2 + (storeX & 1), 2 + (storeY & 3 ? 1 : 0),	MAP_W, 
   0F70 3Ar1Ar00      [13] 2712 	ld	a,(#_storeY + 0)
   0F73 E6 03         [ 7] 2713 	and	a, #0x03
   0F75 28 04         [12] 2714 	jr	Z,00105$
   0F77 16 01         [ 7] 2715 	ld	d, #0x01
   0F79 18 02         [12] 2716 	jr	00106$
   0F7B                    2717 00105$:
   0F7B 16 00         [ 7] 2718 	ld	d, #0x00
   0F7D                    2719 00106$:
   0F7D 14            [ 4] 2720 	inc	d
   0F7E 14            [ 4] 2721 	inc	d
   0F7F 3Ar19r00      [13] 2722 	ld	a,(#_storeX + 0)
   0F82 E6 01         [ 7] 2723 	and	a, #0x01
   0F84 5F            [ 4] 2724 	ld	e, a
   0F85 1C            [ 4] 2725 	inc	e
   0F86 1C            [ 4] 2726 	inc	e
                           2727 ;src/main.c:852: cpct_etm_drawTileBox2x4(storeX / 2, storeY / 4,
   0F87 21r1Ar00      [10] 2728 	ld	hl,#_storeY + 0
   0F8A 46            [ 7] 2729 	ld	b, (hl)
   0F8B CB 38         [ 8] 2730 	srl	b
   0F8D CB 38         [ 8] 2731 	srl	b
   0F8F 21r19r00      [10] 2732 	ld	hl,#_storeX + 0
   0F92 4E            [ 7] 2733 	ld	c, (hl)
   0F93 CB 39         [ 8] 2734 	srl	c
   0F95 21 71 0F      [10] 2735 	ld	hl, #0x0f71
   0F98 E5            [11] 2736 	push	hl
   0F99 21 40 C1      [10] 2737 	ld	hl, #0xc140
   0F9C E5            [11] 2738 	push	hl
   0F9D 3E 28         [ 7] 2739 	ld	a, #0x28
   0F9F F5            [11] 2740 	push	af
   0FA0 33            [ 6] 2741 	inc	sp
   0FA1 D5            [11] 2742 	push	de
   0FA2 C5            [11] 2743 	push	bc
   0FA3 CDr00r00      [17] 2744 	call	_cpct_etm_drawTileBox2x4
   0FA6 C9            [10] 2745 	ret
                           2746 ;src/main.c:859: void PrintObjectInStore() {
                           2747 ;	---------------------------------
                           2748 ; Function PrintObjectInStore
                           2749 ; ---------------------------------
   0FA7                    2750 _PrintObjectInStore::
                           2751 ;src/main.c:860: if (TwoPlayers) return;
   0FA7 3Ar04r00      [13] 2752 	ld	a,(#_TwoPlayers + 0)
   0FAA B7            [ 4] 2753 	or	a, a
   0FAB C0            [11] 2754 	ret	NZ
                           2755 ;src/main.c:861: if (coinScore[0] == 0) return;
   0FAC 3Ar0Dr00      [13] 2756 	ld	a, (#_coinScore + 0)
   0FAF B7            [ 4] 2757 	or	a, a
   0FB0 C8            [11] 2758 	ret	Z
                           2759 ;src/main.c:863: if (coinScore[0] < 13)
   0FB1 FE 0D         [ 7] 2760 	cp	a, #0x0d
   0FB3 30 08         [12] 2761 	jr	NC,00106$
                           2762 ;src/main.c:864: nPObj = coinScore[0] + 3; // assign the corresponding object to the available money
   0FB5 21rAEr00      [10] 2763 	ld	hl, #_nPObj
   0FB8 C6 03         [ 7] 2764 	add	a, #0x03
   0FBA 77            [ 7] 2765 	ld	(hl), a
   0FBB 18 05         [12] 2766 	jr	00107$
   0FBD                    2767 00106$:
                           2768 ;src/main.c:866: nPObj = 15; // assign the most expensive object
   0FBD 21rAEr00      [10] 2769 	ld	hl,#_nPObj + 0
   0FC0 36 0F         [10] 2770 	ld	(hl), #0x0f
   0FC2                    2771 00107$:
                           2772 ;src/main.c:868: PrintObject(nPObj, storeX, storeY + ORIG_MAP_Y);
   0FC2 3Ar1Ar00      [13] 2773 	ld	a,(#_storeY + 0)
   0FC5 C6 20         [ 7] 2774 	add	a, #0x20
   0FC7 47            [ 4] 2775 	ld	b, a
   0FC8 C5            [11] 2776 	push	bc
   0FC9 33            [ 6] 2777 	inc	sp
   0FCA 3Ar19r00      [13] 2778 	ld	a, (_storeX)
   0FCD F5            [11] 2779 	push	af
   0FCE 33            [ 6] 2780 	inc	sp
   0FCF 3ArAEr00      [13] 2781 	ld	a, (_nPObj)
   0FD2 F5            [11] 2782 	push	af
   0FD3 33            [ 6] 2783 	inc	sp
   0FD4 CDr37r0E      [17] 2784 	call	_PrintObject
   0FD7 F1            [10] 2785 	pop	af
   0FD8 33            [ 6] 2786 	inc	sp
   0FD9 C9            [10] 2787 	ret
                           2788 ;src/main.c:874: void CheckObject(u8 index) {	
                           2789 ;	---------------------------------
                           2790 ; Function CheckObject
                           2791 ; ---------------------------------
   0FDA                    2792 _CheckObject::
   0FDA DD E5         [15] 2793 	push	ix
   0FDC DD 21 00 00   [14] 2794 	ld	ix,#0
   0FE0 DD 39         [15] 2795 	add	ix,sp
   0FE2 21 F9 FF      [10] 2796 	ld	hl, #-7
   0FE5 39            [11] 2797 	add	hl, sp
   0FE6 F9            [ 6] 2798 	ld	sp, hl
                           2799 ;src/main.c:875: i8 player = -1;
   0FE7 DD 36 F9 FF   [19] 2800 	ld	-7 (ix), #0xff
                           2801 ;src/main.c:877: if (nObj[index] != -1)	{
   0FEB DD 7E 04      [19] 2802 	ld	a, 4 (ix)
   0FEE C6rA8         [ 7] 2803 	add	a, #<(_nObj)
   0FF0 DD 77 FE      [19] 2804 	ld	-2 (ix), a
   0FF3 3E 00         [ 7] 2805 	ld	a, #0x00
   0FF5 CEs00         [ 7] 2806 	adc	a, #>(_nObj)
   0FF7 DD 77 FF      [19] 2807 	ld	-1 (ix), a
   0FFA DD 6E FE      [19] 2808 	ld	l,-2 (ix)
   0FFD DD 66 FF      [19] 2809 	ld	h,-1 (ix)
   1000 4E            [ 7] 2810 	ld	c, (hl)
   1001 0C            [ 4] 2811 	inc	c
   1002 CArD5r11      [10] 2812 	jp	Z,00124$
                           2813 ;src/main.c:878: if (SpriteCollision(objX[index], objY[index], &spr[0], 0)) player = 0; // player 1
   1005 DD 7E 04      [19] 2814 	ld	a, 4 (ix)
   1008 C6rAC         [ 7] 2815 	add	a, #<(_objY)
   100A DD 77 FC      [19] 2816 	ld	-4 (ix), a
   100D 3E 00         [ 7] 2817 	ld	a, #0x00
   100F CEs00         [ 7] 2818 	adc	a, #>(_objY)
   1011 DD 77 FD      [19] 2819 	ld	-3 (ix), a
   1014 DD 6E FC      [19] 2820 	ld	l,-4 (ix)
   1017 DD 66 FD      [19] 2821 	ld	h,-3 (ix)
   101A 56            [ 7] 2822 	ld	d, (hl)
   101B DD 7E 04      [19] 2823 	ld	a, 4 (ix)
   101E C6rAA         [ 7] 2824 	add	a, #<(_objX)
   1020 DD 77 FA      [19] 2825 	ld	-6 (ix), a
   1023 3E 00         [ 7] 2826 	ld	a, #0x00
   1025 CEs00         [ 7] 2827 	adc	a, #>(_objX)
   1027 DD 77 FB      [19] 2828 	ld	-5 (ix), a
   102A DD 6E FA      [19] 2829 	ld	l,-6 (ix)
   102D DD 66 FB      [19] 2830 	ld	h,-5 (ix)
   1030 46            [ 7] 2831 	ld	b, (hl)
   1031 AF            [ 4] 2832 	xor	a, a
   1032 F5            [11] 2833 	push	af
   1033 33            [ 6] 2834 	inc	sp
   1034 21r3Ar00      [10] 2835 	ld	hl, #_spr
   1037 E5            [11] 2836 	push	hl
   1038 58            [ 4] 2837 	ld	e, b
   1039 D5            [11] 2838 	push	de
   103A CDrFCr1D      [17] 2839 	call	_SpriteCollision
   103D F1            [10] 2840 	pop	af
   103E F1            [10] 2841 	pop	af
   103F 33            [ 6] 2842 	inc	sp
   1040 7D            [ 4] 2843 	ld	a, l
   1041 B7            [ 4] 2844 	or	a, a
   1042 28 06         [12] 2845 	jr	Z,00105$
   1044 DD 36 F9 00   [19] 2846 	ld	-7 (ix), #0x00
   1048 18 2B         [12] 2847 	jr	00106$
   104A                    2848 00105$:
                           2849 ;src/main.c:879: else if (TwoPlayers && SpriteCollision(objX[index], objY[index], &spr[1], 0)) player = 1; // player 2
   104A 3Ar04r00      [13] 2850 	ld	a,(#_TwoPlayers + 0)
   104D B7            [ 4] 2851 	or	a, a
   104E 28 25         [12] 2852 	jr	Z,00106$
   1050 DD 6E FC      [19] 2853 	ld	l,-4 (ix)
   1053 DD 66 FD      [19] 2854 	ld	h,-3 (ix)
   1056 56            [ 7] 2855 	ld	d, (hl)
   1057 DD 6E FA      [19] 2856 	ld	l,-6 (ix)
   105A DD 66 FB      [19] 2857 	ld	h,-5 (ix)
   105D 46            [ 7] 2858 	ld	b, (hl)
   105E AF            [ 4] 2859 	xor	a, a
   105F F5            [11] 2860 	push	af
   1060 33            [ 6] 2861 	inc	sp
   1061 21r49r00      [10] 2862 	ld	hl, #(_spr + 0x000f)
   1064 E5            [11] 2863 	push	hl
   1065 58            [ 4] 2864 	ld	e, b
   1066 D5            [11] 2865 	push	de
   1067 CDrFCr1D      [17] 2866 	call	_SpriteCollision
   106A F1            [10] 2867 	pop	af
   106B F1            [10] 2868 	pop	af
   106C 33            [ 6] 2869 	inc	sp
   106D 7D            [ 4] 2870 	ld	a, l
   106E B7            [ 4] 2871 	or	a, a
   106F 28 04         [12] 2872 	jr	Z,00106$
   1071 DD 36 F9 01   [19] 2873 	ld	-7 (ix), #0x01
   1075                    2874 00106$:
                           2875 ;src/main.c:881: if (player >= 0)	{									
   1075 DD CB F9 7E   [20] 2876 	bit	7, -7 (ix)
   1079 C2rD5r11      [10] 2877 	jp	NZ, 00124$
                           2878 ;src/main.c:882: DeleteObject(index);
   107C DD 6E 04      [19] 2879 	ld	l, 4 (ix)
   107F CDr6Dr0E      [17] 2880 	call	_DeleteObject
                           2881 ;src/main.c:885: if (nObj[index] <= 1) {
   1082 DD 6E FE      [19] 2882 	ld	l,-2 (ix)
   1085 DD 66 FF      [19] 2883 	ld	h,-1 (ix)
   1088 4E            [ 7] 2884 	ld	c, (hl)
   1089 3E 01         [ 7] 2885 	ld	a, #0x01
   108B 91            [ 4] 2886 	sub	a, c
   108C E2r91r10      [10] 2887 	jp	PO, 00183$
   108F EE 80         [ 7] 2888 	xor	a, #0x80
   1091                    2889 00183$:
   1091 FArC1r10      [10] 2890 	jp	M, 00112$
                           2891 ;src/main.c:886: cpct_akp_SFXPlay (2, 12, 79, 0, 0, AY_CHANNEL_C); // take an item
   1094 3E 04         [ 7] 2892 	ld	a, #0x04
   1096 F5            [11] 2893 	push	af
   1097 33            [ 6] 2894 	inc	sp
   1098 21 00 00      [10] 2895 	ld	hl, #0x0000
   109B E5            [11] 2896 	push	hl
   109C 2E 4F         [ 7] 2897 	ld	l, #0x4f
   109E E5            [11] 2898 	push	hl
   109F 21 02 0C      [10] 2899 	ld	hl, #0x0c02
   10A2 E5            [11] 2900 	push	hl
   10A3 CDr00r00      [17] 2901 	call	_cpct_akp_SFXPlay
   10A6 21 07 00      [10] 2902 	ld	hl, #7
   10A9 39            [11] 2903 	add	hl, sp
   10AA F9            [ 6] 2904 	ld	sp, hl
                           2905 ;src/main.c:887: if (nMap == 0 && !TwoPlayers && nTip<2) 
   10AB 3Ar00r00      [13] 2906 	ld	a,(#_nMap + 0)
   10AE B7            [ 4] 2907 	or	a, a
   10AF 20 10         [12] 2908 	jr	NZ,00112$
   10B1 3Ar04r00      [13] 2909 	ld	a,(#_TwoPlayers + 0)
   10B4 B7            [ 4] 2910 	or	a, a
   10B5 20 0A         [12] 2911 	jr	NZ,00112$
   10B7 3Ar20r00      [13] 2912 	ld	a,(#_nTip + 0)
   10BA D6 02         [ 7] 2913 	sub	a, #0x02
   10BC 30 03         [12] 2914 	jr	NC,00112$
                           2915 ;src/main.c:888: PrintTip(); // novice help
   10BE CDrA9r08      [17] 2916 	call	_PrintTip
   10C1                    2917 00112$:
                           2918 ;src/main.c:891: switch (nObj[index])
   10C1 DD 6E FE      [19] 2919 	ld	l,-2 (ix)
   10C4 DD 66 FF      [19] 2920 	ld	h,-1 (ix)
   10C7 7E            [ 7] 2921 	ld	a, (hl)
   10C8 DD 77 FA      [19] 2922 	ld	-6 (ix), a
                           2923 ;src/main.c:894: coinScore[player]++;
   10CB DD 5E F9      [19] 2924 	ld	e, -7 (ix)
   10CE DD 7E F9      [19] 2925 	ld	a, -7 (ix)
   10D1 17            [ 4] 2926 	rla
   10D2 9F            [ 4] 2927 	sbc	a, a
   10D3 57            [ 4] 2928 	ld	d, a
                           2929 ;src/main.c:895: score[player] += 5;
   10D4 4B            [ 4] 2930 	ld	c, e
   10D5 42            [ 4] 2931 	ld	b, d
   10D6 CB 21         [ 8] 2932 	sla	c
   10D8 CB 10         [ 8] 2933 	rl	b
                           2934 ;src/main.c:891: switch (nObj[index])
   10DA DD 7E FA      [19] 2935 	ld	a, -6 (ix)
   10DD B7            [ 4] 2936 	or	a, a
   10DE 28 2E         [12] 2937 	jr	Z,00113$
   10E0 DD 7E FA      [19] 2938 	ld	a, -6 (ix)
   10E3 3D            [ 4] 2939 	dec	a
   10E4 28 49         [12] 2940 	jr	Z,00114$
                           2941 ;src/main.c:909: if (spr[player].lives_speed < 9)
   10E6 DD 5E F9      [19] 2942 	ld	e, -7 (ix)
   10E9 7B            [ 4] 2943 	ld	a, e
   10EA CB 07         [ 8] 2944 	rlc	a
   10EC 9F            [ 4] 2945 	sbc	a, a
   10ED 57            [ 4] 2946 	ld	d, a
   10EE 6B            [ 4] 2947 	ld	l, e
   10EF 62            [ 4] 2948 	ld	h, d
   10F0 29            [11] 2949 	add	hl, hl
   10F1 19            [11] 2950 	add	hl, de
   10F2 29            [11] 2951 	add	hl, hl
   10F3 19            [11] 2952 	add	hl, de
   10F4 29            [11] 2953 	add	hl, hl
   10F5 19            [11] 2954 	add	hl, de
   10F6 EB            [ 4] 2955 	ex	de,hl
   10F7 21r3Ar00      [10] 2956 	ld	hl, #_spr
   10FA 19            [11] 2957 	add	hl,de
   10FB EB            [ 4] 2958 	ex	de,hl
                           2959 ;src/main.c:891: switch (nObj[index])
   10FC DD 7E FA      [19] 2960 	ld	a, -6 (ix)
   10FF D6 02         [ 7] 2961 	sub	a, #0x02
   1101 28 50         [12] 2962 	jr	Z,00115$
   1103 DD 7E FA      [19] 2963 	ld	a, -6 (ix)
   1106 D6 03         [ 7] 2964 	sub	a, #0x03
   1108 CAr8Fr11      [10] 2965 	jp	Z,00118$
   110B C3rC4r11      [10] 2966 	jp	00119$
                           2967 ;src/main.c:893: case 0:	{	// coin
   110E                    2968 00113$:
                           2969 ;src/main.c:894: coinScore[player]++;
   110E 21r0Dr00      [10] 2970 	ld	hl, #_coinScore+0
   1111 19            [11] 2971 	add	hl, de
   1112 5E            [ 7] 2972 	ld	e, (hl)
   1113 1C            [ 4] 2973 	inc	e
   1114 73            [ 7] 2974 	ld	(hl), e
                           2975 ;src/main.c:895: score[player] += 5;
   1115 21r05r00      [10] 2976 	ld	hl, #_score+0
   1118 09            [11] 2977 	add	hl, bc
   1119 E5            [11] 2978 	push	hl
   111A 4E            [ 7] 2979 	ld	c, (hl)
   111B 23            [ 6] 2980 	inc	hl
   111C 46            [ 7] 2981 	ld	b, (hl)
   111D E1            [10] 2982 	pop	hl
   111E 03            [ 6] 2983 	inc	bc
   111F 03            [ 6] 2984 	inc	bc
   1120 03            [ 6] 2985 	inc	bc
   1121 03            [ 6] 2986 	inc	bc
   1122 03            [ 6] 2987 	inc	bc
   1123 71            [ 7] 2988 	ld	(hl), c
   1124 23            [ 6] 2989 	inc	hl
   1125 70            [ 7] 2990 	ld	(hl), b
                           2991 ;src/main.c:896: DeleteObjectInStore();
   1126 CDr6Br0F      [17] 2992 	call	_DeleteObjectInStore
                           2993 ;src/main.c:897: PrintObjectInStore();
   1129 CDrA7r0F      [17] 2994 	call	_PrintObjectInStore
                           2995 ;src/main.c:898: break;
   112C C3rC4r11      [10] 2996 	jp	00119$
                           2997 ;src/main.c:900: case 1: {	// coin x5
   112F                    2998 00114$:
                           2999 ;src/main.c:901: coinScore[player] += 5;
   112F 21r0Dr00      [10] 3000 	ld	hl, #_coinScore
   1132 19            [11] 3001 	add	hl, de
   1133 7E            [ 7] 3002 	ld	a, (hl)
   1134 C6 05         [ 7] 3003 	add	a, #0x05
   1136 77            [ 7] 3004 	ld	(hl), a
                           3005 ;src/main.c:902: score[player] += 20;
   1137 21r05r00      [10] 3006 	ld	hl, #_score
   113A 09            [11] 3007 	add	hl, bc
   113B E5            [11] 3008 	push	hl
   113C 4E            [ 7] 3009 	ld	c, (hl)
   113D 23            [ 6] 3010 	inc	hl
   113E 46            [ 7] 3011 	ld	b, (hl)
   113F E1            [10] 3012 	pop	hl
   1140 79            [ 4] 3013 	ld	a, c
   1141 C6 14         [ 7] 3014 	add	a, #0x14
   1143 4F            [ 4] 3015 	ld	c, a
   1144 78            [ 4] 3016 	ld	a, b
   1145 CE 00         [ 7] 3017 	adc	a, #0x00
   1147 47            [ 4] 3018 	ld	b, a
   1148 71            [ 7] 3019 	ld	(hl), c
   1149 23            [ 6] 3020 	inc	hl
   114A 70            [ 7] 3021 	ld	(hl), b
                           3022 ;src/main.c:903: DeleteObjectInStore();
   114B CDr6Br0F      [17] 3023 	call	_DeleteObjectInStore
                           3024 ;src/main.c:904: PrintObjectInStore();
   114E CDrA7r0F      [17] 3025 	call	_PrintObjectInStore
                           3026 ;src/main.c:905: break;
   1151 18 71         [12] 3027 	jr	00119$
                           3028 ;src/main.c:907: case 2: {	// extra life
   1153                    3029 00115$:
                           3030 ;src/main.c:908: cpct_akp_SFXPlay (8, 12, 60, 0, 0, AY_CHANNEL_C); // Prince of Persia tune
   1153 C5            [11] 3031 	push	bc
   1154 D5            [11] 3032 	push	de
   1155 3E 04         [ 7] 3033 	ld	a, #0x04
   1157 F5            [11] 3034 	push	af
   1158 33            [ 6] 3035 	inc	sp
   1159 21 00 00      [10] 3036 	ld	hl, #0x0000
   115C E5            [11] 3037 	push	hl
   115D 2E 3C         [ 7] 3038 	ld	l, #0x3c
   115F E5            [11] 3039 	push	hl
   1160 21 08 0C      [10] 3040 	ld	hl, #0x0c08
   1163 E5            [11] 3041 	push	hl
   1164 CDr00r00      [17] 3042 	call	_cpct_akp_SFXPlay
   1167 21 07 00      [10] 3043 	ld	hl, #7
   116A 39            [11] 3044 	add	hl, sp
   116B F9            [ 6] 3045 	ld	sp, hl
   116C D1            [10] 3046 	pop	de
   116D C1            [10] 3047 	pop	bc
                           3048 ;src/main.c:909: if (spr[player].lives_speed < 9)
   116E 21 0B 00      [10] 3049 	ld	hl, #0x000b
   1171 19            [11] 3050 	add	hl, de
   1172 7E            [ 7] 3051 	ld	a, (hl)
   1173 FE 09         [ 7] 3052 	cp	a, #0x09
   1175 30 02         [12] 3053 	jr	NC,00117$
                           3054 ;src/main.c:910: spr[player].lives_speed++;
   1177 3C            [ 4] 3055 	inc	a
   1178 77            [ 7] 3056 	ld	(hl), a
   1179                    3057 00117$:
                           3058 ;src/main.c:911: score[player] += 30;
   1179 21r05r00      [10] 3059 	ld	hl, #_score
   117C 09            [11] 3060 	add	hl, bc
   117D E5            [11] 3061 	push	hl
   117E 4E            [ 7] 3062 	ld	c, (hl)
   117F 23            [ 6] 3063 	inc	hl
   1180 46            [ 7] 3064 	ld	b, (hl)
   1181 E1            [10] 3065 	pop	hl
   1182 79            [ 4] 3066 	ld	a, c
   1183 C6 1E         [ 7] 3067 	add	a, #0x1e
   1185 4F            [ 4] 3068 	ld	c, a
   1186 78            [ 4] 3069 	ld	a, b
   1187 CE 00         [ 7] 3070 	adc	a, #0x00
   1189 47            [ 4] 3071 	ld	b, a
   118A 71            [ 7] 3072 	ld	(hl), c
   118B 23            [ 6] 3073 	inc	hl
   118C 70            [ 7] 3074 	ld	(hl), b
                           3075 ;src/main.c:912: break;
   118D 18 35         [12] 3076 	jr	00119$
                           3077 ;src/main.c:914: case 3: {	// power up speed*2
   118F                    3078 00118$:
                           3079 ;src/main.c:915: cpct_akp_SFXPlay (9, 12, 60, 0, 0, AY_CHANNEL_A); // powerUp
   118F C5            [11] 3080 	push	bc
   1190 D5            [11] 3081 	push	de
   1191 3E 01         [ 7] 3082 	ld	a, #0x01
   1193 F5            [11] 3083 	push	af
   1194 33            [ 6] 3084 	inc	sp
   1195 21 00 00      [10] 3085 	ld	hl, #0x0000
   1198 E5            [11] 3086 	push	hl
   1199 2E 3C         [ 7] 3087 	ld	l, #0x3c
   119B E5            [11] 3088 	push	hl
   119C 21 09 0C      [10] 3089 	ld	hl, #0x0c09
   119F E5            [11] 3090 	push	hl
   11A0 CDr00r00      [17] 3091 	call	_cpct_akp_SFXPlay
   11A3 21 07 00      [10] 3092 	ld	hl, #7
   11A6 39            [11] 3093 	add	hl, sp
   11A7 F9            [ 6] 3094 	ld	sp, hl
   11A8 D1            [10] 3095 	pop	de
   11A9 C1            [10] 3096 	pop	bc
                           3097 ;src/main.c:916: spr[player].power_maxV = 255;
   11AA 21 0E 00      [10] 3098 	ld	hl, #0x000e
   11AD 19            [11] 3099 	add	hl, de
   11AE 36 FF         [10] 3100 	ld	(hl), #0xff
                           3101 ;src/main.c:917: score[player] += 25;
   11B0 21r05r00      [10] 3102 	ld	hl, #_score
   11B3 09            [11] 3103 	add	hl, bc
   11B4 E5            [11] 3104 	push	hl
   11B5 4E            [ 7] 3105 	ld	c, (hl)
   11B6 23            [ 6] 3106 	inc	hl
   11B7 46            [ 7] 3107 	ld	b, (hl)
   11B8 E1            [10] 3108 	pop	hl
   11B9 79            [ 4] 3109 	ld	a, c
   11BA C6 19         [ 7] 3110 	add	a, #0x19
   11BC 4F            [ 4] 3111 	ld	c, a
   11BD 78            [ 4] 3112 	ld	a, b
   11BE CE 00         [ 7] 3113 	adc	a, #0x00
   11C0 47            [ 4] 3114 	ld	b, a
   11C1 71            [ 7] 3115 	ld	(hl), c
   11C2 23            [ 6] 3116 	inc	hl
   11C3 70            [ 7] 3117 	ld	(hl), b
                           3118 ;src/main.c:919: }
   11C4                    3119 00119$:
                           3120 ;src/main.c:920: RefreshHighScore(player);
   11C4 DD 6E F9      [19] 3121 	ld	l, -7 (ix)
   11C7 CDr3Er0B      [17] 3122 	call	_RefreshHighScore
                           3123 ;src/main.c:921: RefreshScoreboard();
   11CA CDrC7r0C      [17] 3124 	call	_RefreshScoreboard
                           3125 ;src/main.c:922: nObj[index] = -1; // object not assigned
   11CD DD 6E FE      [19] 3126 	ld	l,-2 (ix)
   11D0 DD 66 FF      [19] 3127 	ld	h,-1 (ix)
   11D3 36 FF         [10] 3128 	ld	(hl), #0xff
   11D5                    3129 00124$:
   11D5 DD F9         [10] 3130 	ld	sp, ix
   11D7 DD E1         [14] 3131 	pop	ix
   11D9 C9            [10] 3132 	ret
                           3133 ;src/main.c:929: u8 ObjectCollision(u8 numObj) __z88dk_fastcall {	
                           3134 ;	---------------------------------
                           3135 ; Function ObjectCollision
                           3136 ; ---------------------------------
   11DA                    3137 _ObjectCollision::
   11DA DD E5         [15] 3138 	push	ix
   11DC DD 21 00 00   [14] 3139 	ld	ix,#0
   11E0 DD 39         [15] 3140 	add	ix,sp
   11E2 F5            [11] 3141 	push	af
   11E3 3B            [ 6] 3142 	dec	sp
   11E4 4D            [ 4] 3143 	ld	c, l
                           3144 ;src/main.c:931: while(i<=5) {
   11E5 11rACr00      [10] 3145 	ld	de, #_objY+0
   11E8 69            [ 4] 3146 	ld	l,c
   11E9 26 00         [ 7] 3147 	ld	h,#0x00
   11EB 19            [11] 3148 	add	hl, de
   11EC 7E            [ 7] 3149 	ld	a, (hl)
   11ED DD 77 FF      [19] 3150 	ld	-1 (ix), a
   11F0 11rAAr00      [10] 3151 	ld	de, #_objX+0
   11F3 69            [ 4] 3152 	ld	l,c
   11F4 26 00         [ 7] 3153 	ld	h,#0x00
   11F6 19            [11] 3154 	add	hl, de
   11F7 7E            [ 7] 3155 	ld	a, (hl)
   11F8 DD 77 FE      [19] 3156 	ld	-2 (ix), a
   11FB DD 36 FD 02   [19] 3157 	ld	-3 (ix), #0x02
   11FF                    3158 00106$:
   11FF 3E 05         [ 7] 3159 	ld	a, #0x05
   1201 DD 96 FD      [19] 3160 	sub	a, -3 (ix)
   1204 38 7A         [12] 3161 	jr	C,00108$
                           3162 ;src/main.c:932: if ((spr[i].x + SPR_W >= objX[numObj] && spr[i].x <= objX[numObj] + OBJ_W) && 
   1206 DD 4E FD      [19] 3163 	ld	c,-3 (ix)
   1209 06 00         [ 7] 3164 	ld	b,#0x00
   120B 69            [ 4] 3165 	ld	l, c
   120C 60            [ 4] 3166 	ld	h, b
   120D 29            [11] 3167 	add	hl, hl
   120E 09            [11] 3168 	add	hl, bc
   120F 29            [11] 3169 	add	hl, hl
   1210 09            [11] 3170 	add	hl, bc
   1211 29            [11] 3171 	add	hl, hl
   1212 09            [11] 3172 	add	hl, bc
   1213 4D            [ 4] 3173 	ld	c, l
   1214 44            [ 4] 3174 	ld	b, h
   1215 FD 21r3Ar00   [14] 3175 	ld	iy, #_spr
   1219 FD 09         [15] 3176 	add	iy, bc
   121B FD E5         [15] 3177 	push	iy
   121D E1            [10] 3178 	pop	hl
   121E 23            [ 6] 3179 	inc	hl
   121F 23            [ 6] 3180 	inc	hl
   1220 4E            [ 7] 3181 	ld	c, (hl)
   1221 06 00         [ 7] 3182 	ld	b, #0x00
   1223 21 05 00      [10] 3183 	ld	hl, #0x0005
   1226 09            [11] 3184 	add	hl, bc
   1227 DD 5E FE      [19] 3185 	ld	e, -2 (ix)
   122A 16 00         [ 7] 3186 	ld	d, #0x00
   122C 7D            [ 4] 3187 	ld	a, l
   122D 93            [ 4] 3188 	sub	a, e
   122E 7C            [ 4] 3189 	ld	a, h
   122F 9A            [ 4] 3190 	sbc	a, d
   1230 E2r35r12      [10] 3191 	jp	PO, 00135$
   1233 EE 80         [ 7] 3192 	xor	a, #0x80
   1235                    3193 00135$:
   1235 FAr7Ar12      [10] 3194 	jp	M, 00102$
   1238 13            [ 6] 3195 	inc	de
   1239 13            [ 6] 3196 	inc	de
   123A 13            [ 6] 3197 	inc	de
   123B 13            [ 6] 3198 	inc	de
   123C 7B            [ 4] 3199 	ld	a, e
   123D 91            [ 4] 3200 	sub	a, c
   123E 7A            [ 4] 3201 	ld	a, d
   123F 98            [ 4] 3202 	sbc	a, b
   1240 E2r45r12      [10] 3203 	jp	PO, 00136$
   1243 EE 80         [ 7] 3204 	xor	a, #0x80
   1245                    3205 00136$:
   1245 FAr7Ar12      [10] 3206 	jp	M, 00102$
                           3207 ;src/main.c:933: (spr[i].y + SPR_H >= objY[numObj] && spr[i].y <= objY[numObj] + OBJ_H)) {
   1248 FD E5         [15] 3208 	push	iy
   124A E1            [10] 3209 	pop	hl
   124B 23            [ 6] 3210 	inc	hl
   124C 23            [ 6] 3211 	inc	hl
   124D 23            [ 6] 3212 	inc	hl
   124E 4E            [ 7] 3213 	ld	c, (hl)
   124F 06 00         [ 7] 3214 	ld	b, #0x00
   1251 21 0C 00      [10] 3215 	ld	hl, #0x000c
   1254 09            [11] 3216 	add	hl, bc
   1255 DD 5E FF      [19] 3217 	ld	e, -1 (ix)
   1258 16 00         [ 7] 3218 	ld	d, #0x00
   125A 7D            [ 4] 3219 	ld	a, l
   125B 93            [ 4] 3220 	sub	a, e
   125C 7C            [ 4] 3221 	ld	a, h
   125D 9A            [ 4] 3222 	sbc	a, d
   125E E2r63r12      [10] 3223 	jp	PO, 00137$
   1261 EE 80         [ 7] 3224 	xor	a, #0x80
   1263                    3225 00137$:
   1263 FAr7Ar12      [10] 3226 	jp	M, 00102$
   1266 21 08 00      [10] 3227 	ld	hl, #0x0008
   1269 19            [11] 3228 	add	hl, de
   126A 7D            [ 4] 3229 	ld	a, l
   126B 91            [ 4] 3230 	sub	a, c
   126C 7C            [ 4] 3231 	ld	a, h
   126D 98            [ 4] 3232 	sbc	a, b
   126E E2r73r12      [10] 3233 	jp	PO, 00138$
   1271 EE 80         [ 7] 3234 	xor	a, #0x80
   1273                    3235 00138$:
   1273 FAr7Ar12      [10] 3236 	jp	M, 00102$
                           3237 ;src/main.c:934: return 1;
   1276 2E 01         [ 7] 3238 	ld	l, #0x01
   1278 18 08         [12] 3239 	jr	00109$
   127A                    3240 00102$:
                           3241 ;src/main.c:936: i++;
   127A DD 34 FD      [23] 3242 	inc	-3 (ix)
   127D C3rFFr11      [10] 3243 	jp	00106$
   1280                    3244 00108$:
                           3245 ;src/main.c:938: return 0;
   1280 2E 00         [ 7] 3246 	ld	l, #0x00
   1282                    3247 00109$:
   1282 DD F9         [10] 3248 	ld	sp, ix
   1284 DD E1         [14] 3249 	pop	ix
   1286 C9            [10] 3250 	ret
                           3251 ;src/main.c:945: void ReprintObject() {
                           3252 ;	---------------------------------
                           3253 ; Function ReprintObject
                           3254 ; ---------------------------------
   1287                    3255 _ReprintObject::
                           3256 ;src/main.c:947: if (nObj[0] >= 0 && !ObjectCollision(0)) {  // does not print if hidden by enemies
   1287 21rA8r00      [10] 3257 	ld	hl, #_nObj + 0
   128A CB 7E         [12] 3258 	bit	7, (hl)
   128C C2rD9r13      [10] 3259 	jp	NZ, 00125$
   128F 2E 00         [ 7] 3260 	ld	l, #0x00
   1291 CDrDAr11      [17] 3261 	call	_ObjectCollision
   1294 7D            [ 4] 3262 	ld	a, l
   1295 B7            [ 4] 3263 	or	a, a
   1296 C2rD9r13      [10] 3264 	jp	NZ, 00125$
                           3265 ;src/main.c:948: switch(ctMainLoop) {
   1299 FD 21r22r00   [14] 3266 	ld	iy, #_ctMainLoop
   129D FD 7E 00      [19] 3267 	ld	a, 0 (iy)
   12A0 B7            [ 4] 3268 	or	a, a
   12A1 FD B6 01      [19] 3269 	or	a, 1 (iy)
   12A4 CAr4Ar13      [10] 3270 	jp	Z,00102$
   12A7 FD 7E 00      [19] 3271 	ld	a, 0 (iy)
   12AA D6 08         [ 7] 3272 	sub	a, #0x08
   12AC FD B6 01      [19] 3273 	or	a, 1 (iy)
   12AF CAr5Ar13      [10] 3274 	jp	Z,00104$
   12B2 FD 7E 00      [19] 3275 	ld	a, 0 (iy)
   12B5 D6 10         [ 7] 3276 	sub	a, #0x10
   12B7 FD B6 01      [19] 3277 	or	a, 1 (iy)
   12BA CAr69r13      [10] 3278 	jp	Z,00105$
   12BD FD 7E 00      [19] 3279 	ld	a, 0 (iy)
   12C0 D6 18         [ 7] 3280 	sub	a, #0x18
   12C2 FD B6 01      [19] 3281 	or	a, 1 (iy)
   12C5 CAr84r13      [10] 3282 	jp	Z,00108$
   12C8 FD 7E 00      [19] 3283 	ld	a, 0 (iy)
   12CB D6 20         [ 7] 3284 	sub	a, #0x20
   12CD FD B6 01      [19] 3285 	or	a, 1 (iy)
   12D0 CAr98r13      [10] 3286 	jp	Z,00113$
   12D3 FD 7E 00      [19] 3287 	ld	a, 0 (iy)
   12D6 D6 28         [ 7] 3288 	sub	a, #0x28
   12D8 FD B6 01      [19] 3289 	or	a, 1 (iy)
   12DB CArACr13      [10] 3290 	jp	Z,00118$
   12DE FD 7E 00      [19] 3291 	ld	a, 0 (iy)
   12E1 D6 38         [ 7] 3292 	sub	a, #0x38
   12E3 FD B6 01      [19] 3293 	or	a, 1 (iy)
   12E6 CAr84r13      [10] 3294 	jp	Z,00108$
   12E9 FD 7E 00      [19] 3295 	ld	a, 0 (iy)
   12EC D6 40         [ 7] 3296 	sub	a, #0x40
   12EE FD B6 01      [19] 3297 	or	a, 1 (iy)
   12F1 CAr98r13      [10] 3298 	jp	Z,00113$
   12F4 FD 7E 00      [19] 3299 	ld	a, 0 (iy)
   12F7 D6 48         [ 7] 3300 	sub	a, #0x48
   12F9 FD B6 01      [19] 3301 	or	a, 1 (iy)
   12FC CArACr13      [10] 3302 	jp	Z,00118$
   12FF FD 7E 00      [19] 3303 	ld	a, 0 (iy)
   1302 D6 58         [ 7] 3304 	sub	a, #0x58
   1304 FD B6 01      [19] 3305 	or	a, 1 (iy)
   1307 CAr84r13      [10] 3306 	jp	Z,00108$
   130A FD 7E 00      [19] 3307 	ld	a, 0 (iy)
   130D D6 60         [ 7] 3308 	sub	a, #0x60
   130F FD B6 01      [19] 3309 	or	a, 1 (iy)
   1312 CAr98r13      [10] 3310 	jp	Z,00113$
   1315 FD 7E 00      [19] 3311 	ld	a, 0 (iy)
   1318 D6 68         [ 7] 3312 	sub	a, #0x68
   131A FD B6 01      [19] 3313 	or	a, 1 (iy)
   131D CArACr13      [10] 3314 	jp	Z,00118$
   1320 FD 7E 00      [19] 3315 	ld	a, 0 (iy)
   1323 D6 48         [ 7] 3316 	sub	a, #0x48
   1325 20 07         [12] 3317 	jr	NZ,00323$
   1327 FD 7E 01      [19] 3318 	ld	a, 1 (iy)
   132A 3D            [ 4] 3319 	dec	a
   132B CArC0r13      [10] 3320 	jp	Z,00121$
   132E                    3321 00323$:
   132E FD 7E 00      [19] 3322 	ld	a, 0 (iy)
   1331 D6 50         [ 7] 3323 	sub	a, #0x50
   1333 20 06         [12] 3324 	jr	NZ,00324$
   1335 FD 7E 01      [19] 3325 	ld	a, 1 (iy)
   1338 3D            [ 4] 3326 	dec	a
   1339 28 1F         [12] 3327 	jr	Z,00104$
   133B                    3328 00324$:
   133B FD 7E 00      [19] 3329 	ld	a, 0 (iy)
   133E D6 58         [ 7] 3330 	sub	a, #0x58
   1340 C2rC5r13      [10] 3331 	jp	NZ,00122$
   1343 FD 7E 01      [19] 3332 	ld	a, 1 (iy)
   1346 3D            [ 4] 3333 	dec	a
   1347 C2rC5r13      [10] 3334 	jp	NZ,00122$
                           3335 ;src/main.c:951: case 344:	{ DeleteObject(0); PrintDust(0,0); break; }
   134A                    3336 00102$:
   134A 2E 00         [ 7] 3337 	ld	l, #0x00
   134C CDr6Dr0E      [17] 3338 	call	_DeleteObject
   134F 21 00 00      [10] 3339 	ld	hl, #0x0000
   1352 E5            [11] 3340 	push	hl
   1353 CDrE1r0E      [17] 3341 	call	_PrintDust
   1356 F1            [10] 3342 	pop	af
   1357 C3rD9r13      [10] 3343 	jp	00125$
                           3344 ;src/main.c:954: case 336:	{ DeleteObject(0); PrintDust(1,0); break; }
   135A                    3345 00104$:
   135A 2E 00         [ 7] 3346 	ld	l, #0x00
   135C CDr6Dr0E      [17] 3347 	call	_DeleteObject
   135F 21 01 00      [10] 3348 	ld	hl, #0x0001
   1362 E5            [11] 3349 	push	hl
   1363 CDrE1r0E      [17] 3350 	call	_PrintDust
   1366 F1            [10] 3351 	pop	af
   1367 18 70         [12] 3352 	jr	00125$
                           3353 ;src/main.c:957: case 16:	{ DeleteObject(0); PrintObject(nObj[0], objX[0], objY[0]); break; }
   1369                    3354 00105$:
   1369 2E 00         [ 7] 3355 	ld	l, #0x00
   136B CDr6Dr0E      [17] 3356 	call	_DeleteObject
   136E 21rACr00      [10] 3357 	ld	hl, #_objY+0
   1371 56            [ 7] 3358 	ld	d, (hl)
   1372 3ArAAr00      [13] 3359 	ld	a, (#_objX + 0)
   1375 21rA8r00      [10] 3360 	ld	hl, #_nObj + 0
   1378 46            [ 7] 3361 	ld	b, (hl)
   1379 5F            [ 4] 3362 	ld	e, a
   137A D5            [11] 3363 	push	de
   137B C5            [11] 3364 	push	bc
   137C 33            [ 6] 3365 	inc	sp
   137D CDr37r0E      [17] 3366 	call	_PrintObject
   1380 F1            [10] 3367 	pop	af
   1381 33            [ 6] 3368 	inc	sp
   1382 18 55         [12] 3369 	jr	00125$
                           3370 ;src/main.c:962: case 88: { if (nObj[0] == 0) {DeleteObject(0); PrintCoin(0,0); break; }}
   1384                    3371 00108$:
   1384 3ArA8r00      [13] 3372 	ld	a, (#_nObj + 0)
   1387 B7            [ 4] 3373 	or	a,a
   1388 20 0E         [12] 3374 	jr	NZ,00113$
   138A 6F            [ 4] 3375 	ld	l,a
   138B CDr6Dr0E      [17] 3376 	call	_DeleteObject
   138E 21 00 00      [10] 3377 	ld	hl, #0x0000
   1391 E5            [11] 3378 	push	hl
   1392 CDr25r0F      [17] 3379 	call	_PrintCoin
   1395 F1            [10] 3380 	pop	af
   1396 18 41         [12] 3381 	jr	00125$
                           3382 ;src/main.c:965: case 96: { if (nObj[0] == 0) {DeleteObject(0); PrintCoin(1,0); break; }}
   1398                    3383 00113$:
   1398 3ArA8r00      [13] 3384 	ld	a, (#_nObj + 0)
   139B B7            [ 4] 3385 	or	a,a
   139C 20 0E         [12] 3386 	jr	NZ,00118$
   139E 6F            [ 4] 3387 	ld	l,a
   139F CDr6Dr0E      [17] 3388 	call	_DeleteObject
   13A2 21 01 00      [10] 3389 	ld	hl, #0x0001
   13A5 E5            [11] 3390 	push	hl
   13A6 CDr25r0F      [17] 3391 	call	_PrintCoin
   13A9 F1            [10] 3392 	pop	af
   13AA 18 2D         [12] 3393 	jr	00125$
                           3394 ;src/main.c:968: case 104: { if (nObj[0] == 0) {DeleteObject(0); PrintCoin(2,0); break; }}
   13AC                    3395 00118$:
   13AC 3ArA8r00      [13] 3396 	ld	a, (#_nObj + 0)
   13AF B7            [ 4] 3397 	or	a,a
   13B0 20 0E         [12] 3398 	jr	NZ,00121$
   13B2 6F            [ 4] 3399 	ld	l,a
   13B3 CDr6Dr0E      [17] 3400 	call	_DeleteObject
   13B6 21 02 00      [10] 3401 	ld	hl, #0x0002
   13B9 E5            [11] 3402 	push	hl
   13BA CDr25r0F      [17] 3403 	call	_PrintCoin
   13BD F1            [10] 3404 	pop	af
   13BE 18 19         [12] 3405 	jr	00125$
                           3406 ;src/main.c:971: case 328:	{ DeleteObject(0); }
   13C0                    3407 00121$:
   13C0 2E 00         [ 7] 3408 	ld	l, #0x00
   13C2 CDr6Dr0E      [17] 3409 	call	_DeleteObject
                           3410 ;src/main.c:973: default:	{ PrintObject(nObj[0], objX[0], objY[0]); }			
   13C5                    3411 00122$:
   13C5 21rACr00      [10] 3412 	ld	hl, #_objY+0
   13C8 56            [ 7] 3413 	ld	d, (hl)
   13C9 3ArAAr00      [13] 3414 	ld	a, (#_objX + 0)
   13CC 21rA8r00      [10] 3415 	ld	hl, #_nObj + 0
   13CF 46            [ 7] 3416 	ld	b, (hl)
   13D0 5F            [ 4] 3417 	ld	e, a
   13D1 D5            [11] 3418 	push	de
   13D2 C5            [11] 3419 	push	bc
   13D3 33            [ 6] 3420 	inc	sp
   13D4 CDr37r0E      [17] 3421 	call	_PrintObject
   13D7 F1            [10] 3422 	pop	af
   13D8 33            [ 6] 3423 	inc	sp
                           3424 ;src/main.c:974: }
   13D9                    3425 00125$:
                           3426 ;src/main.c:977: if (nObj[1] >= 0 && !ObjectCollision(1)) {
   13D9 21rA9r00      [10] 3427 	ld	hl, #(_nObj + 0x0001) + 0
   13DC CB 7E         [12] 3428 	bit	7, (hl)
   13DE C0            [11] 3429 	ret	NZ
   13DF 2E 01         [ 7] 3430 	ld	l, #0x01
   13E1 CDrDAr11      [17] 3431 	call	_ObjectCollision
   13E4 7D            [ 4] 3432 	ld	a, l
   13E5 B7            [ 4] 3433 	or	a, a
   13E6 C0            [11] 3434 	ret	NZ
                           3435 ;src/main.c:978: switch(ctMainLoop) {
   13E7 FD 21r22r00   [14] 3436 	ld	iy, #_ctMainLoop
   13EB FD 7E 00      [19] 3437 	ld	a, 0 (iy)
   13EE D6 9A         [ 7] 3438 	sub	a, #0x9a
   13F0 FD B6 01      [19] 3439 	or	a, 1 (iy)
   13F3 CAr07r15      [10] 3440 	jp	Z,00147$
   13F6 FD 7E 00      [19] 3441 	ld	a, 0 (iy)
   13F9 D6 A0         [ 7] 3442 	sub	a, #0xa0
   13FB FD B6 01      [19] 3443 	or	a, 1 (iy)
   13FE CArA9r14      [10] 3444 	jp	Z,00130$
   1401 FD 7E 00      [19] 3445 	ld	a, 0 (iy)
   1404 D6 A8         [ 7] 3446 	sub	a, #0xa8
   1406 FD B6 01      [19] 3447 	or	a, 1 (iy)
   1409 CAr9Br14      [10] 3448 	jp	Z,00128$
   140C FD 7E 00      [19] 3449 	ld	a, 0 (iy)
   140F D6 B0         [ 7] 3450 	sub	a, #0xb0
   1411 FD B6 01      [19] 3451 	or	a, 1 (iy)
   1414 CAr9Br14      [10] 3452 	jp	Z,00128$
   1417 FD 7E 00      [19] 3453 	ld	a, 0 (iy)
   141A D6 B8         [ 7] 3454 	sub	a, #0xb8
   141C FD B6 01      [19] 3455 	or	a, 1 (iy)
   141F CArA9r14      [10] 3456 	jp	Z,00130$
   1422 FD 7E 00      [19] 3457 	ld	a, 0 (iy)
   1425 D6 C0         [ 7] 3458 	sub	a, #0xc0
   1427 FD B6 01      [19] 3459 	or	a, 1 (iy)
   142A CArB7r14      [10] 3460 	jp	Z,00131$
                           3461 ;src/main.c:977: if (nObj[1] >= 0 && !ObjectCollision(1)) {
   142D 21rA9r00      [10] 3462 	ld	hl, #(_nObj + 0x0001) + 0
   1430 4E            [ 7] 3463 	ld	c, (hl)
                           3464 ;src/main.c:978: switch(ctMainLoop) {
   1431 FD 7E 00      [19] 3465 	ld	a, 0 (iy)
   1434 D6 C8         [ 7] 3466 	sub	a, #0xc8
   1436 FD B6 01      [19] 3467 	or	a, 1 (iy)
   1439 CArD1r14      [10] 3468 	jp	Z,00134$
   143C FD 7E 00      [19] 3469 	ld	a, 0 (iy)
   143F D6 D0         [ 7] 3470 	sub	a, #0xd0
   1441 FD B6 01      [19] 3471 	or	a, 1 (iy)
   1444 CArE3r14      [10] 3472 	jp	Z,00139$
   1447 FD 7E 00      [19] 3473 	ld	a, 0 (iy)
   144A D6 D8         [ 7] 3474 	sub	a, #0xd8
   144C FD B6 01      [19] 3475 	or	a, 1 (iy)
   144F CArF5r14      [10] 3476 	jp	Z,00144$
   1452 FD 7E 00      [19] 3477 	ld	a, 0 (iy)
   1455 D6 E8         [ 7] 3478 	sub	a, #0xe8
   1457 FD B6 01      [19] 3479 	or	a, 1 (iy)
   145A 28 75         [12] 3480 	jr	Z,00134$
   145C FD 7E 00      [19] 3481 	ld	a, 0 (iy)
   145F D6 F0         [ 7] 3482 	sub	a, #0xf0
   1461 FD B6 01      [19] 3483 	or	a, 1 (iy)
   1464 CArE3r14      [10] 3484 	jp	Z,00139$
   1467 FD 7E 00      [19] 3485 	ld	a, 0 (iy)
   146A D6 F8         [ 7] 3486 	sub	a, #0xf8
   146C FD B6 01      [19] 3487 	or	a, 1 (iy)
   146F CArF5r14      [10] 3488 	jp	Z,00144$
   1472 FD 7E 00      [19] 3489 	ld	a, 0 (iy)
   1475 D6 08         [ 7] 3490 	sub	a, #0x08
   1477 20 06         [12] 3491 	jr	NZ,00339$
   1479 FD 7E 01      [19] 3492 	ld	a, 1 (iy)
   147C 3D            [ 4] 3493 	dec	a
   147D 28 52         [12] 3494 	jr	Z,00134$
   147F                    3495 00339$:
   147F FD 7E 00      [19] 3496 	ld	a, 0 (iy)
   1482 D6 10         [ 7] 3497 	sub	a, #0x10
   1484 20 06         [12] 3498 	jr	NZ,00340$
   1486 FD 7E 01      [19] 3499 	ld	a, 1 (iy)
   1489 3D            [ 4] 3500 	dec	a
   148A 28 57         [12] 3501 	jr	Z,00139$
   148C                    3502 00340$:
   148C FD 7E 00      [19] 3503 	ld	a, 0 (iy)
   148F D6 18         [ 7] 3504 	sub	a, #0x18
   1491 20 79         [12] 3505 	jr	NZ,00148$
   1493 FD 7E 01      [19] 3506 	ld	a, 1 (iy)
   1496 3D            [ 4] 3507 	dec	a
   1497 28 5C         [12] 3508 	jr	Z,00144$
   1499 18 71         [12] 3509 	jr	00148$
                           3510 ;src/main.c:981: case 168:	{ DeleteObject(1); PrintDust(0,1); break; }
   149B                    3511 00128$:
   149B 2E 01         [ 7] 3512 	ld	l, #0x01
   149D CDr6Dr0E      [17] 3513 	call	_DeleteObject
   14A0 21 00 01      [10] 3514 	ld	hl, #0x0100
   14A3 E5            [11] 3515 	push	hl
   14A4 CDrE1r0E      [17] 3516 	call	_PrintDust
   14A7 F1            [10] 3517 	pop	af
   14A8 C9            [10] 3518 	ret
                           3519 ;src/main.c:984: case 160:	{ DeleteObject(1); PrintDust(1,1); break; }
   14A9                    3520 00130$:
   14A9 2E 01         [ 7] 3521 	ld	l, #0x01
   14AB CDr6Dr0E      [17] 3522 	call	_DeleteObject
   14AE 21 01 01      [10] 3523 	ld	hl, #0x0101
   14B1 E5            [11] 3524 	push	hl
   14B2 CDrE1r0E      [17] 3525 	call	_PrintDust
   14B5 F1            [10] 3526 	pop	af
   14B6 C9            [10] 3527 	ret
                           3528 ;src/main.c:986: case 192:	{ DeleteObject(1); PrintObject(nObj[1], objX[1], objY[1]); break; }
   14B7                    3529 00131$:
   14B7 2E 01         [ 7] 3530 	ld	l, #0x01
   14B9 CDr6Dr0E      [17] 3531 	call	_DeleteObject
   14BC 21rADr00      [10] 3532 	ld	hl, #_objY+1
   14BF 56            [ 7] 3533 	ld	d, (hl)
   14C0 3ArABr00      [13] 3534 	ld	a, (#(_objX + 0x0001) + 0)
   14C3 21rA9r00      [10] 3535 	ld	hl, #(_nObj + 0x0001) + 0
   14C6 46            [ 7] 3536 	ld	b, (hl)
   14C7 5F            [ 4] 3537 	ld	e, a
   14C8 D5            [11] 3538 	push	de
   14C9 C5            [11] 3539 	push	bc
   14CA 33            [ 6] 3540 	inc	sp
   14CB CDr37r0E      [17] 3541 	call	_PrintObject
   14CE F1            [10] 3542 	pop	af
   14CF 33            [ 6] 3543 	inc	sp
   14D0 C9            [10] 3544 	ret
                           3545 ;src/main.c:991: case 264: { if (nObj[1] == 0) {DeleteObject(1); PrintCoin(0,1); break; }}
   14D1                    3546 00134$:
   14D1 79            [ 4] 3547 	ld	a, c
   14D2 B7            [ 4] 3548 	or	a, a
   14D3 20 0E         [12] 3549 	jr	NZ,00139$
   14D5 2E 01         [ 7] 3550 	ld	l, #0x01
   14D7 CDr6Dr0E      [17] 3551 	call	_DeleteObject
   14DA 21 00 01      [10] 3552 	ld	hl, #0x0100
   14DD E5            [11] 3553 	push	hl
   14DE CDr25r0F      [17] 3554 	call	_PrintCoin
   14E1 F1            [10] 3555 	pop	af
   14E2 C9            [10] 3556 	ret
                           3557 ;src/main.c:994: case 272: { if (nObj[1] == 0) {DeleteObject(1); PrintCoin(1,1); break; }}
   14E3                    3558 00139$:
   14E3 79            [ 4] 3559 	ld	a, c
   14E4 B7            [ 4] 3560 	or	a, a
   14E5 20 0E         [12] 3561 	jr	NZ,00144$
   14E7 2E 01         [ 7] 3562 	ld	l, #0x01
   14E9 CDr6Dr0E      [17] 3563 	call	_DeleteObject
   14EC 21 01 01      [10] 3564 	ld	hl, #0x0101
   14EF E5            [11] 3565 	push	hl
   14F0 CDr25r0F      [17] 3566 	call	_PrintCoin
   14F3 F1            [10] 3567 	pop	af
   14F4 C9            [10] 3568 	ret
                           3569 ;src/main.c:997: case 280: { if (nObj[1] == 0) {DeleteObject(1); PrintCoin(2,1); break; }}
   14F5                    3570 00144$:
   14F5 79            [ 4] 3571 	ld	a, c
   14F6 B7            [ 4] 3572 	or	a, a
   14F7 20 0E         [12] 3573 	jr	NZ,00147$
   14F9 2E 01         [ 7] 3574 	ld	l, #0x01
   14FB CDr6Dr0E      [17] 3575 	call	_DeleteObject
   14FE 21 02 01      [10] 3576 	ld	hl, #0x0102
   1501 E5            [11] 3577 	push	hl
   1502 CDr25r0F      [17] 3578 	call	_PrintCoin
   1505 F1            [10] 3579 	pop	af
   1506 C9            [10] 3580 	ret
                           3581 ;src/main.c:1000: case 154:	{ DeleteObject(1); }
   1507                    3582 00147$:
   1507 2E 01         [ 7] 3583 	ld	l, #0x01
   1509 CDr6Dr0E      [17] 3584 	call	_DeleteObject
                           3585 ;src/main.c:1002: default:	{ PrintObject(nObj[1], objX[1], objY[1]); }			
   150C                    3586 00148$:
   150C 21rADr00      [10] 3587 	ld	hl, #_objY+1
   150F 56            [ 7] 3588 	ld	d, (hl)
   1510 3ArABr00      [13] 3589 	ld	a, (#(_objX + 0x0001) + 0)
   1513 21rA9r00      [10] 3590 	ld	hl, #(_nObj + 0x0001) + 0
   1516 46            [ 7] 3591 	ld	b, (hl)
   1517 5F            [ 4] 3592 	ld	e, a
   1518 D5            [11] 3593 	push	de
   1519 C5            [11] 3594 	push	bc
   151A 33            [ 6] 3595 	inc	sp
   151B CDr37r0E      [17] 3596 	call	_PrintObject
   151E F1            [10] 3597 	pop	af
   151F 33            [ 6] 3598 	inc	sp
                           3599 ;src/main.c:1003: }
   1520 C9            [10] 3600 	ret
                           3601 ;src/main.c:1008: void SetObject(u8 index) __z88dk_fastcall {
                           3602 ;	---------------------------------
                           3603 ; Function SetObject
                           3604 ; ---------------------------------
   1521                    3605 _SetObject::
   1521 DD E5         [15] 3606 	push	ix
   1523 DD 21 00 00   [14] 3607 	ld	ix,#0
   1527 DD 39         [15] 3608 	add	ix,sp
   1529 F5            [11] 3609 	push	af
   152A F5            [11] 3610 	push	af
   152B 3B            [ 6] 3611 	dec	sp
                           3612 ;src/main.c:1011: if (nObj[index] >= 0) DeleteObject(index); 
   152C DD 75 FF      [19] 3613 	ld	-1 (ix), l
   152F 7D            [ 4] 3614 	ld	a, l
   1530 C6rA8         [ 7] 3615 	add	a, #<(_nObj)
   1532 4F            [ 4] 3616 	ld	c, a
   1533 3E 00         [ 7] 3617 	ld	a, #0x00
   1535 CEs00         [ 7] 3618 	adc	a, #>(_nObj)
   1537 47            [ 4] 3619 	ld	b, a
   1538 0A            [ 7] 3620 	ld	a, (bc)
   1539 CB 7F         [ 8] 3621 	bit	7,a
   153B 20 08         [12] 3622 	jr	NZ,00102$
   153D C5            [11] 3623 	push	bc
   153E DD 6E FF      [19] 3624 	ld	l, -1 (ix)
   1541 CDr6Dr0E      [17] 3625 	call	_DeleteObject
   1544 C1            [10] 3626 	pop	bc
   1545                    3627 00102$:
                           3628 ;src/main.c:1013: nObj[index] = cpct_getRandom_lcg_u8(0) / 11;	// obj = 0 a 22
   1545 C5            [11] 3629 	push	bc
   1546 2E 00         [ 7] 3630 	ld	l, #0x00
   1548 CDr00r00      [17] 3631 	call	_cpct_getRandom_lcg_u8
   154B 55            [ 4] 3632 	ld	d, l
   154C 3E 0B         [ 7] 3633 	ld	a, #0x0b
   154E F5            [11] 3634 	push	af
   154F 33            [ 6] 3635 	inc	sp
   1550 D5            [11] 3636 	push	de
   1551 33            [ 6] 3637 	inc	sp
   1552 CDr00r00      [17] 3638 	call	__divuchar
   1555 F1            [10] 3639 	pop	af
   1556 7D            [ 4] 3640 	ld	a, l
   1557 C1            [10] 3641 	pop	bc
   1558 02            [ 7] 3642 	ld	(bc), a
                           3643 ;src/main.c:1015: do {
   1559                    3644 00107$:
                           3645 ;src/main.c:1016: objX[index] = 4 + (cpct_getRandom_lcg_u8(0)*10/36); 	// x = 4 a 74
   1559 3ErAA         [ 7] 3646 	ld	a, #<(_objX)
   155B DD 86 FF      [19] 3647 	add	a, -1 (ix)
   155E DD 77 FD      [19] 3648 	ld	-3 (ix), a
   1561 3Es00         [ 7] 3649 	ld	a, #>(_objX)
   1563 CE 00         [ 7] 3650 	adc	a, #0x00
   1565 DD 77 FE      [19] 3651 	ld	-2 (ix), a
   1568 C5            [11] 3652 	push	bc
   1569 2E 00         [ 7] 3653 	ld	l, #0x00
   156B CDr00r00      [17] 3654 	call	_cpct_getRandom_lcg_u8
   156E C1            [10] 3655 	pop	bc
   156F 5D            [ 4] 3656 	ld	e,l
   1570 16 00         [ 7] 3657 	ld	d,#0x00
   1572 6B            [ 4] 3658 	ld	l, e
   1573 62            [ 4] 3659 	ld	h, d
   1574 29            [11] 3660 	add	hl, hl
   1575 29            [11] 3661 	add	hl, hl
   1576 19            [11] 3662 	add	hl, de
   1577 29            [11] 3663 	add	hl, hl
   1578 C5            [11] 3664 	push	bc
   1579 11 24 00      [10] 3665 	ld	de, #0x0024
   157C D5            [11] 3666 	push	de
   157D E5            [11] 3667 	push	hl
   157E CDr00r00      [17] 3668 	call	__divsint
   1581 F1            [10] 3669 	pop	af
   1582 F1            [10] 3670 	pop	af
   1583 C1            [10] 3671 	pop	bc
   1584 7D            [ 4] 3672 	ld	a, l
   1585 C6 04         [ 7] 3673 	add	a, #0x04
   1587 DD 6E FD      [19] 3674 	ld	l,-3 (ix)
   158A DD 66 FE      [19] 3675 	ld	h,-2 (ix)
   158D 77            [ 7] 3676 	ld	(hl), a
                           3677 ;src/main.c:1017: objY[index] = 40 + (cpct_getRandom_lcg_u8(0)*10/17);	// y = 40 a 190	
   158E 3ErAC         [ 7] 3678 	ld	a, #<(_objY)
   1590 DD 86 FF      [19] 3679 	add	a, -1 (ix)
   1593 DD 77 FB      [19] 3680 	ld	-5 (ix), a
   1596 3Es00         [ 7] 3681 	ld	a, #>(_objY)
   1598 CE 00         [ 7] 3682 	adc	a, #0x00
   159A DD 77 FC      [19] 3683 	ld	-4 (ix), a
   159D C5            [11] 3684 	push	bc
   159E 2E 00         [ 7] 3685 	ld	l, #0x00
   15A0 CDr00r00      [17] 3686 	call	_cpct_getRandom_lcg_u8
   15A3 C1            [10] 3687 	pop	bc
   15A4 5D            [ 4] 3688 	ld	e,l
   15A5 16 00         [ 7] 3689 	ld	d,#0x00
   15A7 6B            [ 4] 3690 	ld	l, e
   15A8 62            [ 4] 3691 	ld	h, d
   15A9 29            [11] 3692 	add	hl, hl
   15AA 29            [11] 3693 	add	hl, hl
   15AB 19            [11] 3694 	add	hl, de
   15AC 29            [11] 3695 	add	hl, hl
   15AD C5            [11] 3696 	push	bc
   15AE 11 11 00      [10] 3697 	ld	de, #0x0011
   15B1 D5            [11] 3698 	push	de
   15B2 E5            [11] 3699 	push	hl
   15B3 CDr00r00      [17] 3700 	call	__divsint
   15B6 F1            [10] 3701 	pop	af
   15B7 F1            [10] 3702 	pop	af
   15B8 C1            [10] 3703 	pop	bc
   15B9 7D            [ 4] 3704 	ld	a, l
   15BA C6 28         [ 7] 3705 	add	a, #0x28
   15BC E1            [10] 3706 	pop	hl
   15BD E5            [11] 3707 	push	hl
   15BE 77            [ 7] 3708 	ld	(hl), a
                           3709 ;src/main.c:1018: tile = *GetTileNum(objX[index]+2, objY[index]+8);	
   15BF E1            [10] 3710 	pop	hl
   15C0 E5            [11] 3711 	push	hl
   15C1 7E            [ 7] 3712 	ld	a, (hl)
   15C2 C6 08         [ 7] 3713 	add	a, #0x08
   15C4 57            [ 4] 3714 	ld	d, a
   15C5 DD 6E FD      [19] 3715 	ld	l,-3 (ix)
   15C8 DD 66 FE      [19] 3716 	ld	h,-2 (ix)
   15CB 7E            [ 7] 3717 	ld	a, (hl)
   15CC C6 02         [ 7] 3718 	add	a, #0x02
   15CE C5            [11] 3719 	push	bc
   15CF 5F            [ 4] 3720 	ld	e, a
   15D0 D5            [11] 3721 	push	de
   15D1 CDr48r02      [17] 3722 	call	_GetTileNum
   15D4 F1            [10] 3723 	pop	af
   15D5 C1            [10] 3724 	pop	bc
   15D6 5E            [ 7] 3725 	ld	e, (hl)
                           3726 ;src/main.c:1021: while (tile > 34 || tile == TILESET_DOOR || // tile is a blocker
   15D7 3E 22         [ 7] 3727 	ld	a, #0x22
   15D9 93            [ 4] 3728 	sub	a, e
   15DA DAr59r15      [10] 3729 	jp	C, 00107$
   15DD 7B            [ 4] 3730 	ld	a, e
   15DE D6 0E         [ 7] 3731 	sub	a, #0x0e
   15E0 CAr59r15      [10] 3732 	jp	Z,00107$
                           3733 ;src/main.c:1022: Abs(objX[0] - objX[1]) < 12 || // near the other object
   15E3 21rAAr00      [10] 3734 	ld	hl, #_objX + 0
   15E6 5E            [ 7] 3735 	ld	e, (hl)
   15E7 16 00         [ 7] 3736 	ld	d, #0x00
   15E9 21rABr00      [10] 3737 	ld	hl, #_objX + 1
   15EC 6E            [ 7] 3738 	ld	l, (hl)
   15ED 26 00         [ 7] 3739 	ld	h, #0x00
   15EF 7B            [ 4] 3740 	ld	a, e
   15F0 95            [ 4] 3741 	sub	a, l
   15F1 6F            [ 4] 3742 	ld	l, a
   15F2 7A            [ 4] 3743 	ld	a, d
   15F3 9C            [ 4] 3744 	sbc	a, h
   15F4 67            [ 4] 3745 	ld	h, a
   15F5 C5            [11] 3746 	push	bc
   15F6 CDr00r00      [17] 3747 	call	_Abs
   15F9 C1            [10] 3748 	pop	bc
   15FA 11 0C 80      [10] 3749 	ld	de, #0x800c
   15FD 29            [11] 3750 	add	hl, hl
   15FE 3F            [ 4] 3751 	ccf
   15FF CB 1C         [ 8] 3752 	rr	h
   1601 CB 1D         [ 8] 3753 	rr	l
   1603 ED 52         [15] 3754 	sbc	hl, de
   1605 DAr59r15      [10] 3755 	jp	C, 00107$
                           3756 ;src/main.c:1023: SpriteCollision(objX[index], objY[index], &spr[0], 12) || // near player 1
   1608 E1            [10] 3757 	pop	hl
   1609 E5            [11] 3758 	push	hl
   160A 56            [ 7] 3759 	ld	d, (hl)
   160B DD 6E FD      [19] 3760 	ld	l,-3 (ix)
   160E DD 66 FE      [19] 3761 	ld	h,-2 (ix)
   1611 5E            [ 7] 3762 	ld	e, (hl)
   1612 C5            [11] 3763 	push	bc
   1613 3E 0C         [ 7] 3764 	ld	a, #0x0c
   1615 F5            [11] 3765 	push	af
   1616 33            [ 6] 3766 	inc	sp
   1617 21r3Ar00      [10] 3767 	ld	hl, #_spr
   161A E5            [11] 3768 	push	hl
   161B D5            [11] 3769 	push	de
   161C CDrFCr1D      [17] 3770 	call	_SpriteCollision
   161F F1            [10] 3771 	pop	af
   1620 F1            [10] 3772 	pop	af
   1621 33            [ 6] 3773 	inc	sp
   1622 C1            [10] 3774 	pop	bc
   1623 7D            [ 4] 3775 	ld	a, l
   1624 B7            [ 4] 3776 	or	a, a
   1625 C2r59r15      [10] 3777 	jp	NZ, 00107$
                           3778 ;src/main.c:1024: SpriteCollision(objX[index], objY[index], &spr[1], 12)); // near player 2
   1628 E1            [10] 3779 	pop	hl
   1629 E5            [11] 3780 	push	hl
   162A 56            [ 7] 3781 	ld	d, (hl)
   162B DD 6E FD      [19] 3782 	ld	l,-3 (ix)
   162E DD 66 FE      [19] 3783 	ld	h,-2 (ix)
   1631 5E            [ 7] 3784 	ld	e, (hl)
   1632 C5            [11] 3785 	push	bc
   1633 3E 0C         [ 7] 3786 	ld	a, #0x0c
   1635 F5            [11] 3787 	push	af
   1636 33            [ 6] 3788 	inc	sp
   1637 21r49r00      [10] 3789 	ld	hl, #(_spr + 0x000f)
   163A E5            [11] 3790 	push	hl
   163B D5            [11] 3791 	push	de
   163C CDrFCr1D      [17] 3792 	call	_SpriteCollision
   163F F1            [10] 3793 	pop	af
   1640 F1            [10] 3794 	pop	af
   1641 33            [ 6] 3795 	inc	sp
   1642 C1            [10] 3796 	pop	bc
   1643 7D            [ 4] 3797 	ld	a, l
   1644 B7            [ 4] 3798 	or	a, a
   1645 C2r59r15      [10] 3799 	jp	NZ, 00107$
                           3800 ;src/main.c:1011: if (nObj[index] >= 0) DeleteObject(index); 
   1648 0A            [ 7] 3801 	ld	a, (bc)
                           3802 ;src/main.c:1026: if (nObj[index] == 22) nObj[index] = 1; // slightly more chance of showing 5 coins
   1649 5F            [ 4] 3803 	ld	e,a
   164A D6 16         [ 7] 3804 	sub	a, #0x16
   164C 20 05         [12] 3805 	jr	NZ,00116$
   164E 3E 01         [ 7] 3806 	ld	a, #0x01
   1650 02            [ 7] 3807 	ld	(bc), a
   1651 18 17         [12] 3808 	jr	00117$
   1653                    3809 00116$:
                           3810 ;src/main.c:1027: else if (nObj[index] == 21) nObj[index] = 3; // slightly more chance of powerUps showing up
   1653 7B            [ 4] 3811 	ld	a, e
   1654 D6 15         [ 7] 3812 	sub	a, #0x15
   1656 20 05         [12] 3813 	jr	NZ,00113$
   1658 3E 03         [ 7] 3814 	ld	a, #0x03
   165A 02            [ 7] 3815 	ld	(bc), a
   165B 18 0D         [12] 3816 	jr	00117$
   165D                    3817 00113$:
                           3818 ;src/main.c:1028: else if (nObj[index] > 3) nObj[index] = 0; // only PowerUps and coins, others are purchased
   165D 3E 03         [ 7] 3819 	ld	a, #0x03
   165F 93            [ 4] 3820 	sub	a, e
   1660 E2r65r16      [10] 3821 	jp	PO, 00165$
   1663 EE 80         [ 7] 3822 	xor	a, #0x80
   1665                    3823 00165$:
   1665 F2r6Ar16      [10] 3824 	jp	P, 00117$
   1668 AF            [ 4] 3825 	xor	a, a
   1669 02            [ 7] 3826 	ld	(bc), a
   166A                    3827 00117$:
                           3828 ;src/main.c:1030: cpct_akp_SFXPlay(1, 12, 65, 0, 0, AY_CHANNEL_A); // new item
   166A 3E 01         [ 7] 3829 	ld	a, #0x01
   166C F5            [11] 3830 	push	af
   166D 33            [ 6] 3831 	inc	sp
   166E 21 00 00      [10] 3832 	ld	hl, #0x0000
   1671 E5            [11] 3833 	push	hl
   1672 2E 41         [ 7] 3834 	ld	l, #0x41
   1674 E5            [11] 3835 	push	hl
   1675 21 01 0C      [10] 3836 	ld	hl, #0x0c01
   1678 E5            [11] 3837 	push	hl
   1679 CDr00r00      [17] 3838 	call	_cpct_akp_SFXPlay
   167C 21 07 00      [10] 3839 	ld	hl, #7
   167F 39            [11] 3840 	add	hl, sp
   1680 F9            [ 6] 3841 	ld	sp, hl
   1681 DD F9         [10] 3842 	ld	sp, ix
   1683 DD E1         [14] 3843 	pop	ix
   1685 C9            [10] 3844 	ret
                           3845 ;src/main.c:1036: void AddObjectToScoreboard(u8 player) __z88dk_fastcall {
                           3846 ;	---------------------------------
                           3847 ; Function AddObjectToScoreboard
                           3848 ; ---------------------------------
   1686                    3849 _AddObjectToScoreboard::
   1686 4D            [ 4] 3850 	ld	c, l
                           3851 ;src/main.c:1037: u8 x = spr[player].objNum_mov * 3 + 7;
   1687 11r3Ar00      [10] 3852 	ld	de, #_spr+0
   168A 06 00         [ 7] 3853 	ld	b,#0x00
   168C 69            [ 4] 3854 	ld	l, c
   168D 60            [ 4] 3855 	ld	h, b
   168E 29            [11] 3856 	add	hl, hl
   168F 09            [11] 3857 	add	hl, bc
   1690 29            [11] 3858 	add	hl, hl
   1691 09            [11] 3859 	add	hl, bc
   1692 29            [11] 3860 	add	hl, hl
   1693 09            [11] 3861 	add	hl, bc
   1694 19            [11] 3862 	add	hl, de
   1695 11 0C 00      [10] 3863 	ld	de, #0x000c
   1698 19            [11] 3864 	add	hl, de
   1699 5E            [ 7] 3865 	ld	e, (hl)
   169A 7B            [ 4] 3866 	ld	a, e
   169B 87            [ 4] 3867 	add	a, a
   169C 83            [ 4] 3868 	add	a, e
   169D C6 07         [ 7] 3869 	add	a, #0x07
   169F 47            [ 4] 3870 	ld	b, a
                           3871 ;src/main.c:1038: if (player == 1) x += 39;		
   16A0 0D            [ 4] 3872 	dec	c
   16A1 20 04         [12] 3873 	jr	NZ,00102$
   16A3 78            [ 4] 3874 	ld	a, b
   16A4 C6 27         [ 7] 3875 	add	a, #0x27
   16A6 47            [ 4] 3876 	ld	b, a
   16A7                    3877 00102$:
                           3878 ;src/main.c:1039: PrintObject(nPObj, x, 16);
   16A7 3E 10         [ 7] 3879 	ld	a, #0x10
   16A9 F5            [11] 3880 	push	af
   16AA 33            [ 6] 3881 	inc	sp
   16AB C5            [11] 3882 	push	bc
   16AC 33            [ 6] 3883 	inc	sp
   16AD 3ArAEr00      [13] 3884 	ld	a, (_nPObj)
   16B0 F5            [11] 3885 	push	af
   16B1 33            [ 6] 3886 	inc	sp
   16B2 CDr37r0E      [17] 3887 	call	_PrintObject
   16B5 F1            [10] 3888 	pop	af
   16B6 33            [ 6] 3889 	inc	sp
   16B7 C9            [10] 3890 	ret
                           3891 ;src/main.c:1044: void PrintKey() {
                           3892 ;	---------------------------------
                           3893 ; Function PrintKey
                           3894 ; ---------------------------------
   16B8                    3895 _PrintKey::
                           3896 ;src/main.c:1047: while (i<=4) {
   16B8 0E 00         [ 7] 3897 	ld	c, #0x00
   16BA 16 3C         [ 7] 3898 	ld	d, #0x3c
   16BC                    3899 00101$:
   16BC 3E 04         [ 7] 3900 	ld	a, #0x04
   16BE 91            [ 4] 3901 	sub	a, c
   16BF D8            [11] 3902 	ret	C
                           3903 ;src/main.c:1048: PrintObject(doorKey[i], x, 16);
   16C0 21r0Fr00      [10] 3904 	ld	hl, #_doorKey
   16C3 06 00         [ 7] 3905 	ld	b, #0x00
   16C5 09            [11] 3906 	add	hl, bc
   16C6 46            [ 7] 3907 	ld	b, (hl)
   16C7 C5            [11] 3908 	push	bc
   16C8 D5            [11] 3909 	push	de
   16C9 3E 10         [ 7] 3910 	ld	a, #0x10
   16CB F5            [11] 3911 	push	af
   16CC 33            [ 6] 3912 	inc	sp
   16CD 58            [ 4] 3913 	ld	e, b
   16CE D5            [11] 3914 	push	de
   16CF CDr37r0E      [17] 3915 	call	_PrintObject
   16D2 F1            [10] 3916 	pop	af
   16D3 33            [ 6] 3917 	inc	sp
   16D4 D1            [10] 3918 	pop	de
   16D5 C1            [10] 3919 	pop	bc
                           3920 ;src/main.c:1049: i++;
   16D6 0C            [ 4] 3921 	inc	c
                           3922 ;src/main.c:1050: x+=3;
   16D7 14            [ 4] 3923 	inc	d
   16D8 14            [ 4] 3924 	inc	d
   16D9 14            [ 4] 3925 	inc	d
   16DA 18 E0         [12] 3926 	jr	00101$
                           3927 ;src/main.c:1056: u8 CompareKeys() {
                           3928 ;	---------------------------------
                           3929 ; Function CompareKeys
                           3930 ; ---------------------------------
   16DC                    3931 _CompareKeys::
                           3932 ;src/main.c:1057: if (doorKey[0] == playerKey[0] && 
   16DC 21r0Fr00      [10] 3933 	ld	hl, #_doorKey + 0
   16DF 4E            [ 7] 3934 	ld	c, (hl)
   16E0 3Ar14r00      [13] 3935 	ld	a, (#_playerKey + 0)
   16E3 91            [ 4] 3936 	sub	a, c
   16E4 20 2B         [12] 3937 	jr	NZ,00102$
                           3938 ;src/main.c:1058: doorKey[1] == playerKey[1] &&
   16E6 21r10r00      [10] 3939 	ld	hl, #_doorKey + 1
   16E9 4E            [ 7] 3940 	ld	c, (hl)
   16EA 3Ar15r00      [13] 3941 	ld	a, (#_playerKey + 1)
   16ED 91            [ 4] 3942 	sub	a, c
   16EE 20 21         [12] 3943 	jr	NZ,00102$
                           3944 ;src/main.c:1059: doorKey[2] == playerKey[2] && 
   16F0 21r11r00      [10] 3945 	ld	hl, #_doorKey + 2
   16F3 4E            [ 7] 3946 	ld	c, (hl)
   16F4 3Ar16r00      [13] 3947 	ld	a, (#_playerKey + 2)
   16F7 91            [ 4] 3948 	sub	a, c
   16F8 20 17         [12] 3949 	jr	NZ,00102$
                           3950 ;src/main.c:1060: doorKey[3] == playerKey[3] &&
   16FA 21r12r00      [10] 3951 	ld	hl, #_doorKey + 3
   16FD 4E            [ 7] 3952 	ld	c, (hl)
   16FE 3Ar17r00      [13] 3953 	ld	a, (#_playerKey + 3)
   1701 91            [ 4] 3954 	sub	a, c
   1702 20 0D         [12] 3955 	jr	NZ,00102$
                           3956 ;src/main.c:1061: doorKey[4] == playerKey[4]) 
   1704 21r13r00      [10] 3957 	ld	hl, #_doorKey + 4
   1707 4E            [ 7] 3958 	ld	c, (hl)
   1708 3Ar18r00      [13] 3959 	ld	a, (#_playerKey + 4)
   170B 91            [ 4] 3960 	sub	a, c
   170C 20 03         [12] 3961 	jr	NZ,00102$
                           3962 ;src/main.c:1062: return 1;
   170E 2E 01         [ 7] 3963 	ld	l, #0x01
   1710 C9            [10] 3964 	ret
   1711                    3965 00102$:
                           3966 ;src/main.c:1064: return 0;
   1711 2E 00         [ 7] 3967 	ld	l, #0x00
   1713 C9            [10] 3968 	ret
                           3969 ;src/main.c:1069: void CheckActiveTile(u8 player) {	
                           3970 ;	---------------------------------
                           3971 ; Function CheckActiveTile
                           3972 ; ---------------------------------
   1714                    3973 _CheckActiveTile::
   1714 DD E5         [15] 3974 	push	ix
   1716 DD 21 00 00   [14] 3975 	ld	ix,#0
   171A DD 39         [15] 3976 	add	ix,sp
   171C 21 FA FF      [10] 3977 	ld	hl, #-6
   171F 39            [11] 3978 	add	hl, sp
   1720 F9            [ 6] 3979 	ld	sp, hl
                           3980 ;src/main.c:1070: u8 currentTile = *GetTileNum(spr[player].x+3, spr[player].y+8);	
   1721 DD 4E 04      [19] 3981 	ld	c,4 (ix)
   1724 06 00         [ 7] 3982 	ld	b,#0x00
   1726 69            [ 4] 3983 	ld	l, c
   1727 60            [ 4] 3984 	ld	h, b
   1728 29            [11] 3985 	add	hl, hl
   1729 09            [11] 3986 	add	hl, bc
   172A 29            [11] 3987 	add	hl, hl
   172B 09            [11] 3988 	add	hl, bc
   172C 29            [11] 3989 	add	hl, hl
   172D 09            [11] 3990 	add	hl, bc
   172E 01r3Ar00      [10] 3991 	ld	bc,#_spr
   1731 09            [11] 3992 	add	hl,bc
   1732 4D            [ 4] 3993 	ld	c,l
   1733 44            [ 4] 3994 	ld	b,h
   1734 23            [ 6] 3995 	inc	hl
   1735 23            [ 6] 3996 	inc	hl
   1736 23            [ 6] 3997 	inc	hl
   1737 7E            [ 7] 3998 	ld	a, (hl)
   1738 C6 08         [ 7] 3999 	add	a, #0x08
   173A 57            [ 4] 4000 	ld	d, a
   173B 69            [ 4] 4001 	ld	l, c
   173C 60            [ 4] 4002 	ld	h, b
   173D 23            [ 6] 4003 	inc	hl
   173E 23            [ 6] 4004 	inc	hl
   173F 7E            [ 7] 4005 	ld	a, (hl)
   1740 C6 03         [ 7] 4006 	add	a, #0x03
   1742 C5            [11] 4007 	push	bc
   1743 5F            [ 4] 4008 	ld	e, a
   1744 D5            [11] 4009 	push	de
   1745 CDr48r02      [17] 4010 	call	_GetTileNum
   1748 F1            [10] 4011 	pop	af
   1749 C1            [10] 4012 	pop	bc
   174A 7E            [ 7] 4013 	ld	a, (hl)
   174B DD 77 FB      [19] 4014 	ld	-5 (ix), a
                           4015 ;src/main.c:1071: u8 i = 0;
   174E DD 36 FA 00   [19] 4016 	ld	-6 (ix), #0x00
                           4017 ;src/main.c:1076: while (coinScore[player] > 0 && spr[player].objNum_mov < 5) {
   1752 21 0C 00      [10] 4018 	ld	hl, #0x000c
   1755 09            [11] 4019 	add	hl,bc
   1756 DD 75 FC      [19] 4020 	ld	-4 (ix), l
   1759 DD 74 FD      [19] 4021 	ld	-3 (ix), h
                           4022 ;src/main.c:1074: if (currentTile >= TILESET_STORE && currentTile <= TILESET_STORE + 5) {
   175C DD 7E FB      [19] 4023 	ld	a, -5 (ix)
   175F D6 27         [ 7] 4024 	sub	a, #0x27
   1761 DAr52r18      [10] 4025 	jp	C, 00140$
   1764 3E 2C         [ 7] 4026 	ld	a, #0x2c
   1766 DD 96 FB      [19] 4027 	sub	a, -5 (ix)
   1769 DAr52r18      [10] 4028 	jp	C, 00140$
                           4029 ;src/main.c:1076: while (coinScore[player] > 0 && spr[player].objNum_mov < 5) {
   176C                    4030 00112$:
   176C 3Er0D         [ 7] 4031 	ld	a, #<(_coinScore)
   176E DD 86 04      [19] 4032 	add	a, 4 (ix)
   1771 5F            [ 4] 4033 	ld	e, a
   1772 3Es00         [ 7] 4034 	ld	a, #>(_coinScore)
   1774 CE 00         [ 7] 4035 	adc	a, #0x00
   1776 57            [ 4] 4036 	ld	d, a
   1777 1A            [ 7] 4037 	ld	a, (de)
   1778 B7            [ 4] 4038 	or	a, a
   1779 CAr7Br19      [10] 4039 	jp	Z, 00143$
   177C DD 6E FC      [19] 4040 	ld	l,-4 (ix)
   177F DD 66 FD      [19] 4041 	ld	h,-3 (ix)
   1782 7E            [ 7] 4042 	ld	a, (hl)
   1783 D6 05         [ 7] 4043 	sub	a, #0x05
   1785 D2r7Br19      [10] 4044 	jp	NC, 00143$
                           4045 ;src/main.c:1077: cpct_akp_SFXPlay (7, 12, 65, 0, 0, AY_CHANNEL_A);
   1788 D5            [11] 4046 	push	de
   1789 3E 01         [ 7] 4047 	ld	a, #0x01
   178B F5            [11] 4048 	push	af
   178C 33            [ 6] 4049 	inc	sp
   178D 21 00 00      [10] 4050 	ld	hl, #0x0000
   1790 E5            [11] 4051 	push	hl
   1791 2E 41         [ 7] 4052 	ld	l, #0x41
   1793 E5            [11] 4053 	push	hl
   1794 21 07 0C      [10] 4054 	ld	hl, #0x0c07
   1797 E5            [11] 4055 	push	hl
   1798 CDr00r00      [17] 4056 	call	_cpct_akp_SFXPlay
   179B 21 07 00      [10] 4057 	ld	hl, #7
   179E 39            [11] 4058 	add	hl, sp
   179F F9            [ 6] 4059 	ld	sp, hl
   17A0 D1            [10] 4060 	pop	de
                           4061 ;src/main.c:1078: if (coinScore[player] < 13) // no money left
   17A1 1A            [ 7] 4062 	ld	a, (de)
   17A2 FE 0D         [ 7] 4063 	cp	a, #0x0d
   17A4 30 08         [12] 4064 	jr	NC,00102$
                           4065 ;src/main.c:1079: nPObj = coinScore[player] + 3; // assign the corresponding object to the available money
   17A6 21rAEr00      [10] 4066 	ld	hl, #_nPObj
   17A9 C6 03         [ 7] 4067 	add	a, #0x03
   17AB 77            [ 7] 4068 	ld	(hl), a
   17AC 18 05         [12] 4069 	jr	00103$
   17AE                    4070 00102$:
                           4071 ;src/main.c:1081: nPObj = 15; // assign the most expensive object
   17AE 21rAEr00      [10] 4072 	ld	hl,#_nPObj + 0
   17B1 36 0F         [10] 4073 	ld	(hl), #0x0f
   17B3                    4074 00103$:
                           4075 ;src/main.c:1082: spr[player].objNum_mov++; // increases the number of objects the player carries
   17B3 DD 6E FC      [19] 4076 	ld	l,-4 (ix)
   17B6 DD 66 FD      [19] 4077 	ld	h,-3 (ix)
   17B9 4E            [ 7] 4078 	ld	c, (hl)
   17BA 0C            [ 4] 4079 	inc	c
   17BB DD 6E FC      [19] 4080 	ld	l,-4 (ix)
   17BE DD 66 FD      [19] 4081 	ld	h,-3 (ix)
   17C1 71            [ 7] 4082 	ld	(hl), c
                           4083 ;src/main.c:1083: potScore[player] += coinScore[player]; // increase the potion score
   17C2 FD 21r0Br00   [14] 4084 	ld	iy, #_potScore
   17C6 DD 4E 04      [19] 4085 	ld	c,4 (ix)
   17C9 06 00         [ 7] 4086 	ld	b,#0x00
   17CB FD 09         [15] 4087 	add	iy, bc
   17CD FD 4E 00      [19] 4088 	ld	c, 0 (iy)
   17D0 1A            [ 7] 4089 	ld	a, (de)
   17D1 6F            [ 4] 4090 	ld	l, a
   17D2 09            [11] 4091 	add	hl, bc
   17D3 FD 75 00      [19] 4092 	ld	0 (iy), l
                           4093 ;src/main.c:1084: score[player] += coinScore[player] * 2; // increase the player score
   17D6 DD 6E 04      [19] 4094 	ld	l, 4 (ix)
   17D9 26 00         [ 7] 4095 	ld	h, #0x00
   17DB 29            [11] 4096 	add	hl, hl
   17DC 4D            [ 4] 4097 	ld	c, l
   17DD 44            [ 4] 4098 	ld	b, h
   17DE FD 21r05r00   [14] 4099 	ld	iy, #_score
   17E2 FD 09         [15] 4100 	add	iy, bc
   17E4 FD 4E 00      [19] 4101 	ld	c, 0 (iy)
   17E7 FD 46 01      [19] 4102 	ld	b, 1 (iy)
   17EA 1A            [ 7] 4103 	ld	a, (de)
   17EB 6F            [ 4] 4104 	ld	l, a
   17EC 26 00         [ 7] 4105 	ld	h, #0x00
   17EE 29            [11] 4106 	add	hl, hl
   17EF 09            [11] 4107 	add	hl, bc
   17F0 FD 75 00      [19] 4108 	ld	0 (iy), l
   17F3 FD 74 01      [19] 4109 	ld	1 (iy), h
                           4110 ;src/main.c:1085: RefreshHighScore(player);
   17F6 D5            [11] 4111 	push	de
   17F7 DD 6E 04      [19] 4112 	ld	l, 4 (ix)
   17FA CDr3Er0B      [17] 4113 	call	_RefreshHighScore
   17FD D1            [10] 4114 	pop	de
                           4115 ;src/main.c:1086: coinScore[player] -= nPObj - 3; // decrease the coin score
   17FE 1A            [ 7] 4116 	ld	a, (de)
   17FF 47            [ 4] 4117 	ld	b, a
   1800 3ArAEr00      [13] 4118 	ld	a,(#_nPObj + 0)
   1803 C6 FD         [ 7] 4119 	add	a, #0xfd
   1805 4F            [ 4] 4120 	ld	c, a
   1806 78            [ 4] 4121 	ld	a, b
   1807 91            [ 4] 4122 	sub	a, c
   1808 12            [ 7] 4123 	ld	(de), a
                           4124 ;src/main.c:1087: if (!TwoPlayers) {
   1809 3Ar04r00      [13] 4125 	ld	a,(#_TwoPlayers + 0)
   180C B7            [ 4] 4126 	or	a, a
   180D 20 34         [12] 4127 	jr	NZ,00110$
                           4128 ;src/main.c:1088: playerKey[spr[player].objNum_mov-1] = nPObj; // add object to key
   180F DD 6E FC      [19] 4129 	ld	l,-4 (ix)
   1812 DD 66 FD      [19] 4130 	ld	h,-3 (ix)
   1815 4E            [ 7] 4131 	ld	c, (hl)
   1816 0D            [ 4] 4132 	dec	c
   1817 21r14r00      [10] 4133 	ld	hl, #_playerKey
   181A 06 00         [ 7] 4134 	ld	b, #0x00
   181C 09            [11] 4135 	add	hl, bc
   181D 3ArAEr00      [13] 4136 	ld	a,(#_nPObj + 0)
   1820 77            [ 7] 4137 	ld	(hl), a
                           4138 ;src/main.c:1090: if (nMap == 0 && (nTip<3 || (nTip<4 && spr[0].objNum_mov >= 5)))
   1821 3Ar00r00      [13] 4139 	ld	a,(#_nMap + 0)
   1824 B7            [ 4] 4140 	or	a, a
   1825 20 1C         [12] 4141 	jr	NZ,00110$
   1827 FD 21r20r00   [14] 4142 	ld	iy, #_nTip
   182B FD 7E 00      [19] 4143 	ld	a, 0 (iy)
   182E D6 03         [ 7] 4144 	sub	a, #0x03
   1830 38 0E         [12] 4145 	jr	C,00104$
   1832 FD 7E 00      [19] 4146 	ld	a, 0 (iy)
   1835 D6 04         [ 7] 4147 	sub	a, #0x04
   1837 30 0A         [12] 4148 	jr	NC,00110$
   1839 3Ar46r00      [13] 4149 	ld	a, (#(_spr + 0x000c) + 0)
   183C D6 05         [ 7] 4150 	sub	a, #0x05
   183E 38 03         [12] 4151 	jr	C,00110$
   1840                    4152 00104$:
                           4153 ;src/main.c:1091: PrintTip();
   1840 CDrA9r08      [17] 4154 	call	_PrintTip
   1843                    4155 00110$:
                           4156 ;src/main.c:1093: DeleteObjectInStore();
   1843 CDr6Br0F      [17] 4157 	call	_DeleteObjectInStore
                           4158 ;src/main.c:1094: AddObjectToScoreboard(player); 
   1846 DD 6E 04      [19] 4159 	ld	l, 4 (ix)
   1849 CDr86r16      [17] 4160 	call	_AddObjectToScoreboard
                           4161 ;src/main.c:1095: RefreshScoreboard();
   184C CDrC7r0C      [17] 4162 	call	_RefreshScoreboard
   184F C3r6Cr17      [10] 4163 	jp	00112$
   1852                    4164 00140$:
                           4165 ;src/main.c:1100: else if (currentTile == TILESET_WELL && (potScore[player] > 0 || coinScore[player] > 0)) {	
   1852 DD 7E FB      [19] 4166 	ld	a, -5 (ix)
   1855 D6 26         [ 7] 4167 	sub	a, #0x26
   1857 C2r5Cr19      [10] 4168 	jp	NZ,00135$
   185A 3Er0B         [ 7] 4169 	ld	a, #<(_potScore)
   185C DD 86 04      [19] 4170 	add	a, 4 (ix)
   185F DD 77 FE      [19] 4171 	ld	-2 (ix), a
   1862 3Es00         [ 7] 4172 	ld	a, #>(_potScore)
   1864 CE 00         [ 7] 4173 	adc	a, #0x00
   1866 DD 77 FF      [19] 4174 	ld	-1 (ix), a
   1869 DD 6E FE      [19] 4175 	ld	l,-2 (ix)
   186C DD 66 FF      [19] 4176 	ld	h,-1 (ix)
   186F 7E            [ 7] 4177 	ld	a, (hl)
   1870 B7            [ 4] 4178 	or	a, a
   1871 20 0E         [12] 4179 	jr	NZ,00134$
   1873 01r0Dr00      [10] 4180 	ld	bc, #_coinScore+0
   1876 DD 6E 04      [19] 4181 	ld	l,4 (ix)
   1879 26 00         [ 7] 4182 	ld	h,#0x00
   187B 09            [11] 4183 	add	hl, bc
   187C 7E            [ 7] 4184 	ld	a, (hl)
   187D B7            [ 4] 4185 	or	a, a
   187E CAr5Cr19      [10] 4186 	jp	Z, 00135$
   1881                    4187 00134$:
                           4188 ;src/main.c:1102: cpct_akp_SFXPlay (3, 12, 57, 0, 0, AY_CHANNEL_C);
   1881 3E 04         [ 7] 4189 	ld	a, #0x04
   1883 F5            [11] 4190 	push	af
   1884 33            [ 6] 4191 	inc	sp
   1885 21 00 00      [10] 4192 	ld	hl, #0x0000
   1888 E5            [11] 4193 	push	hl
   1889 2E 39         [ 7] 4194 	ld	l, #0x39
   188B E5            [11] 4195 	push	hl
   188C 21 03 0C      [10] 4196 	ld	hl, #0x0c03
   188F E5            [11] 4197 	push	hl
   1890 CDr00r00      [17] 4198 	call	_cpct_akp_SFXPlay
   1893 21 07 00      [10] 4199 	ld	hl, #7
   1896 39            [11] 4200 	add	hl, sp
   1897 F9            [ 6] 4201 	ld	sp, hl
                           4202 ;src/main.c:1104: if (player == 0)
   1898 DD 7E 04      [19] 4203 	ld	a, 4 (ix)
   189B B7            [ 4] 4204 	or	a, a
   189C 20 17         [12] 4205 	jr	NZ,00116$
                           4206 ;src/main.c:1106: cpct_px2byteM0(BG_COLOR, BG_COLOR), 20, 8);
   189E 21 01 01      [10] 4207 	ld	hl, #0x0101
   18A1 E5            [11] 4208 	push	hl
   18A2 CDr00r00      [17] 4209 	call	_cpct_px2byteM0
   18A5 26 00         [ 7] 4210 	ld	h, #0x00
                           4211 ;src/main.c:1105: cpct_drawSolidBox(cpctm_screenPtr(CPCT_VMEM_START, 7, 16), 
   18A7 01 14 08      [10] 4212 	ld	bc, #0x0814
   18AA C5            [11] 4213 	push	bc
   18AB E5            [11] 4214 	push	hl
   18AC 21 A7 C0      [10] 4215 	ld	hl, #0xc0a7
   18AF E5            [11] 4216 	push	hl
   18B0 CDr00r00      [17] 4217 	call	_cpct_drawSolidBox
   18B3 18 15         [12] 4218 	jr	00117$
   18B5                    4219 00116$:
                           4220 ;src/main.c:1109: cpct_px2byteM0(BG_COLOR, BG_COLOR), 20, 8);
   18B5 21 01 01      [10] 4221 	ld	hl, #0x0101
   18B8 E5            [11] 4222 	push	hl
   18B9 CDr00r00      [17] 4223 	call	_cpct_px2byteM0
   18BC 26 00         [ 7] 4224 	ld	h, #0x00
                           4225 ;src/main.c:1108: cpct_drawSolidBox(cpctm_screenPtr(CPCT_VMEM_START, 46, 16), 
   18BE 01 14 08      [10] 4226 	ld	bc, #0x0814
   18C1 C5            [11] 4227 	push	bc
   18C2 E5            [11] 4228 	push	hl
   18C3 21 CE C0      [10] 4229 	ld	hl, #0xc0ce
   18C6 E5            [11] 4230 	push	hl
   18C7 CDr00r00      [17] 4231 	call	_cpct_drawSolidBox
   18CA                    4232 00117$:
                           4233 ;src/main.c:1111: coinScore[player] = 0; 		// throwing money
   18CA 01r0Dr00      [10] 4234 	ld	bc, #_coinScore+0
   18CD DD 6E 04      [19] 4235 	ld	l,4 (ix)
   18D0 26 00         [ 7] 4236 	ld	h,#0x00
   18D2 09            [11] 4237 	add	hl, bc
   18D3 36 00         [10] 4238 	ld	(hl), #0x00
                           4239 ;src/main.c:1112: spr[player].objNum_mov = 0;	// throwing objects
   18D5 DD 6E FC      [19] 4240 	ld	l,-4 (ix)
   18D8 DD 66 FD      [19] 4241 	ld	h,-3 (ix)
   18DB 36 00         [10] 4242 	ld	(hl), #0x00
                           4243 ;src/main.c:1113: potScore[player] = 0;		// potion value to zero
   18DD DD 6E FE      [19] 4244 	ld	l,-2 (ix)
   18E0 DD 66 FF      [19] 4245 	ld	h,-1 (ix)
   18E3 36 00         [10] 4246 	ld	(hl), #0x00
                           4247 ;src/main.c:1115: if (!TwoPlayers) { // search for valid objects to retrieve them (only 1 player game)			
   18E5 3Ar04r00      [13] 4248 	ld	a,(#_TwoPlayers + 0)
   18E8 B7            [ 4] 4249 	or	a, a
   18E9 20 6C         [12] 4250 	jr	NZ,00128$
                           4251 ;src/main.c:1116: while (i<5) {
   18EB 01r14r00      [10] 4252 	ld	bc, #_playerKey+0
   18EE                    4253 00124$:
   18EE DD 7E FA      [19] 4254 	ld	a, -6 (ix)
   18F1 D6 05         [ 7] 4255 	sub	a, #0x05
   18F3 30 5F         [12] 4256 	jr	NC,00126$
                           4257 ;src/main.c:1117: if (playerKey[i] == doorKey[i] ) {
   18F5 DD 6E FA      [19] 4258 	ld	l,-6 (ix)
   18F8 26 00         [ 7] 4259 	ld	h,#0x00
   18FA 09            [11] 4260 	add	hl, bc
   18FB 5E            [ 7] 4261 	ld	e, (hl)
   18FC 3Er0F         [ 7] 4262 	ld	a, #<(_doorKey)
   18FE DD 86 FA      [19] 4263 	add	a, -6 (ix)
   1901 6F            [ 4] 4264 	ld	l, a
   1902 3Es00         [ 7] 4265 	ld	a, #>(_doorKey)
   1904 CE 00         [ 7] 4266 	adc	a, #0x00
   1906 67            [ 4] 4267 	ld	h, a
   1907 7E            [ 7] 4268 	ld	a, (hl)
   1908 93            [ 4] 4269 	sub	a, e
   1909 20 34         [12] 4270 	jr	NZ,00161$
                           4271 ;src/main.c:1118: potScore[0] += playerKey[i] - 3; // increases potion value
   190B 21r0Br00      [10] 4272 	ld	hl, #_potScore + 0
   190E 6E            [ 7] 4273 	ld	l, (hl)
   190F 7B            [ 4] 4274 	ld	a, e
   1910 C6 FD         [ 7] 4275 	add	a, #0xfd
   1912 85            [ 4] 4276 	add	a,l
   1913 32r0Br00      [13] 4277 	ld	(#_potScore),a
                           4278 ;src/main.c:1119: spr[0].objNum_mov++; // increases the number of objects		
   1916 3Ar46r00      [13] 4279 	ld	a, (#(_spr + 0x000c) + 0)
   1919 3C            [ 4] 4280 	inc	a
   191A 32r46r00      [13] 4281 	ld	(#(_spr + 0x000c)),a
                           4282 ;src/main.c:1121: PrintObject(playerKey[i++], spr[0].objNum_mov * 3 + 7, 16);					
   191D 5F            [ 4] 4283 	ld	e, a
   191E 87            [ 4] 4284 	add	a, a
   191F 83            [ 4] 4285 	add	a, e
   1920 C6 07         [ 7] 4286 	add	a, #0x07
   1922 5F            [ 4] 4287 	ld	e, a
   1923 DD 6E FA      [19] 4288 	ld	l, -6 (ix)
   1926 DD 34 FA      [23] 4289 	inc	-6 (ix)
   1929 26 00         [ 7] 4290 	ld	h,#0x00
   192B 09            [11] 4291 	add	hl, bc
   192C 56            [ 7] 4292 	ld	d, (hl)
   192D C5            [11] 4293 	push	bc
   192E 3E 10         [ 7] 4294 	ld	a, #0x10
   1930 F5            [11] 4295 	push	af
   1931 33            [ 6] 4296 	inc	sp
   1932 7B            [ 4] 4297 	ld	a, e
   1933 F5            [11] 4298 	push	af
   1934 33            [ 6] 4299 	inc	sp
   1935 D5            [11] 4300 	push	de
   1936 33            [ 6] 4301 	inc	sp
   1937 CDr37r0E      [17] 4302 	call	_PrintObject
   193A F1            [10] 4303 	pop	af
   193B 33            [ 6] 4304 	inc	sp
   193C C1            [10] 4305 	pop	bc
   193D 18 AF         [12] 4306 	jr	00124$
                           4307 ;src/main.c:1124: while (i<5)	
   193F                    4308 00161$:
   193F DD 5E FA      [19] 4309 	ld	e, -6 (ix)
   1942                    4310 00118$:
   1942 7B            [ 4] 4311 	ld	a, e
   1943 D6 05         [ 7] 4312 	sub	a, #0x05
   1945 30 A7         [12] 4313 	jr	NC,00124$
                           4314 ;src/main.c:1125: playerKey[i++] = 0;					
   1947 53            [ 4] 4315 	ld	d, e
   1948 1C            [ 4] 4316 	inc	e
   1949 DD 73 FA      [19] 4317 	ld	-6 (ix), e
   194C 6A            [ 4] 4318 	ld	l,d
   194D 26 00         [ 7] 4319 	ld	h,#0x00
   194F 09            [11] 4320 	add	hl, bc
   1950 36 00         [10] 4321 	ld	(hl), #0x00
   1952 18 EE         [12] 4322 	jr	00118$
   1954                    4323 00126$:
                           4324 ;src/main.c:1127: DeleteObjectInStore();
   1954 CDr6Br0F      [17] 4325 	call	_DeleteObjectInStore
   1957                    4326 00128$:
                           4327 ;src/main.c:1129: RefreshScoreboard();
   1957 CDrC7r0C      [17] 4328 	call	_RefreshScoreboard
   195A 18 1F         [12] 4329 	jr	00143$
   195C                    4330 00135$:
                           4331 ;src/main.c:1133: else if ((currentTile == TILESET_DOOR || currentTile == 30) && 
   195C DD 7E FB      [19] 4332 	ld	a, -5 (ix)
   195F D6 0E         [ 7] 4333 	sub	a, #0x0e
   1961 28 07         [12] 4334 	jr	Z,00132$
   1963 DD 7E FB      [19] 4335 	ld	a, -5 (ix)
   1966 D6 1E         [ 7] 4336 	sub	a, #0x1e
   1968 20 11         [12] 4337 	jr	NZ,00143$
   196A                    4338 00132$:
                           4339 ;src/main.c:1134: spr[0].objNum_mov == 5 && CompareKeys()) {
   196A 3Ar46r00      [13] 4340 	ld	a, (#(_spr + 0x000c) + 0)
   196D D6 05         [ 7] 4341 	sub	a, #0x05
   196F 20 0A         [12] 4342 	jr	NZ,00143$
   1971 CDrDCr16      [17] 4343 	call	_CompareKeys
   1974 7D            [ 4] 4344 	ld	a, l
   1975 B7            [ 4] 4345 	or	a, a
   1976 28 03         [12] 4346 	jr	Z,00143$
                           4347 ;src/main.c:1135: MakeDuel();	
   1978 CDr28r25      [17] 4348 	call	_MakeDuel
   197B                    4349 00143$:
   197B DD F9         [10] 4350 	ld	sp, ix
   197D DD E1         [14] 4351 	pop	ix
   197F C9            [10] 4352 	ret
                           4353 ;src/main.c:1153: void PrintSprite(TSpr *pSpr) __z88dk_fastcall {
                           4354 ;	---------------------------------
                           4355 ; Function PrintSprite
                           4356 ; ---------------------------------
   1980                    4357 _PrintSprite::
                           4358 ;src/main.c:1156: SPR_W, SPR_H, g_maskTable);
                           4359 ;src/main.c:1155: cpct_getScreenPtr(CPCT_VMEM_START, pSpr->x, pSpr->y), 
   1980 4D            [ 4] 4360 	ld	c,l
   1981 44            [ 4] 4361 	ld	b,h
   1982 23            [ 6] 4362 	inc	hl
   1983 23            [ 6] 4363 	inc	hl
   1984 23            [ 6] 4364 	inc	hl
   1985 56            [ 7] 4365 	ld	d, (hl)
   1986 69            [ 4] 4366 	ld	l, c
   1987 60            [ 4] 4367 	ld	h, b
   1988 23            [ 6] 4368 	inc	hl
   1989 23            [ 6] 4369 	inc	hl
   198A 7E            [ 7] 4370 	ld	a, (hl)
   198B C5            [11] 4371 	push	bc
   198C 5F            [ 4] 4372 	ld	e, a
   198D D5            [11] 4373 	push	de
   198E 21 00 C0      [10] 4374 	ld	hl, #0xc000
   1991 E5            [11] 4375 	push	hl
   1992 CDr00r00      [17] 4376 	call	_cpct_getScreenPtr
   1995 EB            [ 4] 4377 	ex	de,hl
   1996 FD E1         [14] 4378 	pop	iy
   1998 FD 6E 08      [19] 4379 	ld	l, 8 (iy)
   199B FD 66 09      [19] 4380 	ld	h, 9 (iy)
   199E 4E            [ 7] 4381 	ld	c, (hl)
   199F 23            [ 6] 4382 	inc	hl
   19A0 46            [ 7] 4383 	ld	b, (hl)
   19A1 21r00r01      [10] 4384 	ld	hl, #_g_maskTable
   19A4 E5            [11] 4385 	push	hl
   19A5 21 05 0C      [10] 4386 	ld	hl, #0x0c05
   19A8 E5            [11] 4387 	push	hl
   19A9 D5            [11] 4388 	push	de
   19AA C5            [11] 4389 	push	bc
   19AB CDr00r00      [17] 4390 	call	_cpct_drawSpriteMaskedAlignedTable
   19AE C9            [10] 4391 	ret
                           4392 ;src/main.c:1161: void DeleteSprite(TSpr *pSpr) __z88dk_fastcall {	
                           4393 ;	---------------------------------
                           4394 ; Function DeleteSprite
                           4395 ; ---------------------------------
   19AF                    4396 _DeleteSprite::
   19AF DD E5         [15] 4397 	push	ix
   19B1 DD 21 00 00   [14] 4398 	ld	ix,#0
   19B5 DD 39         [15] 4399 	add	ix,sp
   19B7 F5            [11] 4400 	push	af
   19B8 3B            [ 6] 4401 	dec	sp
   19B9 4D            [ 4] 4402 	ld	c, l
   19BA 44            [ 4] 4403 	ld	b, h
                           4404 ;src/main.c:1163: 3 + (pSpr->px & 1), 3 + (pSpr->py & 3 ? 1 : 0),	
   19BB C5            [11] 4405 	push	bc
   19BC FD E1         [14] 4406 	pop	iy
   19BE FD 5E 05      [19] 4407 	ld	e, 5 (iy)
   19C1 7B            [ 4] 4408 	ld	a, e
   19C2 E6 03         [ 7] 4409 	and	a, #0x03
   19C4 28 04         [12] 4410 	jr	Z,00103$
   19C6 3E 01         [ 7] 4411 	ld	a, #0x01
   19C8 18 02         [12] 4412 	jr	00104$
   19CA                    4413 00103$:
   19CA 3E 00         [ 7] 4414 	ld	a, #0x00
   19CC                    4415 00104$:
   19CC C6 03         [ 7] 4416 	add	a, #0x03
   19CE DD 77 FF      [19] 4417 	ld	-1 (ix), a
   19D1 C5            [11] 4418 	push	bc
   19D2 FD E1         [14] 4419 	pop	iy
   19D4 FD 4E 04      [19] 4420 	ld	c, 4 (iy)
   19D7 79            [ 4] 4421 	ld	a, c
   19D8 E6 01         [ 7] 4422 	and	a, #0x01
   19DA 47            [ 4] 4423 	ld	b, a
   19DB 04            [ 4] 4424 	inc	b
   19DC 04            [ 4] 4425 	inc	b
   19DD 04            [ 4] 4426 	inc	b
                           4427 ;src/main.c:1162: cpct_etm_drawTileBox2x4(pSpr->px / 2, (pSpr->py - ORIG_MAP_Y) / 4, 
   19DE 16 00         [ 7] 4428 	ld	d, #0x00
   19E0 7B            [ 4] 4429 	ld	a, e
   19E1 C6 E0         [ 7] 4430 	add	a, #0xe0
   19E3 DD 77 FD      [19] 4431 	ld	-3 (ix), a
   19E6 7A            [ 4] 4432 	ld	a, d
   19E7 CE FF         [ 7] 4433 	adc	a, #0xff
   19E9 DD 77 FE      [19] 4434 	ld	-2 (ix), a
   19EC E1            [10] 4435 	pop	hl
   19ED E5            [11] 4436 	push	hl
   19EE DD CB FE 7E   [20] 4437 	bit	7, -2 (ix)
   19F2 28 04         [12] 4438 	jr	Z,00105$
   19F4 21 E3 FF      [10] 4439 	ld	hl, #0xffe3
   19F7 19            [11] 4440 	add	hl, de
   19F8                    4441 00105$:
   19F8 CB 2C         [ 8] 4442 	sra	h
   19FA CB 1D         [ 8] 4443 	rr	l
   19FC CB 2C         [ 8] 4444 	sra	h
   19FE CB 1D         [ 8] 4445 	rr	l
   1A00 5D            [ 4] 4446 	ld	e, l
   1A01 CB 39         [ 8] 4447 	srl	c
   1A03 21 71 0F      [10] 4448 	ld	hl, #0x0f71
   1A06 E5            [11] 4449 	push	hl
   1A07 21 40 C1      [10] 4450 	ld	hl, #0xc140
   1A0A E5            [11] 4451 	push	hl
   1A0B 3E 28         [ 7] 4452 	ld	a, #0x28
   1A0D F5            [11] 4453 	push	af
   1A0E 33            [ 6] 4454 	inc	sp
   1A0F DD 7E FF      [19] 4455 	ld	a, -1 (ix)
   1A12 F5            [11] 4456 	push	af
   1A13 33            [ 6] 4457 	inc	sp
   1A14 C5            [11] 4458 	push	bc
   1A15 33            [ 6] 4459 	inc	sp
   1A16 43            [ 4] 4460 	ld	b, e
   1A17 C5            [11] 4461 	push	bc
   1A18 CDr00r00      [17] 4462 	call	_cpct_etm_drawTileBox2x4
   1A1B DD F9         [10] 4463 	ld	sp, ix
   1A1D DD E1         [14] 4464 	pop	ix
   1A1F C9            [10] 4465 	ret
                           4466 ;src/main.c:1169: void AssignFrame(TSpr *pSpr, TFrm **anim) {
                           4467 ;	---------------------------------
                           4468 ; Function AssignFrame
                           4469 ; ---------------------------------
   1A20                    4470 _AssignFrame::
   1A20 DD E5         [15] 4471 	push	ix
   1A22 DD 21 00 00   [14] 4472 	ld	ix,#0
   1A26 DD 39         [15] 4473 	add	ix,sp
                           4474 ;src/main.c:1170: u8 animPause = 2;
   1A28 16 02         [ 7] 4475 	ld	d, #0x02
                           4476 ;src/main.c:1171: if (pSpr->num > 3) animPause = 1; // slow enemies (4 and 5) have no pause in animation
   1A2A DD 6E 04      [19] 4477 	ld	l,4 (ix)
   1A2D DD 66 05      [19] 4478 	ld	h,5 (ix)
   1A30 4E            [ 7] 4479 	ld	c, (hl)
   1A31 3E 03         [ 7] 4480 	ld	a, #0x03
   1A33 91            [ 4] 4481 	sub	a, c
   1A34 30 02         [12] 4482 	jr	NC,00102$
   1A36 16 01         [ 7] 4483 	ld	d, #0x01
   1A38                    4484 00102$:
                           4485 ;src/main.c:1172: pSpr->frm = anim[pSpr->nFrm / animPause];	
   1A38 7D            [ 4] 4486 	ld	a, l
   1A39 C6 08         [ 7] 4487 	add	a, #0x08
   1A3B 4F            [ 4] 4488 	ld	c, a
   1A3C 7C            [ 4] 4489 	ld	a, h
   1A3D CE 00         [ 7] 4490 	adc	a, #0x00
   1A3F 47            [ 4] 4491 	ld	b, a
   1A40 E5            [11] 4492 	push	hl
   1A41 FD E1         [14] 4493 	pop	iy
   1A43 FD 7E 0A      [19] 4494 	ld	a, 10 (iy)
   1A46 C5            [11] 4495 	push	bc
   1A47 5F            [ 4] 4496 	ld	e, a
   1A48 D5            [11] 4497 	push	de
   1A49 CDr00r00      [17] 4498 	call	__divuchar
   1A4C F1            [10] 4499 	pop	af
   1A4D C1            [10] 4500 	pop	bc
   1A4E 26 00         [ 7] 4501 	ld	h, #0x00
   1A50 29            [11] 4502 	add	hl, hl
   1A51 EB            [ 4] 4503 	ex	de,hl
   1A52 DD 6E 06      [19] 4504 	ld	l,6 (ix)
   1A55 DD 66 07      [19] 4505 	ld	h,7 (ix)
   1A58 19            [11] 4506 	add	hl, de
   1A59 5E            [ 7] 4507 	ld	e, (hl)
   1A5A 23            [ 6] 4508 	inc	hl
   1A5B 56            [ 7] 4509 	ld	d, (hl)
   1A5C 7B            [ 4] 4510 	ld	a, e
   1A5D 02            [ 7] 4511 	ld	(bc), a
   1A5E 03            [ 6] 4512 	inc	bc
   1A5F 7A            [ 4] 4513 	ld	a, d
   1A60 02            [ 7] 4514 	ld	(bc), a
   1A61 DD E1         [14] 4515 	pop	ix
   1A63 C9            [10] 4516 	ret
                           4517 ;src/main.c:1177: void SelectFrame(TSpr *pSpr) __z88dk_fastcall {
                           4518 ;	---------------------------------
                           4519 ; Function SelectFrame
                           4520 ; ---------------------------------
   1A64                    4521 _SelectFrame::
   1A64 DD E5         [15] 4522 	push	ix
   1A66 DD 21 00 00   [14] 4523 	ld	ix,#0
   1A6A DD 39         [15] 4524 	add	ix,sp
   1A6C F5            [11] 4525 	push	af
   1A6D DD 75 FE      [19] 4526 	ld	-2 (ix), l
   1A70 DD 74 FF      [19] 4527 	ld	-1 (ix), h
                           4528 ;src/main.c:1179: if(pSpr->ident == SORCERER1) {
   1A73 E1            [10] 4529 	pop	hl
   1A74 E5            [11] 4530 	push	hl
   1A75 23            [ 6] 4531 	inc	hl
   1A76 4E            [ 7] 4532 	ld	c, (hl)
                           4533 ;src/main.c:1180: switch(pSpr->status) {
   1A77 DD 7E FE      [19] 4534 	ld	a, -2 (ix)
   1A7A C6 06         [ 7] 4535 	add	a, #0x06
   1A7C 5F            [ 4] 4536 	ld	e, a
   1A7D DD 7E FF      [19] 4537 	ld	a, -1 (ix)
   1A80 CE 00         [ 7] 4538 	adc	a, #0x00
   1A82 57            [ 4] 4539 	ld	d, a
                           4540 ;src/main.c:1179: if(pSpr->ident == SORCERER1) {
   1A83 79            [ 4] 4541 	ld	a, c
   1A84 B7            [ 4] 4542 	or	a, a
   1A85 20 75         [12] 4543 	jr	NZ,00149$
                           4544 ;src/main.c:1180: switch(pSpr->status) {
   1A87 1A            [ 7] 4545 	ld	a, (de)
   1A88 4F            [ 4] 4546 	ld	c, a
   1A89 3E 04         [ 7] 4547 	ld	a, #0x04
   1A8B 91            [ 4] 4548 	sub	a, c
   1A8C DArD5r1C      [10] 4549 	jp	C, 00151$
   1A8F 06 00         [ 7] 4550 	ld	b, #0x00
   1A91 21r98r1A      [10] 4551 	ld	hl, #00245$
   1A94 09            [11] 4552 	add	hl, bc
   1A95 09            [11] 4553 	add	hl, bc
   1A96 09            [11] 4554 	add	hl, bc
   1A97 E9            [ 4] 4555 	jp	(hl)
   1A98                    4556 00245$:
   1A98 C3rA7r1A      [10] 4557 	jp	00101$
   1A9B C3rB7r1A      [10] 4558 	jp	00102$
   1A9E C3rC7r1A      [10] 4559 	jp	00103$
   1AA1 C3rD7r1A      [10] 4560 	jp	00104$
   1AA4 C3rE7r1A      [10] 4561 	jp	00105$
                           4562 ;src/main.c:1181: case S_walkingUp: 		{AssignFrame(&spr[0], animUp_Sorcerer1); break;}
   1AA7                    4563 00101$:
   1AA7 21r1Br00      [10] 4564 	ld	hl, #_animUp_Sorcerer1
   1AAA E5            [11] 4565 	push	hl
   1AAB 21r3Ar00      [10] 4566 	ld	hl, #_spr
   1AAE E5            [11] 4567 	push	hl
   1AAF CDr20r1A      [17] 4568 	call	_AssignFrame
   1AB2 F1            [10] 4569 	pop	af
   1AB3 F1            [10] 4570 	pop	af
   1AB4 C3rD5r1C      [10] 4571 	jp	00151$
                           4572 ;src/main.c:1182: case S_walkingDown:		{AssignFrame(&spr[0], animDown_Sorcerer1); break;}
   1AB7                    4573 00102$:
   1AB7 21r1Fr00      [10] 4574 	ld	hl, #_animDown_Sorcerer1
   1ABA E5            [11] 4575 	push	hl
   1ABB 21r3Ar00      [10] 4576 	ld	hl, #_spr
   1ABE E5            [11] 4577 	push	hl
   1ABF CDr20r1A      [17] 4578 	call	_AssignFrame
   1AC2 F1            [10] 4579 	pop	af
   1AC3 F1            [10] 4580 	pop	af
   1AC4 C3rD5r1C      [10] 4581 	jp	00151$
                           4582 ;src/main.c:1183: case S_walkingLeft:		{AssignFrame(&spr[0], animLeft_Sorcerer1); break;}
   1AC7                    4583 00103$:
   1AC7 21r23r00      [10] 4584 	ld	hl, #_animLeft_Sorcerer1
   1ACA E5            [11] 4585 	push	hl
   1ACB 21r3Ar00      [10] 4586 	ld	hl, #_spr
   1ACE E5            [11] 4587 	push	hl
   1ACF CDr20r1A      [17] 4588 	call	_AssignFrame
   1AD2 F1            [10] 4589 	pop	af
   1AD3 F1            [10] 4590 	pop	af
   1AD4 C3rD5r1C      [10] 4591 	jp	00151$
                           4592 ;src/main.c:1184: case S_walkingRight:	{AssignFrame(&spr[0], animRight_Sorcerer1); break;}
   1AD7                    4593 00104$:
   1AD7 21r27r00      [10] 4594 	ld	hl, #_animRight_Sorcerer1
   1ADA E5            [11] 4595 	push	hl
   1ADB 21r3Ar00      [10] 4596 	ld	hl, #_spr
   1ADE E5            [11] 4597 	push	hl
   1ADF CDr20r1A      [17] 4598 	call	_AssignFrame
   1AE2 F1            [10] 4599 	pop	af
   1AE3 F1            [10] 4600 	pop	af
   1AE4 C3rD5r1C      [10] 4601 	jp	00151$
                           4602 ;src/main.c:1185: case S_stopped:			{spr[0].frm = &frmSorcerer1[spr[0].dir*2];}		
   1AE7                    4603 00105$:
   1AE7 01r0Br00      [10] 4604 	ld	bc, #_frmSorcerer1+0
   1AEA 3Ar41r00      [13] 4605 	ld	a, (#_spr + 7)
   1AED 87            [ 4] 4606 	add	a, a
   1AEE 6F            [ 4] 4607 	ld	l, a
   1AEF 26 00         [ 7] 4608 	ld	h, #0x00
   1AF1 29            [11] 4609 	add	hl, hl
   1AF2 09            [11] 4610 	add	hl,bc
   1AF3 4D            [ 4] 4611 	ld	c, l
   1AF4 44            [ 4] 4612 	ld	b, h
   1AF5 ED 43r42r00   [20] 4613 	ld	((_spr + 0x0008)), bc
                           4614 ;src/main.c:1186: }
   1AF9 C3rD5r1C      [10] 4615 	jp	00151$
   1AFC                    4616 00149$:
                           4617 ;src/main.c:1189: else if(pSpr->ident == SORCERER2) {
   1AFC 79            [ 4] 4618 	ld	a, c
   1AFD 3D            [ 4] 4619 	dec	a
   1AFE 20 75         [12] 4620 	jr	NZ,00146$
                           4621 ;src/main.c:1190: switch(pSpr->status) {
   1B00 1A            [ 7] 4622 	ld	a, (de)
   1B01 4F            [ 4] 4623 	ld	c, a
   1B02 3E 04         [ 7] 4624 	ld	a, #0x04
   1B04 91            [ 4] 4625 	sub	a, c
   1B05 DArD5r1C      [10] 4626 	jp	C, 00151$
   1B08 06 00         [ 7] 4627 	ld	b, #0x00
   1B0A 21r11r1B      [10] 4628 	ld	hl, #00248$
   1B0D 09            [11] 4629 	add	hl, bc
   1B0E 09            [11] 4630 	add	hl, bc
   1B0F 09            [11] 4631 	add	hl, bc
   1B10 E9            [ 4] 4632 	jp	(hl)
   1B11                    4633 00248$:
   1B11 C3r20r1B      [10] 4634 	jp	00107$
   1B14 C3r30r1B      [10] 4635 	jp	00108$
   1B17 C3r40r1B      [10] 4636 	jp	00109$
   1B1A C3r50r1B      [10] 4637 	jp	00110$
   1B1D C3r60r1B      [10] 4638 	jp	00111$
                           4639 ;src/main.c:1191: case S_walkingUp: 		{AssignFrame(&spr[1], animUp_Sorcerer2); break;}
   1B20                    4640 00107$:
   1B20 21r3Br00      [10] 4641 	ld	hl, #_animUp_Sorcerer2
   1B23 E5            [11] 4642 	push	hl
   1B24 21r49r00      [10] 4643 	ld	hl, #(_spr + 0x000f)
   1B27 E5            [11] 4644 	push	hl
   1B28 CDr20r1A      [17] 4645 	call	_AssignFrame
   1B2B F1            [10] 4646 	pop	af
   1B2C F1            [10] 4647 	pop	af
   1B2D C3rD5r1C      [10] 4648 	jp	00151$
                           4649 ;src/main.c:1192: case S_walkingDown:		{AssignFrame(&spr[1], animDown_Sorcerer2); break;}
   1B30                    4650 00108$:
   1B30 21r3Fr00      [10] 4651 	ld	hl, #_animDown_Sorcerer2
   1B33 E5            [11] 4652 	push	hl
   1B34 21r49r00      [10] 4653 	ld	hl, #(_spr + 0x000f)
   1B37 E5            [11] 4654 	push	hl
   1B38 CDr20r1A      [17] 4655 	call	_AssignFrame
   1B3B F1            [10] 4656 	pop	af
   1B3C F1            [10] 4657 	pop	af
   1B3D C3rD5r1C      [10] 4658 	jp	00151$
                           4659 ;src/main.c:1193: case S_walkingLeft:		{AssignFrame(&spr[1], animLeft_Sorcerer2); break;}
   1B40                    4660 00109$:
   1B40 21r43r00      [10] 4661 	ld	hl, #_animLeft_Sorcerer2
   1B43 E5            [11] 4662 	push	hl
   1B44 21r49r00      [10] 4663 	ld	hl, #(_spr + 0x000f)
   1B47 E5            [11] 4664 	push	hl
   1B48 CDr20r1A      [17] 4665 	call	_AssignFrame
   1B4B F1            [10] 4666 	pop	af
   1B4C F1            [10] 4667 	pop	af
   1B4D C3rD5r1C      [10] 4668 	jp	00151$
                           4669 ;src/main.c:1194: case S_walkingRight:	{AssignFrame(&spr[1], animRight_Sorcerer2); break;}
   1B50                    4670 00110$:
   1B50 21r47r00      [10] 4671 	ld	hl, #_animRight_Sorcerer2
   1B53 E5            [11] 4672 	push	hl
   1B54 21r49r00      [10] 4673 	ld	hl, #(_spr + 0x000f)
   1B57 E5            [11] 4674 	push	hl
   1B58 CDr20r1A      [17] 4675 	call	_AssignFrame
   1B5B F1            [10] 4676 	pop	af
   1B5C F1            [10] 4677 	pop	af
   1B5D C3rD5r1C      [10] 4678 	jp	00151$
                           4679 ;src/main.c:1195: case S_stopped:			{spr[1].frm = &frmSorcerer2[spr[1].dir*2];}	
   1B60                    4680 00111$:
   1B60 01r2Br00      [10] 4681 	ld	bc, #_frmSorcerer2+0
   1B63 3Ar50r00      [13] 4682 	ld	a, (#_spr + 22)
   1B66 87            [ 4] 4683 	add	a, a
   1B67 6F            [ 4] 4684 	ld	l, a
   1B68 26 00         [ 7] 4685 	ld	h, #0x00
   1B6A 29            [11] 4686 	add	hl, hl
   1B6B 09            [11] 4687 	add	hl,bc
   1B6C 4D            [ 4] 4688 	ld	c, l
   1B6D 44            [ 4] 4689 	ld	b, h
   1B6E ED 43r51r00   [20] 4690 	ld	((_spr + 0x0017)), bc
                           4691 ;src/main.c:1196: }
   1B72 C3rD5r1C      [10] 4692 	jp	00151$
   1B75                    4693 00146$:
                           4694 ;src/main.c:1200: switch(pSpr->dir) {
   1B75 DD 7E FE      [19] 4695 	ld	a, -2 (ix)
   1B78 C6 07         [ 7] 4696 	add	a, #0x07
   1B7A 5F            [ 4] 4697 	ld	e, a
   1B7B DD 7E FF      [19] 4698 	ld	a, -1 (ix)
   1B7E CE 00         [ 7] 4699 	adc	a, #0x00
   1B80 57            [ 4] 4700 	ld	d, a
                           4701 ;src/main.c:1199: else if(pSpr->ident == SENTINEL) {
   1B81 79            [ 4] 4702 	ld	a, c
   1B82 D6 02         [ 7] 4703 	sub	a, #0x02
   1B84 20 57         [12] 4704 	jr	NZ,00143$
                           4705 ;src/main.c:1200: switch(pSpr->dir) {
   1B86 1A            [ 7] 4706 	ld	a, (de)
   1B87 B7            [ 4] 4707 	or	a, a
   1B88 28 0F         [12] 4708 	jr	Z,00113$
   1B8A FE 01         [ 7] 4709 	cp	a, #0x01
   1B8C 28 1C         [12] 4710 	jr	Z,00114$
   1B8E FE 02         [ 7] 4711 	cp	a, #0x02
   1B90 28 29         [12] 4712 	jr	Z,00115$
   1B92 D6 03         [ 7] 4713 	sub	a, #0x03
   1B94 28 36         [12] 4714 	jr	Z,00116$
   1B96 C3rD5r1C      [10] 4715 	jp	00151$
                           4716 ;src/main.c:1201: case D_up:				{AssignFrame(pSpr, animUp_Sentinel); break;}
   1B99                    4717 00113$:
   1B99 21r5Br00      [10] 4718 	ld	hl, #_animUp_Sentinel
   1B9C 4D            [ 4] 4719 	ld	c, l
   1B9D 44            [ 4] 4720 	ld	b, h
   1B9E E1            [10] 4721 	pop	hl
   1B9F E5            [11] 4722 	push	hl
   1BA0 C5            [11] 4723 	push	bc
   1BA1 E5            [11] 4724 	push	hl
   1BA2 CDr20r1A      [17] 4725 	call	_AssignFrame
   1BA5 F1            [10] 4726 	pop	af
   1BA6 F1            [10] 4727 	pop	af
   1BA7 C3rD5r1C      [10] 4728 	jp	00151$
                           4729 ;src/main.c:1202: case D_down:			{AssignFrame(pSpr, animDown_Sentinel); break;}
   1BAA                    4730 00114$:
   1BAA 21r5Fr00      [10] 4731 	ld	hl, #_animDown_Sentinel
   1BAD 4D            [ 4] 4732 	ld	c, l
   1BAE 44            [ 4] 4733 	ld	b, h
   1BAF E1            [10] 4734 	pop	hl
   1BB0 E5            [11] 4735 	push	hl
   1BB1 C5            [11] 4736 	push	bc
   1BB2 E5            [11] 4737 	push	hl
   1BB3 CDr20r1A      [17] 4738 	call	_AssignFrame
   1BB6 F1            [10] 4739 	pop	af
   1BB7 F1            [10] 4740 	pop	af
   1BB8 C3rD5r1C      [10] 4741 	jp	00151$
                           4742 ;src/main.c:1203: case D_left:			{AssignFrame(pSpr, animLeft_Sentinel); break;}
   1BBB                    4743 00115$:
   1BBB 21r63r00      [10] 4744 	ld	hl, #_animLeft_Sentinel
   1BBE 4D            [ 4] 4745 	ld	c, l
   1BBF 44            [ 4] 4746 	ld	b, h
   1BC0 E1            [10] 4747 	pop	hl
   1BC1 E5            [11] 4748 	push	hl
   1BC2 C5            [11] 4749 	push	bc
   1BC3 E5            [11] 4750 	push	hl
   1BC4 CDr20r1A      [17] 4751 	call	_AssignFrame
   1BC7 F1            [10] 4752 	pop	af
   1BC8 F1            [10] 4753 	pop	af
   1BC9 C3rD5r1C      [10] 4754 	jp	00151$
                           4755 ;src/main.c:1204: case D_right:			{AssignFrame(pSpr, animRight_Sentinel);}
   1BCC                    4756 00116$:
   1BCC 21r67r00      [10] 4757 	ld	hl, #_animRight_Sentinel
   1BCF 4D            [ 4] 4758 	ld	c, l
   1BD0 44            [ 4] 4759 	ld	b, h
   1BD1 E1            [10] 4760 	pop	hl
   1BD2 E5            [11] 4761 	push	hl
   1BD3 C5            [11] 4762 	push	bc
   1BD4 E5            [11] 4763 	push	hl
   1BD5 CDr20r1A      [17] 4764 	call	_AssignFrame
   1BD8 F1            [10] 4765 	pop	af
   1BD9 F1            [10] 4766 	pop	af
                           4767 ;src/main.c:1205: }
   1BDA C3rD5r1C      [10] 4768 	jp	00151$
   1BDD                    4769 00143$:
                           4770 ;src/main.c:1208: else if(pSpr->ident == KNIGHT) {
   1BDD 79            [ 4] 4771 	ld	a, c
   1BDE D6 03         [ 7] 4772 	sub	a, #0x03
   1BE0 20 57         [12] 4773 	jr	NZ,00140$
                           4774 ;src/main.c:1209: switch(pSpr->dir) {
   1BE2 1A            [ 7] 4775 	ld	a, (de)
   1BE3 B7            [ 4] 4776 	or	a, a
   1BE4 28 0F         [12] 4777 	jr	Z,00118$
   1BE6 FE 01         [ 7] 4778 	cp	a, #0x01
   1BE8 28 1C         [12] 4779 	jr	Z,00119$
   1BEA FE 02         [ 7] 4780 	cp	a, #0x02
   1BEC 28 29         [12] 4781 	jr	Z,00120$
   1BEE D6 03         [ 7] 4782 	sub	a, #0x03
   1BF0 28 36         [12] 4783 	jr	Z,00121$
   1BF2 C3rD5r1C      [10] 4784 	jp	00151$
                           4785 ;src/main.c:1210: case D_up:				{AssignFrame(pSpr, animUp_Knight); break;}
   1BF5                    4786 00118$:
   1BF5 21r7Br00      [10] 4787 	ld	hl, #_animUp_Knight
   1BF8 4D            [ 4] 4788 	ld	c, l
   1BF9 44            [ 4] 4789 	ld	b, h
   1BFA E1            [10] 4790 	pop	hl
   1BFB E5            [11] 4791 	push	hl
   1BFC C5            [11] 4792 	push	bc
   1BFD E5            [11] 4793 	push	hl
   1BFE CDr20r1A      [17] 4794 	call	_AssignFrame
   1C01 F1            [10] 4795 	pop	af
   1C02 F1            [10] 4796 	pop	af
   1C03 C3rD5r1C      [10] 4797 	jp	00151$
                           4798 ;src/main.c:1211: case D_down:			{AssignFrame(pSpr, animDown_Knight); break;}
   1C06                    4799 00119$:
   1C06 21r7Fr00      [10] 4800 	ld	hl, #_animDown_Knight
   1C09 4D            [ 4] 4801 	ld	c, l
   1C0A 44            [ 4] 4802 	ld	b, h
   1C0B E1            [10] 4803 	pop	hl
   1C0C E5            [11] 4804 	push	hl
   1C0D C5            [11] 4805 	push	bc
   1C0E E5            [11] 4806 	push	hl
   1C0F CDr20r1A      [17] 4807 	call	_AssignFrame
   1C12 F1            [10] 4808 	pop	af
   1C13 F1            [10] 4809 	pop	af
   1C14 C3rD5r1C      [10] 4810 	jp	00151$
                           4811 ;src/main.c:1212: case D_left:			{AssignFrame(pSpr, animLeft_Knight); break;}
   1C17                    4812 00120$:
   1C17 21r83r00      [10] 4813 	ld	hl, #_animLeft_Knight
   1C1A 4D            [ 4] 4814 	ld	c, l
   1C1B 44            [ 4] 4815 	ld	b, h
   1C1C E1            [10] 4816 	pop	hl
   1C1D E5            [11] 4817 	push	hl
   1C1E C5            [11] 4818 	push	bc
   1C1F E5            [11] 4819 	push	hl
   1C20 CDr20r1A      [17] 4820 	call	_AssignFrame
   1C23 F1            [10] 4821 	pop	af
   1C24 F1            [10] 4822 	pop	af
   1C25 C3rD5r1C      [10] 4823 	jp	00151$
                           4824 ;src/main.c:1213: case D_right:			{AssignFrame(pSpr, animRight_Knight);}
   1C28                    4825 00121$:
   1C28 21r87r00      [10] 4826 	ld	hl, #_animRight_Knight
   1C2B 4D            [ 4] 4827 	ld	c, l
   1C2C 44            [ 4] 4828 	ld	b, h
   1C2D E1            [10] 4829 	pop	hl
   1C2E E5            [11] 4830 	push	hl
   1C2F C5            [11] 4831 	push	bc
   1C30 E5            [11] 4832 	push	hl
   1C31 CDr20r1A      [17] 4833 	call	_AssignFrame
   1C34 F1            [10] 4834 	pop	af
   1C35 F1            [10] 4835 	pop	af
                           4836 ;src/main.c:1214: }
   1C36 C3rD5r1C      [10] 4837 	jp	00151$
   1C39                    4838 00140$:
                           4839 ;src/main.c:1217: else if(pSpr->ident == GHOST) {
   1C39 79            [ 4] 4840 	ld	a, c
   1C3A D6 04         [ 7] 4841 	sub	a, #0x04
   1C3C 20 54         [12] 4842 	jr	NZ,00137$
                           4843 ;src/main.c:1218: switch(pSpr->dir) {
   1C3E 1A            [ 7] 4844 	ld	a, (de)
   1C3F B7            [ 4] 4845 	or	a, a
   1C40 28 0F         [12] 4846 	jr	Z,00123$
   1C42 FE 01         [ 7] 4847 	cp	a, #0x01
   1C44 28 1C         [12] 4848 	jr	Z,00124$
   1C46 FE 02         [ 7] 4849 	cp	a, #0x02
   1C48 28 28         [12] 4850 	jr	Z,00125$
   1C4A D6 03         [ 7] 4851 	sub	a, #0x03
   1C4C 28 34         [12] 4852 	jr	Z,00126$
   1C4E C3rD5r1C      [10] 4853 	jp	00151$
                           4854 ;src/main.c:1219: case D_up:				{AssignFrame(pSpr, animUp_Ghost); break;}
   1C51                    4855 00123$:
   1C51 21r9Br00      [10] 4856 	ld	hl, #_animUp_Ghost
   1C54 4D            [ 4] 4857 	ld	c, l
   1C55 44            [ 4] 4858 	ld	b, h
   1C56 E1            [10] 4859 	pop	hl
   1C57 E5            [11] 4860 	push	hl
   1C58 C5            [11] 4861 	push	bc
   1C59 E5            [11] 4862 	push	hl
   1C5A CDr20r1A      [17] 4863 	call	_AssignFrame
   1C5D F1            [10] 4864 	pop	af
   1C5E F1            [10] 4865 	pop	af
   1C5F C3rD5r1C      [10] 4866 	jp	00151$
                           4867 ;src/main.c:1220: case D_down:			{AssignFrame(pSpr, animDown_Ghost); break;}
   1C62                    4868 00124$:
   1C62 21r9Fr00      [10] 4869 	ld	hl, #_animDown_Ghost
   1C65 4D            [ 4] 4870 	ld	c, l
   1C66 44            [ 4] 4871 	ld	b, h
   1C67 E1            [10] 4872 	pop	hl
   1C68 E5            [11] 4873 	push	hl
   1C69 C5            [11] 4874 	push	bc
   1C6A E5            [11] 4875 	push	hl
   1C6B CDr20r1A      [17] 4876 	call	_AssignFrame
   1C6E F1            [10] 4877 	pop	af
   1C6F F1            [10] 4878 	pop	af
   1C70 18 63         [12] 4879 	jr	00151$
                           4880 ;src/main.c:1221: case D_left:			{AssignFrame(pSpr, animLeft_Ghost); break;}
   1C72                    4881 00125$:
   1C72 21rA3r00      [10] 4882 	ld	hl, #_animLeft_Ghost
   1C75 4D            [ 4] 4883 	ld	c, l
   1C76 44            [ 4] 4884 	ld	b, h
   1C77 E1            [10] 4885 	pop	hl
   1C78 E5            [11] 4886 	push	hl
   1C79 C5            [11] 4887 	push	bc
   1C7A E5            [11] 4888 	push	hl
   1C7B CDr20r1A      [17] 4889 	call	_AssignFrame
   1C7E F1            [10] 4890 	pop	af
   1C7F F1            [10] 4891 	pop	af
   1C80 18 53         [12] 4892 	jr	00151$
                           4893 ;src/main.c:1222: case D_right:			{AssignFrame(pSpr, animRight_Ghost);}
   1C82                    4894 00126$:
   1C82 21rA7r00      [10] 4895 	ld	hl, #_animRight_Ghost
   1C85 4D            [ 4] 4896 	ld	c, l
   1C86 44            [ 4] 4897 	ld	b, h
   1C87 E1            [10] 4898 	pop	hl
   1C88 E5            [11] 4899 	push	hl
   1C89 C5            [11] 4900 	push	bc
   1C8A E5            [11] 4901 	push	hl
   1C8B CDr20r1A      [17] 4902 	call	_AssignFrame
   1C8E F1            [10] 4903 	pop	af
   1C8F F1            [10] 4904 	pop	af
                           4905 ;src/main.c:1223: }
   1C90 18 43         [12] 4906 	jr	00151$
   1C92                    4907 00137$:
                           4908 ;src/main.c:1226: else if(pSpr->ident == WITCH) {
   1C92 79            [ 4] 4909 	ld	a, c
   1C93 D6 06         [ 7] 4910 	sub	a, #0x06
   1C95 20 2B         [12] 4911 	jr	NZ,00134$
                           4912 ;src/main.c:1227: switch(pSpr->dir) {
   1C97 1A            [ 7] 4913 	ld	a, (de)
   1C98 FE 02         [ 7] 4914 	cp	a, #0x02
   1C9A 28 06         [12] 4915 	jr	Z,00128$
   1C9C D6 03         [ 7] 4916 	sub	a, #0x03
   1C9E 28 12         [12] 4917 	jr	Z,00129$
   1CA0 18 33         [12] 4918 	jr	00151$
                           4919 ;src/main.c:1228: case D_left:			{AssignFrame(pSpr, animLeft_Witch); break;}
   1CA2                    4920 00128$:
   1CA2 21rBBr00      [10] 4921 	ld	hl, #_animLeft_Witch
   1CA5 4D            [ 4] 4922 	ld	c, l
   1CA6 44            [ 4] 4923 	ld	b, h
   1CA7 E1            [10] 4924 	pop	hl
   1CA8 E5            [11] 4925 	push	hl
   1CA9 C5            [11] 4926 	push	bc
   1CAA E5            [11] 4927 	push	hl
   1CAB CDr20r1A      [17] 4928 	call	_AssignFrame
   1CAE F1            [10] 4929 	pop	af
   1CAF F1            [10] 4930 	pop	af
   1CB0 18 23         [12] 4931 	jr	00151$
                           4932 ;src/main.c:1229: case D_right:			{AssignFrame(pSpr, animRight_Witch);}
   1CB2                    4933 00129$:
   1CB2 21rBFr00      [10] 4934 	ld	hl, #_animRight_Witch
   1CB5 4D            [ 4] 4935 	ld	c, l
   1CB6 44            [ 4] 4936 	ld	b, h
   1CB7 E1            [10] 4937 	pop	hl
   1CB8 E5            [11] 4938 	push	hl
   1CB9 C5            [11] 4939 	push	bc
   1CBA E5            [11] 4940 	push	hl
   1CBB CDr20r1A      [17] 4941 	call	_AssignFrame
   1CBE F1            [10] 4942 	pop	af
   1CBF F1            [10] 4943 	pop	af
                           4944 ;src/main.c:1230: }
   1CC0 18 13         [12] 4945 	jr	00151$
   1CC2                    4946 00134$:
                           4947 ;src/main.c:1233: else if(pSpr->ident == BAT)	AssignFrame(pSpr, anim_Bat);
   1CC2 79            [ 4] 4948 	ld	a, c
   1CC3 D6 05         [ 7] 4949 	sub	a, #0x05
   1CC5 20 0E         [12] 4950 	jr	NZ,00151$
   1CC7 21rAFr00      [10] 4951 	ld	hl, #_anim_Bat
   1CCA 4D            [ 4] 4952 	ld	c, l
   1CCB 44            [ 4] 4953 	ld	b, h
   1CCC E1            [10] 4954 	pop	hl
   1CCD E5            [11] 4955 	push	hl
   1CCE C5            [11] 4956 	push	bc
   1CCF E5            [11] 4957 	push	hl
   1CD0 CDr20r1A      [17] 4958 	call	_AssignFrame
   1CD3 F1            [10] 4959 	pop	af
   1CD4 F1            [10] 4960 	pop	af
   1CD5                    4961 00151$:
   1CD5 DD F9         [10] 4962 	ld	sp, ix
   1CD7 DD E1         [14] 4963 	pop	ix
   1CD9 C9            [10] 4964 	ret
                           4965 ;src/main.c:1238: void PrintExplosion(TSpr *pSpr, u8 nFrame)
                           4966 ;	---------------------------------
                           4967 ; Function PrintExplosion
                           4968 ; ---------------------------------
   1CDA                    4969 _PrintExplosion::
   1CDA DD E5         [15] 4970 	push	ix
   1CDC DD 21 00 00   [14] 4971 	ld	ix,#0
   1CE0 DD 39         [15] 4972 	add	ix,sp
                           4973 ;src/main.c:1242: SPR_W, SPR_H, g_maskTable);
                           4974 ;src/main.c:1241: cpct_getScreenPtr(CPCT_VMEM_START, pSpr->x, pSpr->y), 
   1CE2 DD 4E 04      [19] 4975 	ld	c,4 (ix)
   1CE5 DD 46 05      [19] 4976 	ld	b,5 (ix)
   1CE8 69            [ 4] 4977 	ld	l, c
   1CE9 60            [ 4] 4978 	ld	h, b
   1CEA 23            [ 6] 4979 	inc	hl
   1CEB 23            [ 6] 4980 	inc	hl
   1CEC 23            [ 6] 4981 	inc	hl
   1CED 56            [ 7] 4982 	ld	d, (hl)
   1CEE 69            [ 4] 4983 	ld	l, c
   1CEF 60            [ 4] 4984 	ld	h, b
   1CF0 23            [ 6] 4985 	inc	hl
   1CF1 23            [ 6] 4986 	inc	hl
   1CF2 5E            [ 7] 4987 	ld	e, (hl)
   1CF3 D5            [11] 4988 	push	de
   1CF4 21 00 C0      [10] 4989 	ld	hl, #0xc000
   1CF7 E5            [11] 4990 	push	hl
   1CF8 CDr00r00      [17] 4991 	call	_cpct_getScreenPtr
   1CFB 4D            [ 4] 4992 	ld	c, l
   1CFC 44            [ 4] 4993 	ld	b, h
                           4994 ;src/main.c:1240: cpct_drawSpriteMaskedAlignedTable(g_explosion[nFrame], 
   1CFD DD 5E 06      [19] 4995 	ld	e,6 (ix)
   1D00 16 00         [ 7] 4996 	ld	d,#0x00
   1D02 6B            [ 4] 4997 	ld	l, e
   1D03 62            [ 4] 4998 	ld	h, d
   1D04 29            [11] 4999 	add	hl, hl
   1D05 19            [11] 5000 	add	hl, de
   1D06 29            [11] 5001 	add	hl, hl
   1D07 19            [11] 5002 	add	hl, de
   1D08 29            [11] 5003 	add	hl, hl
   1D09 19            [11] 5004 	add	hl, de
   1D0A 29            [11] 5005 	add	hl, hl
   1D0B 29            [11] 5006 	add	hl, hl
   1D0C 11r00r00      [10] 5007 	ld	de, #_g_explosion
   1D0F 19            [11] 5008 	add	hl, de
   1D10 11r00r01      [10] 5009 	ld	de, #_g_maskTable
   1D13 D5            [11] 5010 	push	de
   1D14 11 05 0C      [10] 5011 	ld	de, #0x0c05
   1D17 D5            [11] 5012 	push	de
   1D18 C5            [11] 5013 	push	bc
   1D19 E5            [11] 5014 	push	hl
   1D1A CDr00r00      [17] 5015 	call	_cpct_drawSpriteMaskedAlignedTable
   1D1D DD E1         [14] 5016 	pop	ix
   1D1F C9            [10] 5017 	ret
                           5018 ;src/main.c:1247: void ExplodeSprite(u8 player, u8 deleteSpr)
                           5019 ;	---------------------------------
                           5020 ; Function ExplodeSprite
                           5021 ; ---------------------------------
   1D20                    5022 _ExplodeSprite::
   1D20 DD E5         [15] 5023 	push	ix
   1D22 DD 21 00 00   [14] 5024 	ld	ix,#0
   1D26 DD 39         [15] 5025 	add	ix,sp
   1D28 21 F9 FF      [10] 5026 	ld	hl, #-7
   1D2B 39            [11] 5027 	add	hl, sp
   1D2C F9            [ 6] 5028 	ld	sp, hl
                           5029 ;src/main.c:1251: cpct_akp_SFXPlay (4, 12, 48, 0, 0, AY_CHANNEL_B); // explosion
   1D2D 3E 02         [ 7] 5030 	ld	a, #0x02
   1D2F F5            [11] 5031 	push	af
   1D30 33            [ 6] 5032 	inc	sp
   1D31 21 00 00      [10] 5033 	ld	hl, #0x0000
   1D34 E5            [11] 5034 	push	hl
   1D35 2E 30         [ 7] 5035 	ld	l, #0x30
   1D37 E5            [11] 5036 	push	hl
   1D38 21 04 0C      [10] 5037 	ld	hl, #0x0c04
   1D3B E5            [11] 5038 	push	hl
   1D3C CDr00r00      [17] 5039 	call	_cpct_akp_SFXPlay
   1D3F 21 07 00      [10] 5040 	ld	hl, #7
   1D42 39            [11] 5041 	add	hl, sp
   1D43 F9            [ 6] 5042 	ld	sp, hl
                           5043 ;src/main.c:1252: while (ct++ < 2) {	
   1D44 11r3Ar00      [10] 5044 	ld	de, #_spr+0
   1D47 DD 4E 04      [19] 5045 	ld	c,4 (ix)
   1D4A 06 00         [ 7] 5046 	ld	b,#0x00
   1D4C 69            [ 4] 5047 	ld	l, c
   1D4D 60            [ 4] 5048 	ld	h, b
   1D4E 29            [11] 5049 	add	hl, hl
   1D4F 09            [11] 5050 	add	hl, bc
   1D50 29            [11] 5051 	add	hl, hl
   1D51 09            [11] 5052 	add	hl, bc
   1D52 29            [11] 5053 	add	hl, hl
   1D53 09            [11] 5054 	add	hl, bc
   1D54 19            [11] 5055 	add	hl,de
   1D55 4D            [ 4] 5056 	ld	c, l
   1D56 44            [ 4] 5057 	ld	b, h
   1D57 DD 71 FE      [19] 5058 	ld	-2 (ix), c
   1D5A DD 70 FF      [19] 5059 	ld	-1 (ix), b
   1D5D DD 71 FC      [19] 5060 	ld	-4 (ix), c
   1D60 DD 70 FD      [19] 5061 	ld	-3 (ix), b
   1D63 D5            [11] 5062 	push	de
   1D64 DD 5E 05      [19] 5063 	ld	e,5 (ix)
   1D67 16 00         [ 7] 5064 	ld	d,#0x00
   1D69 6B            [ 4] 5065 	ld	l, e
   1D6A 62            [ 4] 5066 	ld	h, d
   1D6B 29            [11] 5067 	add	hl, hl
   1D6C 19            [11] 5068 	add	hl, de
   1D6D 29            [11] 5069 	add	hl, hl
   1D6E 19            [11] 5070 	add	hl, de
   1D6F 29            [11] 5071 	add	hl, hl
   1D70 19            [11] 5072 	add	hl, de
   1D71 D1            [10] 5073 	pop	de
   1D72 19            [11] 5074 	add	hl,de
   1D73 DD 75 FA      [19] 5075 	ld	-6 (ix), l
   1D76 DD 74 FB      [19] 5076 	ld	-5 (ix), h
   1D79 DD 36 F9 00   [19] 5077 	ld	-7 (ix), #0x00
   1D7D                    5078 00103$:
   1D7D DD 7E F9      [19] 5079 	ld	a, -7 (ix)
   1D80 DD 34 F9      [23] 5080 	inc	-7 (ix)
   1D83 D6 02         [ 7] 5081 	sub	a, #0x02
   1D85 30 49         [12] 5082 	jr	NC,00105$
                           5083 ;src/main.c:1253: PrintExplosion(&spr[player], 0); Pause(40);
   1D87 59            [ 4] 5084 	ld	e, c
   1D88 50            [ 4] 5085 	ld	d, b
   1D89 C5            [11] 5086 	push	bc
   1D8A AF            [ 4] 5087 	xor	a, a
   1D8B F5            [11] 5088 	push	af
   1D8C 33            [ 6] 5089 	inc	sp
   1D8D D5            [11] 5090 	push	de
   1D8E CDrDAr1C      [17] 5091 	call	_PrintExplosion
   1D91 F1            [10] 5092 	pop	af
   1D92 33            [ 6] 5093 	inc	sp
   1D93 21 28 00      [10] 5094 	ld	hl, #0x0028
   1D96 CDrFEr01      [17] 5095 	call	_Pause
   1D99 C1            [10] 5096 	pop	bc
                           5097 ;src/main.c:1254: PrintExplosion(&spr[player], 1); Pause(40);
   1D9A DD 5E FE      [19] 5098 	ld	e,-2 (ix)
   1D9D DD 56 FF      [19] 5099 	ld	d,-1 (ix)
   1DA0 C5            [11] 5100 	push	bc
   1DA1 3E 01         [ 7] 5101 	ld	a, #0x01
   1DA3 F5            [11] 5102 	push	af
   1DA4 33            [ 6] 5103 	inc	sp
   1DA5 D5            [11] 5104 	push	de
   1DA6 CDrDAr1C      [17] 5105 	call	_PrintExplosion
   1DA9 F1            [10] 5106 	pop	af
   1DAA 33            [ 6] 5107 	inc	sp
   1DAB 21 28 00      [10] 5108 	ld	hl, #0x0028
   1DAE CDrFEr01      [17] 5109 	call	_Pause
   1DB1 C1            [10] 5110 	pop	bc
                           5111 ;src/main.c:1255: if (deleteSpr > FALSE) {
   1DB2 DD 7E 05      [19] 5112 	ld	a, 5 (ix)
   1DB5 B7            [ 4] 5113 	or	a, a
   1DB6 28 C5         [12] 5114 	jr	Z,00103$
                           5115 ;src/main.c:1256: DeleteSprite(&spr[player]); // delete player
   1DB8 DD 6E FC      [19] 5116 	ld	l,-4 (ix)
   1DBB DD 66 FD      [19] 5117 	ld	h,-3 (ix)
   1DBE C5            [11] 5118 	push	bc
   1DBF CDrAFr19      [17] 5119 	call	_DeleteSprite
   1DC2 C1            [10] 5120 	pop	bc
                           5121 ;src/main.c:1257: PrintSprite(&spr[deleteSpr]); // reprint enemy, which may have been partially erased
   1DC3 DD 6E FA      [19] 5122 	ld	l,-6 (ix)
   1DC6 DD 66 FB      [19] 5123 	ld	h,-5 (ix)
   1DC9 C5            [11] 5124 	push	bc
   1DCA CDr80r19      [17] 5125 	call	_PrintSprite
   1DCD C1            [10] 5126 	pop	bc
   1DCE 18 AD         [12] 5127 	jr	00103$
   1DD0                    5128 00105$:
                           5129 ;src/main.c:1260: PrintExplosion(&spr[player], 0); Pause(40);
   1DD0 59            [ 4] 5130 	ld	e, c
   1DD1 50            [ 4] 5131 	ld	d, b
   1DD2 C5            [11] 5132 	push	bc
   1DD3 AF            [ 4] 5133 	xor	a, a
   1DD4 F5            [11] 5134 	push	af
   1DD5 33            [ 6] 5135 	inc	sp
   1DD6 D5            [11] 5136 	push	de
   1DD7 CDrDAr1C      [17] 5137 	call	_PrintExplosion
   1DDA F1            [10] 5138 	pop	af
   1DDB 33            [ 6] 5139 	inc	sp
   1DDC 21 28 00      [10] 5140 	ld	hl, #0x0028
   1DDF CDrFEr01      [17] 5141 	call	_Pause
   1DE2 C1            [10] 5142 	pop	bc
                           5143 ;src/main.c:1261: if (deleteSpr > FALSE) {
   1DE3 DD 7E 05      [19] 5144 	ld	a, 5 (ix)
   1DE6 B7            [ 4] 5145 	or	a, a
   1DE7 28 0E         [12] 5146 	jr	Z,00108$
                           5147 ;src/main.c:1262: DeleteSprite(&spr[player]);
   1DE9 69            [ 4] 5148 	ld	l, c
   1DEA 60            [ 4] 5149 	ld	h, b
   1DEB CDrAFr19      [17] 5150 	call	_DeleteSprite
                           5151 ;src/main.c:1263: PrintSprite(&spr[deleteSpr]);
   1DEE DD 6E FA      [19] 5152 	ld	l,-6 (ix)
   1DF1 DD 66 FB      [19] 5153 	ld	h,-5 (ix)
   1DF4 CDr80r19      [17] 5154 	call	_PrintSprite
   1DF7                    5155 00108$:
   1DF7 DD F9         [10] 5156 	ld	sp, ix
   1DF9 DD E1         [14] 5157 	pop	ix
   1DFB C9            [10] 5158 	ret
                           5159 ;src/main.c:1269: u8 SpriteCollision(u8 x, u8 y, TSpr *pSpr, u8 marginX) {
                           5160 ;	---------------------------------
                           5161 ; Function SpriteCollision
                           5162 ; ---------------------------------
   1DFC                    5163 _SpriteCollision::
   1DFC DD E5         [15] 5164 	push	ix
   1DFE DD 21 00 00   [14] 5165 	ld	ix,#0
   1E02 DD 39         [15] 5166 	add	ix,sp
   1E04 21 F9 FF      [10] 5167 	ld	hl, #-7
   1E07 39            [11] 5168 	add	hl, sp
   1E08 F9            [ 6] 5169 	ld	sp, hl
                           5170 ;src/main.c:1270: u8 marginY = marginX+marginX;	
   1E09 DD 7E 08      [19] 5171 	ld	a, 8 (ix)
   1E0C 87            [ 4] 5172 	add	a, a
   1E0D DD 77 F9      [19] 5173 	ld	-7 (ix), a
                           5174 ;src/main.c:1271: if (x+OBJ_W > pSpr->x-marginX && x-marginX < pSpr->x+SPR_W) // check the X coordinate with the sprite		
   1E10 DD 4E 04      [19] 5175 	ld	c, 4 (ix)
   1E13 06 00         [ 7] 5176 	ld	b, #0x00
   1E15 21 04 00      [10] 5177 	ld	hl, #0x0004
   1E18 09            [11] 5178 	add	hl,bc
   1E19 DD 75 FE      [19] 5179 	ld	-2 (ix), l
   1E1C DD 74 FF      [19] 5180 	ld	-1 (ix), h
   1E1F DD 5E 06      [19] 5181 	ld	e,6 (ix)
   1E22 DD 56 07      [19] 5182 	ld	d,7 (ix)
   1E25 6B            [ 4] 5183 	ld	l, e
   1E26 62            [ 4] 5184 	ld	h, d
   1E27 23            [ 6] 5185 	inc	hl
   1E28 23            [ 6] 5186 	inc	hl
   1E29 6E            [ 7] 5187 	ld	l, (hl)
   1E2A 26 00         [ 7] 5188 	ld	h, #0x00
   1E2C DD 7E 08      [19] 5189 	ld	a, 8 (ix)
   1E2F DD 77 FC      [19] 5190 	ld	-4 (ix), a
   1E32 DD 36 FD 00   [19] 5191 	ld	-3 (ix), #0x00
   1E36 7D            [ 4] 5192 	ld	a, l
   1E37 DD 96 FC      [19] 5193 	sub	a, -4 (ix)
   1E3A DD 77 FA      [19] 5194 	ld	-6 (ix), a
   1E3D 7C            [ 4] 5195 	ld	a, h
   1E3E DD 9E FD      [19] 5196 	sbc	a, -3 (ix)
   1E41 DD 77 FB      [19] 5197 	ld	-5 (ix), a
   1E44 DD 7E FA      [19] 5198 	ld	a, -6 (ix)
   1E47 DD 96 FE      [19] 5199 	sub	a, -2 (ix)
   1E4A DD 7E FB      [19] 5200 	ld	a, -5 (ix)
   1E4D DD 9E FF      [19] 5201 	sbc	a, -1 (ix)
   1E50 E2r55r1E      [10] 5202 	jp	PO, 00125$
   1E53 EE 80         [ 7] 5203 	xor	a, #0x80
   1E55                    5204 00125$:
   1E55 F2rC6r1E      [10] 5205 	jp	P, 00105$
   1E58 79            [ 4] 5206 	ld	a, c
   1E59 DD 96 FC      [19] 5207 	sub	a, -4 (ix)
   1E5C 4F            [ 4] 5208 	ld	c, a
   1E5D 78            [ 4] 5209 	ld	a, b
   1E5E DD 9E FD      [19] 5210 	sbc	a, -3 (ix)
   1E61 47            [ 4] 5211 	ld	b, a
   1E62 23            [ 6] 5212 	inc	hl
   1E63 23            [ 6] 5213 	inc	hl
   1E64 23            [ 6] 5214 	inc	hl
   1E65 23            [ 6] 5215 	inc	hl
   1E66 23            [ 6] 5216 	inc	hl
   1E67 79            [ 4] 5217 	ld	a, c
   1E68 95            [ 4] 5218 	sub	a, l
   1E69 78            [ 4] 5219 	ld	a, b
   1E6A 9C            [ 4] 5220 	sbc	a, h
   1E6B E2r70r1E      [10] 5221 	jp	PO, 00126$
   1E6E EE 80         [ 7] 5222 	xor	a, #0x80
   1E70                    5223 00126$:
   1E70 F2rC6r1E      [10] 5224 	jp	P, 00105$
                           5225 ;src/main.c:1272: if (y+OBJ_H > pSpr->y-marginY && y-marginY < pSpr->y+SPR_H) // check the Y coordinate with the sprite
   1E73 DD 4E 05      [19] 5226 	ld	c, 5 (ix)
   1E76 06 00         [ 7] 5227 	ld	b, #0x00
   1E78 21 08 00      [10] 5228 	ld	hl, #0x0008
   1E7B 09            [11] 5229 	add	hl,bc
   1E7C DD 75 FA      [19] 5230 	ld	-6 (ix), l
   1E7F DD 74 FB      [19] 5231 	ld	-5 (ix), h
   1E82 EB            [ 4] 5232 	ex	de,hl
   1E83 23            [ 6] 5233 	inc	hl
   1E84 23            [ 6] 5234 	inc	hl
   1E85 23            [ 6] 5235 	inc	hl
   1E86 5E            [ 7] 5236 	ld	e, (hl)
   1E87 16 00         [ 7] 5237 	ld	d, #0x00
   1E89 DD 6E F9      [19] 5238 	ld	l, -7 (ix)
   1E8C 26 00         [ 7] 5239 	ld	h, #0x00
   1E8E 7B            [ 4] 5240 	ld	a, e
   1E8F 95            [ 4] 5241 	sub	a, l
   1E90 DD 77 FC      [19] 5242 	ld	-4 (ix), a
   1E93 7A            [ 4] 5243 	ld	a, d
   1E94 9C            [ 4] 5244 	sbc	a, h
   1E95 DD 77 FD      [19] 5245 	ld	-3 (ix), a
   1E98 DD 7E FC      [19] 5246 	ld	a, -4 (ix)
   1E9B DD 96 FA      [19] 5247 	sub	a, -6 (ix)
   1E9E DD 7E FD      [19] 5248 	ld	a, -3 (ix)
   1EA1 DD 9E FB      [19] 5249 	sbc	a, -5 (ix)
   1EA4 E2rA9r1E      [10] 5250 	jp	PO, 00127$
   1EA7 EE 80         [ 7] 5251 	xor	a, #0x80
   1EA9                    5252 00127$:
   1EA9 F2rC6r1E      [10] 5253 	jp	P, 00105$
   1EAC 79            [ 4] 5254 	ld	a, c
   1EAD 95            [ 4] 5255 	sub	a, l
   1EAE 4F            [ 4] 5256 	ld	c, a
   1EAF 78            [ 4] 5257 	ld	a, b
   1EB0 9C            [ 4] 5258 	sbc	a, h
   1EB1 47            [ 4] 5259 	ld	b, a
   1EB2 21 0C 00      [10] 5260 	ld	hl, #0x000c
   1EB5 19            [11] 5261 	add	hl, de
   1EB6 79            [ 4] 5262 	ld	a, c
   1EB7 95            [ 4] 5263 	sub	a, l
   1EB8 78            [ 4] 5264 	ld	a, b
   1EB9 9C            [ 4] 5265 	sbc	a, h
   1EBA E2rBFr1E      [10] 5266 	jp	PO, 00128$
   1EBD EE 80         [ 7] 5267 	xor	a, #0x80
   1EBF                    5268 00128$:
   1EBF F2rC6r1E      [10] 5269 	jp	P, 00105$
                           5270 ;src/main.c:1273: return TRUE;	
   1EC2 2E 01         [ 7] 5271 	ld	l, #0x01
   1EC4 18 02         [12] 5272 	jr	00107$
   1EC6                    5273 00105$:
                           5274 ;src/main.c:1274: return FALSE;
   1EC6 2E 00         [ 7] 5275 	ld	l, #0x00
   1EC8                    5276 00107$:
   1EC8 DD F9         [10] 5277 	ld	sp, ix
   1ECA DD E1         [14] 5278 	pop	ix
   1ECC C9            [10] 5279 	ret
                           5280 ;src/main.c:1290: void MoveUp(TSpr *pSpr) __z88dk_fastcall { 
                           5281 ;	---------------------------------
                           5282 ; Function MoveUp
                           5283 ; ---------------------------------
   1ECD                    5284 _MoveUp::
   1ECD DD E5         [15] 5285 	push	ix
   1ECF DD 21 00 00   [14] 5286 	ld	ix,#0
   1ED3 DD 39         [15] 5287 	add	ix,sp
   1ED5 F5            [11] 5288 	push	af
   1ED6 F5            [11] 5289 	push	af
                           5290 ;src/main.c:1292: if (pSpr->y > ORIG_MAP_Y && OnBackground(pSpr->x-1, pSpr->y-2)) {
   1ED7 DD 75 FE      [19] 5291 	ld	-2 (ix), l
   1EDA DD 74 FF      [19] 5292 	ld	-1 (ix), h
   1EDD 23            [ 6] 5293 	inc	hl
   1EDE 23            [ 6] 5294 	inc	hl
   1EDF 23            [ 6] 5295 	inc	hl
   1EE0 4D            [ 4] 5296 	ld	c,l
   1EE1 44            [ 4] 5297 	ld	b,h
   1EE2 0A            [ 7] 5298 	ld	a, (bc)
   1EE3 5F            [ 4] 5299 	ld	e, a
   1EE4 3E 20         [ 7] 5300 	ld	a, #0x20
   1EE6 93            [ 4] 5301 	sub	a, e
   1EE7 30 6C         [12] 5302 	jr	NC,00107$
   1EE9 1D            [ 4] 5303 	dec	e
   1EEA 1D            [ 4] 5304 	dec	e
   1EEB DD 7E FE      [19] 5305 	ld	a, -2 (ix)
   1EEE C6 02         [ 7] 5306 	add	a, #0x02
   1EF0 DD 77 FC      [19] 5307 	ld	-4 (ix), a
   1EF3 DD 7E FF      [19] 5308 	ld	a, -1 (ix)
   1EF6 CE 00         [ 7] 5309 	adc	a, #0x00
   1EF8 DD 77 FD      [19] 5310 	ld	-3 (ix), a
   1EFB E1            [10] 5311 	pop	hl
   1EFC E5            [11] 5312 	push	hl
   1EFD 56            [ 7] 5313 	ld	d, (hl)
   1EFE 15            [ 4] 5314 	dec	d
   1EFF C5            [11] 5315 	push	bc
   1F00 7B            [ 4] 5316 	ld	a, e
   1F01 F5            [11] 5317 	push	af
   1F02 33            [ 6] 5318 	inc	sp
   1F03 D5            [11] 5319 	push	de
   1F04 33            [ 6] 5320 	inc	sp
   1F05 CDr87r02      [17] 5321 	call	_OnBackground
   1F08 F1            [10] 5322 	pop	af
   1F09 C1            [10] 5323 	pop	bc
   1F0A 7D            [ 4] 5324 	ld	a, l
   1F0B B7            [ 4] 5325 	or	a, a
   1F0C 28 47         [12] 5326 	jr	Z,00107$
                           5327 ;src/main.c:1293: pSpr->y -= 2;
   1F0E 0A            [ 7] 5328 	ld	a, (bc)
   1F0F C6 FE         [ 7] 5329 	add	a, #0xfe
   1F11 02            [ 7] 5330 	ld	(bc), a
                           5331 ;src/main.c:1294: if (pSpr->power_maxV > 0 && OnBackground(pSpr->x-1, pSpr->y-2))
   1F12 D1            [10] 5332 	pop	de
   1F13 E1            [10] 5333 	pop	hl
   1F14 E5            [11] 5334 	push	hl
   1F15 D5            [11] 5335 	push	de
   1F16 11 0E 00      [10] 5336 	ld	de, #0x000e
   1F19 19            [11] 5337 	add	hl, de
   1F1A 7E            [ 7] 5338 	ld	a, (hl)
   1F1B B7            [ 4] 5339 	or	a, a
   1F1C 28 1B         [12] 5340 	jr	Z,00102$
   1F1E 0A            [ 7] 5341 	ld	a, (bc)
   1F1F 5F            [ 4] 5342 	ld	e, a
   1F20 1D            [ 4] 5343 	dec	e
   1F21 1D            [ 4] 5344 	dec	e
   1F22 E1            [10] 5345 	pop	hl
   1F23 E5            [11] 5346 	push	hl
   1F24 56            [ 7] 5347 	ld	d, (hl)
   1F25 15            [ 4] 5348 	dec	d
   1F26 C5            [11] 5349 	push	bc
   1F27 7B            [ 4] 5350 	ld	a, e
   1F28 F5            [11] 5351 	push	af
   1F29 33            [ 6] 5352 	inc	sp
   1F2A D5            [11] 5353 	push	de
   1F2B 33            [ 6] 5354 	inc	sp
   1F2C CDr87r02      [17] 5355 	call	_OnBackground
   1F2F F1            [10] 5356 	pop	af
   1F30 C1            [10] 5357 	pop	bc
   1F31 7D            [ 4] 5358 	ld	a, l
   1F32 B7            [ 4] 5359 	or	a, a
   1F33 28 04         [12] 5360 	jr	Z,00102$
                           5361 ;src/main.c:1295: pSpr->y -= 2; // powerUp speed*2
   1F35 0A            [ 7] 5362 	ld	a, (bc)
   1F36 C6 FE         [ 7] 5363 	add	a, #0xfe
   1F38 02            [ 7] 5364 	ld	(bc), a
   1F39                    5365 00102$:
                           5366 ;src/main.c:1297: pSpr->dir = D_up;
   1F39 DD 7E FE      [19] 5367 	ld	a, -2 (ix)
   1F3C C6 07         [ 7] 5368 	add	a, #0x07
   1F3E 4F            [ 4] 5369 	ld	c, a
   1F3F DD 7E FF      [19] 5370 	ld	a, -1 (ix)
   1F42 CE 00         [ 7] 5371 	adc	a, #0x00
   1F44 47            [ 4] 5372 	ld	b, a
   1F45 AF            [ 4] 5373 	xor	a, a
   1F46 02            [ 7] 5374 	ld	(bc), a
                           5375 ;src/main.c:1298: pSpr->status = S_walkingUp;
   1F47 DD 7E FE      [19] 5376 	ld	a, -2 (ix)
   1F4A C6 06         [ 7] 5377 	add	a, #0x06
   1F4C 4F            [ 4] 5378 	ld	c, a
   1F4D DD 7E FF      [19] 5379 	ld	a, -1 (ix)
   1F50 CE 00         [ 7] 5380 	adc	a, #0x00
   1F52 47            [ 4] 5381 	ld	b, a
   1F53 AF            [ 4] 5382 	xor	a, a
   1F54 02            [ 7] 5383 	ld	(bc), a
   1F55                    5384 00107$:
   1F55 DD F9         [10] 5385 	ld	sp, ix
   1F57 DD E1         [14] 5386 	pop	ix
   1F59 C9            [10] 5387 	ret
                           5388 ;src/main.c:1303: void MoveDown(TSpr *pSpr) __z88dk_fastcall {
                           5389 ;	---------------------------------
                           5390 ; Function MoveDown
                           5391 ; ---------------------------------
   1F5A                    5392 _MoveDown::
   1F5A DD E5         [15] 5393 	push	ix
   1F5C DD 21 00 00   [14] 5394 	ld	ix,#0
   1F60 DD 39         [15] 5395 	add	ix,sp
   1F62 F5            [11] 5396 	push	af
   1F63 F5            [11] 5397 	push	af
                           5398 ;src/main.c:1305: if (pSpr->y + SPR_H < GLOBAL_MAX_Y && OnBackground(pSpr->x-1, pSpr->y+4)) {
   1F64 DD 75 FE      [19] 5399 	ld	-2 (ix), l
   1F67 DD 74 FF      [19] 5400 	ld	-1 (ix), h
   1F6A 23            [ 6] 5401 	inc	hl
   1F6B 23            [ 6] 5402 	inc	hl
   1F6C 23            [ 6] 5403 	inc	hl
   1F6D 4D            [ 4] 5404 	ld	c,l
   1F6E 44            [ 4] 5405 	ld	b,h
   1F6F 0A            [ 7] 5406 	ld	a, (bc)
   1F70 5F            [ 4] 5407 	ld	e, a
   1F71 6B            [ 4] 5408 	ld	l, e
   1F72 26 00         [ 7] 5409 	ld	h, #0x00
   1F74 D5            [11] 5410 	push	de
   1F75 11 0C 00      [10] 5411 	ld	de, #0x000c
   1F78 19            [11] 5412 	add	hl, de
   1F79 D1            [10] 5413 	pop	de
   1F7A 7D            [ 4] 5414 	ld	a, l
   1F7B D6 C8         [ 7] 5415 	sub	a, #0xc8
   1F7D 7C            [ 4] 5416 	ld	a, h
   1F7E 17            [ 4] 5417 	rla
   1F7F 3F            [ 4] 5418 	ccf
   1F80 1F            [ 4] 5419 	rra
   1F81 DE 80         [ 7] 5420 	sbc	a, #0x80
   1F83 30 70         [12] 5421 	jr	NC,00107$
   1F85 1C            [ 4] 5422 	inc	e
   1F86 1C            [ 4] 5423 	inc	e
   1F87 1C            [ 4] 5424 	inc	e
   1F88 1C            [ 4] 5425 	inc	e
   1F89 DD 7E FE      [19] 5426 	ld	a, -2 (ix)
   1F8C C6 02         [ 7] 5427 	add	a, #0x02
   1F8E DD 77 FC      [19] 5428 	ld	-4 (ix), a
   1F91 DD 7E FF      [19] 5429 	ld	a, -1 (ix)
   1F94 CE 00         [ 7] 5430 	adc	a, #0x00
   1F96 DD 77 FD      [19] 5431 	ld	-3 (ix), a
   1F99 E1            [10] 5432 	pop	hl
   1F9A E5            [11] 5433 	push	hl
   1F9B 56            [ 7] 5434 	ld	d, (hl)
   1F9C 15            [ 4] 5435 	dec	d
   1F9D C5            [11] 5436 	push	bc
   1F9E 7B            [ 4] 5437 	ld	a, e
   1F9F F5            [11] 5438 	push	af
   1FA0 33            [ 6] 5439 	inc	sp
   1FA1 D5            [11] 5440 	push	de
   1FA2 33            [ 6] 5441 	inc	sp
   1FA3 CDr87r02      [17] 5442 	call	_OnBackground
   1FA6 F1            [10] 5443 	pop	af
   1FA7 C1            [10] 5444 	pop	bc
   1FA8 7D            [ 4] 5445 	ld	a, l
   1FA9 B7            [ 4] 5446 	or	a, a
   1FAA 28 49         [12] 5447 	jr	Z,00107$
                           5448 ;src/main.c:1306: pSpr->y += 2;
   1FAC 0A            [ 7] 5449 	ld	a, (bc)
   1FAD C6 02         [ 7] 5450 	add	a, #0x02
   1FAF 02            [ 7] 5451 	ld	(bc), a
                           5452 ;src/main.c:1307: if (pSpr->power_maxV > 0 && OnBackground(pSpr->x-1, pSpr->y+4))
   1FB0 D1            [10] 5453 	pop	de
   1FB1 E1            [10] 5454 	pop	hl
   1FB2 E5            [11] 5455 	push	hl
   1FB3 D5            [11] 5456 	push	de
   1FB4 11 0E 00      [10] 5457 	ld	de, #0x000e
   1FB7 19            [11] 5458 	add	hl, de
   1FB8 7E            [ 7] 5459 	ld	a, (hl)
   1FB9 B7            [ 4] 5460 	or	a, a
   1FBA 28 1D         [12] 5461 	jr	Z,00102$
   1FBC 0A            [ 7] 5462 	ld	a, (bc)
   1FBD 5F            [ 4] 5463 	ld	e, a
   1FBE 1C            [ 4] 5464 	inc	e
   1FBF 1C            [ 4] 5465 	inc	e
   1FC0 1C            [ 4] 5466 	inc	e
   1FC1 1C            [ 4] 5467 	inc	e
   1FC2 E1            [10] 5468 	pop	hl
   1FC3 E5            [11] 5469 	push	hl
   1FC4 56            [ 7] 5470 	ld	d, (hl)
   1FC5 15            [ 4] 5471 	dec	d
   1FC6 C5            [11] 5472 	push	bc
   1FC7 7B            [ 4] 5473 	ld	a, e
   1FC8 F5            [11] 5474 	push	af
   1FC9 33            [ 6] 5475 	inc	sp
   1FCA D5            [11] 5476 	push	de
   1FCB 33            [ 6] 5477 	inc	sp
   1FCC CDr87r02      [17] 5478 	call	_OnBackground
   1FCF F1            [10] 5479 	pop	af
   1FD0 C1            [10] 5480 	pop	bc
   1FD1 7D            [ 4] 5481 	ld	a, l
   1FD2 B7            [ 4] 5482 	or	a, a
   1FD3 28 04         [12] 5483 	jr	Z,00102$
                           5484 ;src/main.c:1308: pSpr->y += 2; // powerUp speed*2
   1FD5 0A            [ 7] 5485 	ld	a, (bc)
   1FD6 C6 02         [ 7] 5486 	add	a, #0x02
   1FD8 02            [ 7] 5487 	ld	(bc), a
   1FD9                    5488 00102$:
                           5489 ;src/main.c:1310: pSpr->dir = D_down;
   1FD9 DD 7E FE      [19] 5490 	ld	a, -2 (ix)
   1FDC C6 07         [ 7] 5491 	add	a, #0x07
   1FDE 6F            [ 4] 5492 	ld	l, a
   1FDF DD 7E FF      [19] 5493 	ld	a, -1 (ix)
   1FE2 CE 00         [ 7] 5494 	adc	a, #0x00
   1FE4 67            [ 4] 5495 	ld	h, a
   1FE5 36 01         [10] 5496 	ld	(hl), #0x01
                           5497 ;src/main.c:1311: pSpr->status = S_walkingDown;
   1FE7 DD 7E FE      [19] 5498 	ld	a, -2 (ix)
   1FEA C6 06         [ 7] 5499 	add	a, #0x06
   1FEC 6F            [ 4] 5500 	ld	l, a
   1FED DD 7E FF      [19] 5501 	ld	a, -1 (ix)
   1FF0 CE 00         [ 7] 5502 	adc	a, #0x00
   1FF2 67            [ 4] 5503 	ld	h, a
   1FF3 36 01         [10] 5504 	ld	(hl), #0x01
   1FF5                    5505 00107$:
   1FF5 DD F9         [10] 5506 	ld	sp, ix
   1FF7 DD E1         [14] 5507 	pop	ix
   1FF9 C9            [10] 5508 	ret
                           5509 ;src/main.c:1316: void MoveLeft(TSpr *pSpr) __z88dk_fastcall {
                           5510 ;	---------------------------------
                           5511 ; Function MoveLeft
                           5512 ; ---------------------------------
   1FFA                    5513 _MoveLeft::
   1FFA DD E5         [15] 5514 	push	ix
   1FFC DD 21 00 00   [14] 5515 	ld	ix,#0
   2000 DD 39         [15] 5516 	add	ix,sp
   2002 F5            [11] 5517 	push	af
   2003 F5            [11] 5518 	push	af
                           5519 ;src/main.c:1318: if (OnBackground(pSpr->x-3, pSpr->y+1)) {
   2004 DD 75 FE      [19] 5520 	ld	-2 (ix), l
   2007 DD 74 FF      [19] 5521 	ld	-1 (ix), h
   200A 23            [ 6] 5522 	inc	hl
   200B 23            [ 6] 5523 	inc	hl
   200C 23            [ 6] 5524 	inc	hl
   200D 4D            [ 4] 5525 	ld	c,l
   200E 44            [ 4] 5526 	ld	b,h
   200F 0A            [ 7] 5527 	ld	a, (bc)
   2010 57            [ 4] 5528 	ld	d, a
   2011 14            [ 4] 5529 	inc	d
   2012 DD 7E FE      [19] 5530 	ld	a, -2 (ix)
   2015 C6 02         [ 7] 5531 	add	a, #0x02
   2017 DD 77 FC      [19] 5532 	ld	-4 (ix), a
   201A DD 7E FF      [19] 5533 	ld	a, -1 (ix)
   201D CE 00         [ 7] 5534 	adc	a, #0x00
   201F DD 77 FD      [19] 5535 	ld	-3 (ix), a
   2022 E1            [10] 5536 	pop	hl
   2023 E5            [11] 5537 	push	hl
   2024 7E            [ 7] 5538 	ld	a, (hl)
   2025 C6 FD         [ 7] 5539 	add	a, #0xfd
   2027 C5            [11] 5540 	push	bc
   2028 5F            [ 4] 5541 	ld	e, a
   2029 D5            [11] 5542 	push	de
   202A CDr87r02      [17] 5543 	call	_OnBackground
   202D F1            [10] 5544 	pop	af
   202E C1            [10] 5545 	pop	bc
   202F 7D            [ 4] 5546 	ld	a, l
   2030 B7            [ 4] 5547 	or	a, a
   2031 28 4C         [12] 5548 	jr	Z,00106$
                           5549 ;src/main.c:1319: pSpr->x--;
   2033 E1            [10] 5550 	pop	hl
   2034 E5            [11] 5551 	push	hl
   2035 5E            [ 7] 5552 	ld	e, (hl)
   2036 1D            [ 4] 5553 	dec	e
   2037 E1            [10] 5554 	pop	hl
   2038 E5            [11] 5555 	push	hl
   2039 73            [ 7] 5556 	ld	(hl), e
                           5557 ;src/main.c:1320: if (pSpr->power_maxV > 0 && OnBackground(pSpr->x-3, pSpr->y+1))
   203A D1            [10] 5558 	pop	de
   203B E1            [10] 5559 	pop	hl
   203C E5            [11] 5560 	push	hl
   203D D5            [11] 5561 	push	de
   203E 11 0E 00      [10] 5562 	ld	de, #0x000e
   2041 19            [11] 5563 	add	hl, de
   2042 7E            [ 7] 5564 	ld	a, (hl)
   2043 B7            [ 4] 5565 	or	a, a
   2044 28 1D         [12] 5566 	jr	Z,00102$
   2046 0A            [ 7] 5567 	ld	a, (bc)
   2047 4F            [ 4] 5568 	ld	c, a
   2048 0C            [ 4] 5569 	inc	c
   2049 E1            [10] 5570 	pop	hl
   204A E5            [11] 5571 	push	hl
   204B 7E            [ 7] 5572 	ld	a, (hl)
   204C C6 FD         [ 7] 5573 	add	a, #0xfd
   204E 47            [ 4] 5574 	ld	b, a
   204F 79            [ 4] 5575 	ld	a, c
   2050 F5            [11] 5576 	push	af
   2051 33            [ 6] 5577 	inc	sp
   2052 C5            [11] 5578 	push	bc
   2053 33            [ 6] 5579 	inc	sp
   2054 CDr87r02      [17] 5580 	call	_OnBackground
   2057 F1            [10] 5581 	pop	af
   2058 7D            [ 4] 5582 	ld	a, l
   2059 B7            [ 4] 5583 	or	a, a
   205A 28 07         [12] 5584 	jr	Z,00102$
                           5585 ;src/main.c:1321: pSpr->x--; // powerUp speed*2
   205C E1            [10] 5586 	pop	hl
   205D E5            [11] 5587 	push	hl
   205E 4E            [ 7] 5588 	ld	c, (hl)
   205F 0D            [ 4] 5589 	dec	c
   2060 E1            [10] 5590 	pop	hl
   2061 E5            [11] 5591 	push	hl
   2062 71            [ 7] 5592 	ld	(hl), c
   2063                    5593 00102$:
                           5594 ;src/main.c:1323: pSpr->dir = D_left;
   2063 DD 7E FE      [19] 5595 	ld	a, -2 (ix)
   2066 C6 07         [ 7] 5596 	add	a, #0x07
   2068 6F            [ 4] 5597 	ld	l, a
   2069 DD 7E FF      [19] 5598 	ld	a, -1 (ix)
   206C CE 00         [ 7] 5599 	adc	a, #0x00
   206E 67            [ 4] 5600 	ld	h, a
   206F 36 02         [10] 5601 	ld	(hl), #0x02
                           5602 ;src/main.c:1324: pSpr->status = S_walkingLeft;
   2071 DD 7E FE      [19] 5603 	ld	a, -2 (ix)
   2074 C6 06         [ 7] 5604 	add	a, #0x06
   2076 6F            [ 4] 5605 	ld	l, a
   2077 DD 7E FF      [19] 5606 	ld	a, -1 (ix)
   207A CE 00         [ 7] 5607 	adc	a, #0x00
   207C 67            [ 4] 5608 	ld	h, a
   207D 36 02         [10] 5609 	ld	(hl), #0x02
   207F                    5610 00106$:
   207F DD F9         [10] 5611 	ld	sp, ix
   2081 DD E1         [14] 5612 	pop	ix
   2083 C9            [10] 5613 	ret
                           5614 ;src/main.c:1329: void MoveRight(TSpr *pSpr) __z88dk_fastcall { 
                           5615 ;	---------------------------------
                           5616 ; Function MoveRight
                           5617 ; ---------------------------------
   2084                    5618 _MoveRight::
   2084 DD E5         [15] 5619 	push	ix
   2086 DD 21 00 00   [14] 5620 	ld	ix,#0
   208A DD 39         [15] 5621 	add	ix,sp
   208C F5            [11] 5622 	push	af
   208D F5            [11] 5623 	push	af
                           5624 ;src/main.c:1331: if (OnBackground(pSpr->x+1, pSpr->y+1)) {
   208E DD 75 FE      [19] 5625 	ld	-2 (ix), l
   2091 DD 74 FF      [19] 5626 	ld	-1 (ix), h
   2094 23            [ 6] 5627 	inc	hl
   2095 23            [ 6] 5628 	inc	hl
   2096 23            [ 6] 5629 	inc	hl
   2097 4D            [ 4] 5630 	ld	c,l
   2098 44            [ 4] 5631 	ld	b,h
   2099 0A            [ 7] 5632 	ld	a, (bc)
   209A 57            [ 4] 5633 	ld	d, a
   209B 14            [ 4] 5634 	inc	d
   209C DD 7E FE      [19] 5635 	ld	a, -2 (ix)
   209F C6 02         [ 7] 5636 	add	a, #0x02
   20A1 DD 77 FC      [19] 5637 	ld	-4 (ix), a
   20A4 DD 7E FF      [19] 5638 	ld	a, -1 (ix)
   20A7 CE 00         [ 7] 5639 	adc	a, #0x00
   20A9 DD 77 FD      [19] 5640 	ld	-3 (ix), a
   20AC E1            [10] 5641 	pop	hl
   20AD E5            [11] 5642 	push	hl
   20AE 7E            [ 7] 5643 	ld	a, (hl)
   20AF 3C            [ 4] 5644 	inc	a
   20B0 C5            [11] 5645 	push	bc
   20B1 5F            [ 4] 5646 	ld	e, a
   20B2 D5            [11] 5647 	push	de
   20B3 CDr87r02      [17] 5648 	call	_OnBackground
   20B6 F1            [10] 5649 	pop	af
   20B7 C1            [10] 5650 	pop	bc
   20B8 7D            [ 4] 5651 	ld	a, l
   20B9 B7            [ 4] 5652 	or	a, a
   20BA 28 4A         [12] 5653 	jr	Z,00106$
                           5654 ;src/main.c:1332: pSpr->x++;
   20BC E1            [10] 5655 	pop	hl
   20BD E5            [11] 5656 	push	hl
   20BE 5E            [ 7] 5657 	ld	e, (hl)
   20BF 1C            [ 4] 5658 	inc	e
   20C0 E1            [10] 5659 	pop	hl
   20C1 E5            [11] 5660 	push	hl
   20C2 73            [ 7] 5661 	ld	(hl), e
                           5662 ;src/main.c:1333: if (pSpr->power_maxV > 0 && OnBackground(pSpr->x+1, pSpr->y+1)) 
   20C3 D1            [10] 5663 	pop	de
   20C4 E1            [10] 5664 	pop	hl
   20C5 E5            [11] 5665 	push	hl
   20C6 D5            [11] 5666 	push	de
   20C7 11 0E 00      [10] 5667 	ld	de, #0x000e
   20CA 19            [11] 5668 	add	hl, de
   20CB 7E            [ 7] 5669 	ld	a, (hl)
   20CC B7            [ 4] 5670 	or	a, a
   20CD 28 1B         [12] 5671 	jr	Z,00102$
   20CF 0A            [ 7] 5672 	ld	a, (bc)
   20D0 4F            [ 4] 5673 	ld	c, a
   20D1 0C            [ 4] 5674 	inc	c
   20D2 E1            [10] 5675 	pop	hl
   20D3 E5            [11] 5676 	push	hl
   20D4 46            [ 7] 5677 	ld	b, (hl)
   20D5 04            [ 4] 5678 	inc	b
   20D6 79            [ 4] 5679 	ld	a, c
   20D7 F5            [11] 5680 	push	af
   20D8 33            [ 6] 5681 	inc	sp
   20D9 C5            [11] 5682 	push	bc
   20DA 33            [ 6] 5683 	inc	sp
   20DB CDr87r02      [17] 5684 	call	_OnBackground
   20DE F1            [10] 5685 	pop	af
   20DF 7D            [ 4] 5686 	ld	a, l
   20E0 B7            [ 4] 5687 	or	a, a
   20E1 28 07         [12] 5688 	jr	Z,00102$
                           5689 ;src/main.c:1334: pSpr->x++; // powerUp speed*2
   20E3 E1            [10] 5690 	pop	hl
   20E4 E5            [11] 5691 	push	hl
   20E5 4E            [ 7] 5692 	ld	c, (hl)
   20E6 0C            [ 4] 5693 	inc	c
   20E7 E1            [10] 5694 	pop	hl
   20E8 E5            [11] 5695 	push	hl
   20E9 71            [ 7] 5696 	ld	(hl), c
   20EA                    5697 00102$:
                           5698 ;src/main.c:1336: pSpr->dir = D_right;
   20EA DD 7E FE      [19] 5699 	ld	a, -2 (ix)
   20ED C6 07         [ 7] 5700 	add	a, #0x07
   20EF 6F            [ 4] 5701 	ld	l, a
   20F0 DD 7E FF      [19] 5702 	ld	a, -1 (ix)
   20F3 CE 00         [ 7] 5703 	adc	a, #0x00
   20F5 67            [ 4] 5704 	ld	h, a
   20F6 36 03         [10] 5705 	ld	(hl), #0x03
                           5706 ;src/main.c:1337: pSpr->status = S_walkingRight;
   20F8 DD 7E FE      [19] 5707 	ld	a, -2 (ix)
   20FB C6 06         [ 7] 5708 	add	a, #0x06
   20FD 6F            [ 4] 5709 	ld	l, a
   20FE DD 7E FF      [19] 5710 	ld	a, -1 (ix)
   2101 CE 00         [ 7] 5711 	adc	a, #0x00
   2103 67            [ 4] 5712 	ld	h, a
   2104 36 03         [10] 5713 	ld	(hl), #0x03
   2106                    5714 00106$:
   2106 DD F9         [10] 5715 	ld	sp, ix
   2108 DD E1         [14] 5716 	pop	ix
   210A C9            [10] 5717 	ret
                           5718 ;src/main.c:1343: void WalkIn(TSpr *pSpr, u8 dir) {
                           5719 ;	---------------------------------
                           5720 ; Function WalkIn
                           5721 ; ---------------------------------
   210B                    5722 _WalkIn::
                           5723 ;src/main.c:1344: pSpr->nFrm = 0;
   210B D1            [10] 5724 	pop	de
   210C C1            [10] 5725 	pop	bc
   210D C5            [11] 5726 	push	bc
   210E D5            [11] 5727 	push	de
   210F 21 0A 00      [10] 5728 	ld	hl, #0x000a
   2112 09            [11] 5729 	add	hl, bc
   2113 36 00         [10] 5730 	ld	(hl), #0x00
                           5731 ;src/main.c:1345: pSpr->dir = dir;
   2115 21 07 00      [10] 5732 	ld	hl, #0x0007
   2118 09            [11] 5733 	add	hl, bc
   2119 FD 21 04 00   [14] 5734 	ld	iy, #4
   211D FD 39         [15] 5735 	add	iy, sp
   211F FD 7E 00      [19] 5736 	ld	a, 0 (iy)
   2122 77            [ 7] 5737 	ld	(hl), a
                           5738 ;src/main.c:1346: pSpr->status = dir;
   2123 21 06 00      [10] 5739 	ld	hl, #0x0006
   2126 09            [11] 5740 	add	hl, bc
   2127 FD 7E 00      [19] 5741 	ld	a, 0 (iy)
   212A 77            [ 7] 5742 	ld	(hl), a
                           5743 ;src/main.c:1347: pSpr->print_minV = TRUE; // the sprite must be printed, it will move
   212B 21 0D 00      [10] 5744 	ld	hl, #0x000d
   212E 09            [11] 5745 	add	hl, bc
   212F 36 01         [10] 5746 	ld	(hl), #0x01
   2131 C9            [10] 5747 	ret
                           5748 ;src/main.c:1352: void Stop(TSpr *pSpr) __z88dk_fastcall {
                           5749 ;	---------------------------------
                           5750 ; Function Stop
                           5751 ; ---------------------------------
   2132                    5752 _Stop::
   2132 DD E5         [15] 5753 	push	ix
   2134 DD 21 00 00   [14] 5754 	ld	ix,#0
   2138 DD 39         [15] 5755 	add	ix,sp
   213A F5            [11] 5756 	push	af
   213B F5            [11] 5757 	push	af
   213C DD 75 FE      [19] 5758 	ld	-2 (ix), l
   213F DD 74 FF      [19] 5759 	ld	-1 (ix), h
                           5760 ;src/main.c:1353: cpct_scanKeyboard_f(); // check the pressed keys
   2142 CDr00r00      [17] 5761 	call	_cpct_scanKeyboard_f
                           5762 ;src/main.c:1354: if(cpct_isKeyPressed(ctlUp[pSpr->ident]))			WalkIn(pSpr, D_up);
   2145 01r24r00      [10] 5763 	ld	bc, #_ctlUp+0
   2148 DD 7E FE      [19] 5764 	ld	a, -2 (ix)
   214B C6 01         [ 7] 5765 	add	a, #0x01
   214D DD 77 FC      [19] 5766 	ld	-4 (ix), a
   2150 DD 7E FF      [19] 5767 	ld	a, -1 (ix)
   2153 CE 00         [ 7] 5768 	adc	a, #0x00
   2155 DD 77 FD      [19] 5769 	ld	-3 (ix), a
   2158 E1            [10] 5770 	pop	hl
   2159 E5            [11] 5771 	push	hl
   215A 6E            [ 7] 5772 	ld	l, (hl)
   215B 26 00         [ 7] 5773 	ld	h, #0x00
   215D 29            [11] 5774 	add	hl, hl
   215E 09            [11] 5775 	add	hl, bc
   215F 4E            [ 7] 5776 	ld	c, (hl)
   2160 23            [ 6] 5777 	inc	hl
   2161 66            [ 7] 5778 	ld	h, (hl)
   2162 69            [ 4] 5779 	ld	l, c
   2163 CDr00r00      [17] 5780 	call	_cpct_isKeyPressed
   2166 7D            [ 4] 5781 	ld	a, l
   2167 B7            [ 4] 5782 	or	a, a
   2168 28 12         [12] 5783 	jr	Z,00127$
   216A AF            [ 4] 5784 	xor	a, a
   216B F5            [11] 5785 	push	af
   216C 33            [ 6] 5786 	inc	sp
   216D DD 6E FE      [19] 5787 	ld	l,-2 (ix)
   2170 DD 66 FF      [19] 5788 	ld	h,-1 (ix)
   2173 E5            [11] 5789 	push	hl
   2174 CDr0Br21      [17] 5790 	call	_WalkIn
   2177 F1            [10] 5791 	pop	af
   2178 33            [ 6] 5792 	inc	sp
   2179 C3r81r22      [10] 5793 	jp	00129$
   217C                    5794 00127$:
                           5795 ;src/main.c:1355: else if(cpct_isKeyPressed(ctlDown[pSpr->ident]))	WalkIn(pSpr, D_down);
   217C E1            [10] 5796 	pop	hl
   217D E5            [11] 5797 	push	hl
   217E 6E            [ 7] 5798 	ld	l, (hl)
   217F 26 00         [ 7] 5799 	ld	h, #0x00
   2181 29            [11] 5800 	add	hl, hl
   2182 11r28r00      [10] 5801 	ld	de, #_ctlDown
   2185 19            [11] 5802 	add	hl, de
   2186 7E            [ 7] 5803 	ld	a, (hl)
   2187 23            [ 6] 5804 	inc	hl
   2188 66            [ 7] 5805 	ld	h, (hl)
   2189 6F            [ 4] 5806 	ld	l, a
   218A CDr00r00      [17] 5807 	call	_cpct_isKeyPressed
   218D 7D            [ 4] 5808 	ld	a, l
   218E B7            [ 4] 5809 	or	a, a
   218F 28 13         [12] 5810 	jr	Z,00124$
   2191 3E 01         [ 7] 5811 	ld	a, #0x01
   2193 F5            [11] 5812 	push	af
   2194 33            [ 6] 5813 	inc	sp
   2195 DD 6E FE      [19] 5814 	ld	l,-2 (ix)
   2198 DD 66 FF      [19] 5815 	ld	h,-1 (ix)
   219B E5            [11] 5816 	push	hl
   219C CDr0Br21      [17] 5817 	call	_WalkIn
   219F F1            [10] 5818 	pop	af
   21A0 33            [ 6] 5819 	inc	sp
   21A1 C3r81r22      [10] 5820 	jp	00129$
   21A4                    5821 00124$:
                           5822 ;src/main.c:1356: else if(cpct_isKeyPressed(ctlLeft[pSpr->ident]))	WalkIn(pSpr, D_left);
   21A4 E1            [10] 5823 	pop	hl
   21A5 E5            [11] 5824 	push	hl
   21A6 6E            [ 7] 5825 	ld	l, (hl)
   21A7 26 00         [ 7] 5826 	ld	h, #0x00
   21A9 29            [11] 5827 	add	hl, hl
   21AA 11r2Cr00      [10] 5828 	ld	de, #_ctlLeft
   21AD 19            [11] 5829 	add	hl, de
   21AE 7E            [ 7] 5830 	ld	a, (hl)
   21AF 23            [ 6] 5831 	inc	hl
   21B0 66            [ 7] 5832 	ld	h, (hl)
   21B1 6F            [ 4] 5833 	ld	l, a
   21B2 CDr00r00      [17] 5834 	call	_cpct_isKeyPressed
   21B5 7D            [ 4] 5835 	ld	a, l
   21B6 B7            [ 4] 5836 	or	a, a
   21B7 28 13         [12] 5837 	jr	Z,00121$
   21B9 3E 02         [ 7] 5838 	ld	a, #0x02
   21BB F5            [11] 5839 	push	af
   21BC 33            [ 6] 5840 	inc	sp
   21BD DD 6E FE      [19] 5841 	ld	l,-2 (ix)
   21C0 DD 66 FF      [19] 5842 	ld	h,-1 (ix)
   21C3 E5            [11] 5843 	push	hl
   21C4 CDr0Br21      [17] 5844 	call	_WalkIn
   21C7 F1            [10] 5845 	pop	af
   21C8 33            [ 6] 5846 	inc	sp
   21C9 C3r81r22      [10] 5847 	jp	00129$
   21CC                    5848 00121$:
                           5849 ;src/main.c:1357: else if(cpct_isKeyPressed(ctlRight[pSpr->ident]))	WalkIn(pSpr, D_right);	
   21CC E1            [10] 5850 	pop	hl
   21CD E5            [11] 5851 	push	hl
   21CE 6E            [ 7] 5852 	ld	l, (hl)
   21CF 26 00         [ 7] 5853 	ld	h, #0x00
   21D1 29            [11] 5854 	add	hl, hl
   21D2 11r30r00      [10] 5855 	ld	de, #_ctlRight
   21D5 19            [11] 5856 	add	hl, de
   21D6 7E            [ 7] 5857 	ld	a, (hl)
   21D7 23            [ 6] 5858 	inc	hl
   21D8 66            [ 7] 5859 	ld	h, (hl)
   21D9 6F            [ 4] 5860 	ld	l, a
   21DA CDr00r00      [17] 5861 	call	_cpct_isKeyPressed
   21DD 7D            [ 4] 5862 	ld	a, l
   21DE B7            [ 4] 5863 	or	a, a
   21DF 28 13         [12] 5864 	jr	Z,00118$
   21E1 3E 03         [ 7] 5865 	ld	a, #0x03
   21E3 F5            [11] 5866 	push	af
   21E4 33            [ 6] 5867 	inc	sp
   21E5 DD 6E FE      [19] 5868 	ld	l,-2 (ix)
   21E8 DD 66 FF      [19] 5869 	ld	h,-1 (ix)
   21EB E5            [11] 5870 	push	hl
   21EC CDr0Br21      [17] 5871 	call	_WalkIn
   21EF F1            [10] 5872 	pop	af
   21F0 33            [ 6] 5873 	inc	sp
   21F1 C3r81r22      [10] 5874 	jp	00129$
   21F4                    5875 00118$:
                           5876 ;src/main.c:1359: else if(cpct_isKeyPressed(ctlAbort)) {
   21F4 2Ar34r00      [16] 5877 	ld	hl, (_ctlAbort)
   21F7 CDr00r00      [17] 5878 	call	_cpct_isKeyPressed
   21FA 7D            [ 4] 5879 	ld	a, l
   21FB B7            [ 4] 5880 	or	a, a
   21FC 28 14         [12] 5881 	jr	Z,00115$
                           5882 ;src/main.c:1360: spr[0].lives_speed = 0;
   21FE 21r45r00      [10] 5883 	ld	hl, #(_spr + 0x000b)
   2201 36 00         [10] 5884 	ld	(hl), #0x00
                           5885 ;src/main.c:1361: spr[1].lives_speed = 0;
   2203 21r54r00      [10] 5886 	ld	hl, #(_spr + 0x001a)
   2206 36 00         [10] 5887 	ld	(hl), #0x00
                           5888 ;src/main.c:1362: GameOver(2);
   2208 3E 02         [ 7] 5889 	ld	a, #0x02
   220A F5            [11] 5890 	push	af
   220B 33            [ 6] 5891 	inc	sp
   220C CDrE5r42      [17] 5892 	call	_GameOver
   220F 33            [ 6] 5893 	inc	sp
   2210 18 6F         [12] 5894 	jr	00129$
   2212                    5895 00115$:
                           5896 ;src/main.c:1365: else if(cpct_isKeyPressed(ctlMusic)) {
   2212 2Ar36r00      [16] 5897 	ld	hl, (_ctlMusic)
   2215 CDr00r00      [17] 5898 	call	_cpct_isKeyPressed
   2218 7D            [ 4] 5899 	ld	a, l
   2219 B7            [ 4] 5900 	or	a, a
   221A 28 2F         [12] 5901 	jr	Z,00112$
                           5902 ;src/main.c:1366: Wait4Key(ctlMusic);
   221C 2Ar36r00      [16] 5903 	ld	hl, (_ctlMusic)
   221F E5            [11] 5904 	push	hl
   2220 CDrE9r0A      [17] 5905 	call	_Wait4Key
   2223 F1            [10] 5906 	pop	af
                           5907 ;src/main.c:1367: if (music == TRUE) { // if the music is playing ...
   2224 FD 21r1Br00   [14] 5908 	ld	iy, #_music
   2228 FD 7E 00      [19] 5909 	ld	a, 0 (iy)
   222B 3D            [ 4] 5910 	dec	a
   222C 20 0E         [12] 5911 	jr	NZ,00102$
                           5912 ;src/main.c:1368: music = FALSE;
   222E FD 36 00 00   [19] 5913 	ld	0 (iy), #0x00
                           5914 ;src/main.c:1369: cpct_akp_musicInit(g_fx);
   2232 21r00r00      [10] 5915 	ld	hl, #_g_fx
   2235 E5            [11] 5916 	push	hl
   2236 CDr00r00      [17] 5917 	call	_cpct_akp_musicInit
   2239 F1            [10] 5918 	pop	af
   223A 18 45         [12] 5919 	jr	00129$
   223C                    5920 00102$:
                           5921 ;src/main.c:1372: music = TRUE;			
   223C 21r1Br00      [10] 5922 	ld	hl,#_music + 0
   223F 36 01         [10] 5923 	ld	(hl), #0x01
                           5924 ;src/main.c:1373: cpct_akp_musicInit(g_ingame); // music ingame
   2241 21r00r00      [10] 5925 	ld	hl, #_g_ingame
   2244 E5            [11] 5926 	push	hl
   2245 CDr00r00      [17] 5927 	call	_cpct_akp_musicInit
   2248 F1            [10] 5928 	pop	af
   2249 18 36         [12] 5929 	jr	00129$
   224B                    5930 00112$:
                           5931 ;src/main.c:1377: else if(cpct_isKeyPressed(ctlPause)) {
   224B 2Ar38r00      [16] 5932 	ld	hl, (_ctlPause)
   224E CDr00r00      [17] 5933 	call	_cpct_isKeyPressed
   2251 7D            [ 4] 5934 	ld	a, l
   2252 B7            [ 4] 5935 	or	a, a
   2253 28 2C         [12] 5936 	jr	Z,00129$
                           5937 ;src/main.c:1378: Wait4Key(ctlPause);
   2255 2Ar38r00      [16] 5938 	ld	hl, (_ctlPause)
   2258 E5            [11] 5939 	push	hl
   2259 CDrE9r0A      [17] 5940 	call	_Wait4Key
                           5941 ;src/main.c:1379: cpct_akp_musicInit(g_fx);
   225C 21r00r00      [10] 5942 	ld	hl, #_g_fx
   225F E3            [19] 5943 	ex	(sp),hl
   2260 CDr00r00      [17] 5944 	call	_cpct_akp_musicInit
   2263 F1            [10] 5945 	pop	af
                           5946 ;src/main.c:1380: while (!cpct_isAnyKeyPressed());
   2264                    5947 00104$:
   2264 CDr00r00      [17] 5948 	call	_cpct_isAnyKeyPressed
   2267 7D            [ 4] 5949 	ld	a, l
   2268 B7            [ 4] 5950 	or	a, a
   2269 28 F9         [12] 5951 	jr	Z,00104$
                           5952 ;src/main.c:1381: Wait4Key(ctlPause);
   226B 2Ar38r00      [16] 5953 	ld	hl, (_ctlPause)
   226E E5            [11] 5954 	push	hl
   226F CDrE9r0A      [17] 5955 	call	_Wait4Key
   2272 F1            [10] 5956 	pop	af
                           5957 ;src/main.c:1382: if (music)
   2273 3Ar1Br00      [13] 5958 	ld	a,(#_music + 0)
   2276 B7            [ 4] 5959 	or	a, a
   2277 28 08         [12] 5960 	jr	Z,00129$
                           5961 ;src/main.c:1383: cpct_akp_musicInit(g_ingame); // music ingame
   2279 01r00r00      [10] 5962 	ld	bc, #_g_ingame
   227C C5            [11] 5963 	push	bc
   227D CDr00r00      [17] 5964 	call	_cpct_akp_musicInit
   2280 F1            [10] 5965 	pop	af
   2281                    5966 00129$:
   2281 DD F9         [10] 5967 	ld	sp, ix
   2283 DD E1         [14] 5968 	pop	ix
   2285 C9            [10] 5969 	ret
                           5970 ;src/main.c:1407: void WalkAnim(TSpr *pSpr, u8 dir) {
                           5971 ;	---------------------------------
                           5972 ; Function WalkAnim
                           5973 ; ---------------------------------
   2286                    5974 _WalkAnim::
   2286 DD E5         [15] 5975 	push	ix
   2288 DD 21 00 00   [14] 5976 	ld	ix,#0
   228C DD 39         [15] 5977 	add	ix,sp
                           5978 ;src/main.c:1408: u8 animPause = 2;
   228E 0E 02         [ 7] 5979 	ld	c, #0x02
                           5980 ;src/main.c:1409: if (pSpr->num > 3) animPause = 1; // slow enemies (4 and 5) have no pause in animation
   2290 DD 5E 04      [19] 5981 	ld	e,4 (ix)
   2293 DD 56 05      [19] 5982 	ld	d,5 (ix)
   2296 1A            [ 7] 5983 	ld	a, (de)
   2297 47            [ 4] 5984 	ld	b, a
   2298 3E 03         [ 7] 5985 	ld	a, #0x03
   229A 90            [ 4] 5986 	sub	a, b
   229B 30 02         [12] 5987 	jr	NC,00102$
   229D 0E 01         [ 7] 5988 	ld	c, #0x01
   229F                    5989 00102$:
                           5990 ;src/main.c:1410: pSpr->dir = dir;
   229F 21 07 00      [10] 5991 	ld	hl, #0x0007
   22A2 19            [11] 5992 	add	hl, de
   22A3 DD 7E 06      [19] 5993 	ld	a, 6 (ix)
   22A6 77            [ 7] 5994 	ld	(hl), a
                           5995 ;src/main.c:1411: if(++pSpr->nFrm == animPause*2) pSpr->nFrm = 0;
   22A7 FD 21 0A 00   [14] 5996 	ld	iy, #0x000a
   22AB FD 19         [15] 5997 	add	iy, de
   22AD FD 34 00      [23] 5998 	inc	0 (iy)
   22B0 FD 5E 00      [19] 5999 	ld	e, 0 (iy)
   22B3 06 00         [ 7] 6000 	ld	b, #0x00
   22B5 CB 21         [ 8] 6001 	sla	c
   22B7 CB 10         [ 8] 6002 	rl	b
   22B9 16 00         [ 7] 6003 	ld	d, #0x00
   22BB 79            [ 4] 6004 	ld	a, c
   22BC 93            [ 4] 6005 	sub	a, e
   22BD 20 08         [12] 6006 	jr	NZ,00105$
   22BF 78            [ 4] 6007 	ld	a, b
   22C0 92            [ 4] 6008 	sub	a, d
   22C1 20 04         [12] 6009 	jr	NZ,00105$
   22C3 FD 36 00 00   [19] 6010 	ld	0 (iy), #0x00
   22C7                    6011 00105$:
   22C7 DD E1         [14] 6012 	pop	ix
   22C9 C9            [10] 6013 	ret
                           6014 ;src/main.c:1416: void Walk(TSpr *pSpr) __z88dk_fastcall {
                           6015 ;	---------------------------------
                           6016 ; Function Walk
                           6017 ; ---------------------------------
   22CA                    6018 _Walk::
   22CA DD E5         [15] 6019 	push	ix
   22CC DD 21 00 00   [14] 6020 	ld	ix,#0
   22D0 DD 39         [15] 6021 	add	ix,sp
   22D2 F5            [11] 6022 	push	af
   22D3 F5            [11] 6023 	push	af
   22D4 DD 75 FE      [19] 6024 	ld	-2 (ix), l
   22D7 DD 74 FF      [19] 6025 	ld	-1 (ix), h
                           6026 ;src/main.c:1417: cpct_scanKeyboard_f(); // check the pressed keys
   22DA CDr00r00      [17] 6027 	call	_cpct_scanKeyboard_f
                           6028 ;src/main.c:1419: if(cpct_isKeyPressed(ctlRight[pSpr->ident])) {	
   22DD 11r30r00      [10] 6029 	ld	de, #_ctlRight+0
   22E0 DD 4E FE      [19] 6030 	ld	c,-2 (ix)
   22E3 DD 46 FF      [19] 6031 	ld	b,-1 (ix)
   22E6 03            [ 6] 6032 	inc	bc
   22E7 0A            [ 7] 6033 	ld	a, (bc)
   22E8 6F            [ 4] 6034 	ld	l, a
   22E9 26 00         [ 7] 6035 	ld	h, #0x00
   22EB 29            [11] 6036 	add	hl, hl
   22EC 19            [11] 6037 	add	hl, de
   22ED 5E            [ 7] 6038 	ld	e, (hl)
   22EE 23            [ 6] 6039 	inc	hl
   22EF 66            [ 7] 6040 	ld	h, (hl)
   22F0 C5            [11] 6041 	push	bc
   22F1 6B            [ 4] 6042 	ld	l, e
   22F2 CDr00r00      [17] 6043 	call	_cpct_isKeyPressed
   22F5 5D            [ 4] 6044 	ld	e, l
   22F6 C1            [10] 6045 	pop	bc
   22F7 0A            [ 7] 6046 	ld	a, (bc)
   22F8 6F            [ 4] 6047 	ld	l, a
                           6048 ;src/main.c:1420: if (cpct_isKeyPressed(ctlUp[pSpr->ident])) 			MoveUp(pSpr);  // diagonal derecha-arriba
   22F9 26 00         [ 7] 6049 	ld	h, #0x00
   22FB 29            [11] 6050 	add	hl, hl
   22FC E3            [19] 6051 	ex	(sp), hl
                           6052 ;src/main.c:1419: if(cpct_isKeyPressed(ctlRight[pSpr->ident])) {	
   22FD 7B            [ 4] 6053 	ld	a, e
   22FE B7            [ 4] 6054 	or	a, a
   22FF 28 51         [12] 6055 	jr	Z,00121$
                           6056 ;src/main.c:1420: if (cpct_isKeyPressed(ctlUp[pSpr->ident])) 			MoveUp(pSpr);  // diagonal derecha-arriba
   2301 11r24r00      [10] 6057 	ld	de, #_ctlUp+0
   2304 E1            [10] 6058 	pop	hl
   2305 E5            [11] 6059 	push	hl
   2306 19            [11] 6060 	add	hl, de
   2307 5E            [ 7] 6061 	ld	e, (hl)
   2308 23            [ 6] 6062 	inc	hl
   2309 66            [ 7] 6063 	ld	h, (hl)
   230A C5            [11] 6064 	push	bc
   230B 6B            [ 4] 6065 	ld	l, e
   230C CDr00r00      [17] 6066 	call	_cpct_isKeyPressed
   230F C1            [10] 6067 	pop	bc
   2310 7D            [ 4] 6068 	ld	a, l
   2311 B7            [ 4] 6069 	or	a, a
   2312 28 09         [12] 6070 	jr	Z,00104$
   2314 C1            [10] 6071 	pop	bc
   2315 E1            [10] 6072 	pop	hl
   2316 E5            [11] 6073 	push	hl
   2317 C5            [11] 6074 	push	bc
   2318 CDrCDr1E      [17] 6075 	call	_MoveUp
   231B 18 1B         [12] 6076 	jr	00105$
   231D                    6077 00104$:
                           6078 ;src/main.c:1421: else if(cpct_isKeyPressed(ctlDown[pSpr->ident]))	MoveDown(pSpr); // diagonal derecha-abajo
   231D 11r28r00      [10] 6079 	ld	de, #_ctlDown+0
   2320 0A            [ 7] 6080 	ld	a, (bc)
   2321 6F            [ 4] 6081 	ld	l, a
   2322 26 00         [ 7] 6082 	ld	h, #0x00
   2324 29            [11] 6083 	add	hl, hl
   2325 19            [11] 6084 	add	hl, de
   2326 4E            [ 7] 6085 	ld	c, (hl)
   2327 23            [ 6] 6086 	inc	hl
   2328 66            [ 7] 6087 	ld	h, (hl)
   2329 69            [ 4] 6088 	ld	l, c
   232A CDr00r00      [17] 6089 	call	_cpct_isKeyPressed
   232D 7D            [ 4] 6090 	ld	a, l
   232E B7            [ 4] 6091 	or	a, a
   232F 28 07         [12] 6092 	jr	Z,00105$
   2331 C1            [10] 6093 	pop	bc
   2332 E1            [10] 6094 	pop	hl
   2333 E5            [11] 6095 	push	hl
   2334 C5            [11] 6096 	push	bc
   2335 CDr5Ar1F      [17] 6097 	call	_MoveDown
   2338                    6098 00105$:
                           6099 ;src/main.c:1422: MoveRight(pSpr);
   2338 C1            [10] 6100 	pop	bc
   2339 E1            [10] 6101 	pop	hl
   233A E5            [11] 6102 	push	hl
   233B C5            [11] 6103 	push	bc
   233C CDr84r20      [17] 6104 	call	_MoveRight
                           6105 ;src/main.c:1423: WalkAnim(pSpr, D_right);
   233F 3E 03         [ 7] 6106 	ld	a, #0x03
   2341 F5            [11] 6107 	push	af
   2342 33            [ 6] 6108 	inc	sp
   2343 DD 6E FE      [19] 6109 	ld	l,-2 (ix)
   2346 DD 66 FF      [19] 6110 	ld	h,-1 (ix)
   2349 E5            [11] 6111 	push	hl
   234A CDr86r22      [17] 6112 	call	_WalkAnim
   234D F1            [10] 6113 	pop	af
   234E 33            [ 6] 6114 	inc	sp
   234F C3r22r24      [10] 6115 	jp	00123$
   2352                    6116 00121$:
                           6117 ;src/main.c:1426: else if(cpct_isKeyPressed(ctlLeft[pSpr->ident])) {	
   2352 11r2Cr00      [10] 6118 	ld	de, #_ctlLeft+0
   2355 E1            [10] 6119 	pop	hl
   2356 E5            [11] 6120 	push	hl
   2357 19            [11] 6121 	add	hl, de
   2358 5E            [ 7] 6122 	ld	e, (hl)
   2359 23            [ 6] 6123 	inc	hl
   235A 66            [ 7] 6124 	ld	h, (hl)
   235B C5            [11] 6125 	push	bc
   235C 6B            [ 4] 6126 	ld	l, e
   235D CDr00r00      [17] 6127 	call	_cpct_isKeyPressed
   2360 5D            [ 4] 6128 	ld	e, l
   2361 C1            [10] 6129 	pop	bc
                           6130 ;src/main.c:1419: if(cpct_isKeyPressed(ctlRight[pSpr->ident])) {	
   2362 0A            [ 7] 6131 	ld	a, (bc)
   2363 6F            [ 4] 6132 	ld	l, a
                           6133 ;src/main.c:1420: if (cpct_isKeyPressed(ctlUp[pSpr->ident])) 			MoveUp(pSpr);  // diagonal derecha-arriba
   2364 26 00         [ 7] 6134 	ld	h, #0x00
   2366 29            [11] 6135 	add	hl, hl
   2367 E3            [19] 6136 	ex	(sp), hl
                           6137 ;src/main.c:1426: else if(cpct_isKeyPressed(ctlLeft[pSpr->ident])) {	
   2368 7B            [ 4] 6138 	ld	a, e
   2369 B7            [ 4] 6139 	or	a, a
   236A 28 50         [12] 6140 	jr	Z,00118$
                           6141 ;src/main.c:1427: if (cpct_isKeyPressed(ctlUp[pSpr->ident])) 			MoveUp(pSpr); // diagonal izda-arriba
   236C 11r24r00      [10] 6142 	ld	de, #_ctlUp+0
   236F E1            [10] 6143 	pop	hl
   2370 E5            [11] 6144 	push	hl
   2371 19            [11] 6145 	add	hl, de
   2372 5E            [ 7] 6146 	ld	e, (hl)
   2373 23            [ 6] 6147 	inc	hl
   2374 66            [ 7] 6148 	ld	h, (hl)
   2375 C5            [11] 6149 	push	bc
   2376 6B            [ 4] 6150 	ld	l, e
   2377 CDr00r00      [17] 6151 	call	_cpct_isKeyPressed
   237A C1            [10] 6152 	pop	bc
   237B 7D            [ 4] 6153 	ld	a, l
   237C B7            [ 4] 6154 	or	a, a
   237D 28 09         [12] 6155 	jr	Z,00109$
   237F C1            [10] 6156 	pop	bc
   2380 E1            [10] 6157 	pop	hl
   2381 E5            [11] 6158 	push	hl
   2382 C5            [11] 6159 	push	bc
   2383 CDrCDr1E      [17] 6160 	call	_MoveUp
   2386 18 1B         [12] 6161 	jr	00110$
   2388                    6162 00109$:
                           6163 ;src/main.c:1428: else if(cpct_isKeyPressed(ctlDown[pSpr->ident]))	MoveDown(pSpr); // diagonal izda-abajo
   2388 0A            [ 7] 6164 	ld	a, (bc)
   2389 6F            [ 4] 6165 	ld	l, a
   238A 26 00         [ 7] 6166 	ld	h, #0x00
   238C 29            [11] 6167 	add	hl, hl
   238D 11r28r00      [10] 6168 	ld	de, #_ctlDown
   2390 19            [11] 6169 	add	hl, de
   2391 4E            [ 7] 6170 	ld	c, (hl)
   2392 23            [ 6] 6171 	inc	hl
   2393 66            [ 7] 6172 	ld	h, (hl)
   2394 69            [ 4] 6173 	ld	l, c
   2395 CDr00r00      [17] 6174 	call	_cpct_isKeyPressed
   2398 7D            [ 4] 6175 	ld	a, l
   2399 B7            [ 4] 6176 	or	a, a
   239A 28 07         [12] 6177 	jr	Z,00110$
   239C C1            [10] 6178 	pop	bc
   239D E1            [10] 6179 	pop	hl
   239E E5            [11] 6180 	push	hl
   239F C5            [11] 6181 	push	bc
   23A0 CDr5Ar1F      [17] 6182 	call	_MoveDown
   23A3                    6183 00110$:
                           6184 ;src/main.c:1429: MoveLeft(pSpr); 
   23A3 C1            [10] 6185 	pop	bc
   23A4 E1            [10] 6186 	pop	hl
   23A5 E5            [11] 6187 	push	hl
   23A6 C5            [11] 6188 	push	bc
   23A7 CDrFAr1F      [17] 6189 	call	_MoveLeft
                           6190 ;src/main.c:1430: WalkAnim(pSpr, D_left);
   23AA 3E 02         [ 7] 6191 	ld	a, #0x02
   23AC F5            [11] 6192 	push	af
   23AD 33            [ 6] 6193 	inc	sp
   23AE DD 6E FE      [19] 6194 	ld	l,-2 (ix)
   23B1 DD 66 FF      [19] 6195 	ld	h,-1 (ix)
   23B4 E5            [11] 6196 	push	hl
   23B5 CDr86r22      [17] 6197 	call	_WalkAnim
   23B8 F1            [10] 6198 	pop	af
   23B9 33            [ 6] 6199 	inc	sp
   23BA 18 66         [12] 6200 	jr	00123$
   23BC                    6201 00118$:
                           6202 ;src/main.c:1433: else if(cpct_isKeyPressed(ctlUp[pSpr->ident])) {
   23BC 11r24r00      [10] 6203 	ld	de, #_ctlUp+0
   23BF E1            [10] 6204 	pop	hl
   23C0 E5            [11] 6205 	push	hl
   23C1 19            [11] 6206 	add	hl, de
   23C2 5E            [ 7] 6207 	ld	e, (hl)
   23C3 23            [ 6] 6208 	inc	hl
   23C4 66            [ 7] 6209 	ld	h, (hl)
   23C5 C5            [11] 6210 	push	bc
   23C6 6B            [ 4] 6211 	ld	l, e
   23C7 CDr00r00      [17] 6212 	call	_cpct_isKeyPressed
   23CA C1            [10] 6213 	pop	bc
   23CB 7D            [ 4] 6214 	ld	a, l
   23CC B7            [ 4] 6215 	or	a, a
   23CD 28 18         [12] 6216 	jr	Z,00115$
                           6217 ;src/main.c:1434: MoveUp(pSpr); 
   23CF C1            [10] 6218 	pop	bc
   23D0 E1            [10] 6219 	pop	hl
   23D1 E5            [11] 6220 	push	hl
   23D2 C5            [11] 6221 	push	bc
   23D3 CDrCDr1E      [17] 6222 	call	_MoveUp
                           6223 ;src/main.c:1435: WalkAnim(pSpr, D_up);
   23D6 AF            [ 4] 6224 	xor	a, a
   23D7 F5            [11] 6225 	push	af
   23D8 33            [ 6] 6226 	inc	sp
   23D9 DD 6E FE      [19] 6227 	ld	l,-2 (ix)
   23DC DD 66 FF      [19] 6228 	ld	h,-1 (ix)
   23DF E5            [11] 6229 	push	hl
   23E0 CDr86r22      [17] 6230 	call	_WalkAnim
   23E3 F1            [10] 6231 	pop	af
   23E4 33            [ 6] 6232 	inc	sp
   23E5 18 3B         [12] 6233 	jr	00123$
   23E7                    6234 00115$:
                           6235 ;src/main.c:1438: else if(cpct_isKeyPressed(ctlDown[pSpr->ident])) {
   23E7 0A            [ 7] 6236 	ld	a, (bc)
   23E8 6F            [ 4] 6237 	ld	l, a
   23E9 26 00         [ 7] 6238 	ld	h, #0x00
   23EB 29            [11] 6239 	add	hl, hl
   23EC 11r28r00      [10] 6240 	ld	de, #_ctlDown
   23EF 19            [11] 6241 	add	hl, de
   23F0 7E            [ 7] 6242 	ld	a, (hl)
   23F1 23            [ 6] 6243 	inc	hl
   23F2 66            [ 7] 6244 	ld	h, (hl)
   23F3 6F            [ 4] 6245 	ld	l, a
   23F4 CDr00r00      [17] 6246 	call	_cpct_isKeyPressed
   23F7 7D            [ 4] 6247 	ld	a, l
   23F8 B7            [ 4] 6248 	or	a, a
   23F9 28 19         [12] 6249 	jr	Z,00112$
                           6250 ;src/main.c:1439: MoveDown(pSpr); 
   23FB C1            [10] 6251 	pop	bc
   23FC E1            [10] 6252 	pop	hl
   23FD E5            [11] 6253 	push	hl
   23FE C5            [11] 6254 	push	bc
   23FF CDr5Ar1F      [17] 6255 	call	_MoveDown
                           6256 ;src/main.c:1440: WalkAnim(pSpr, D_down);
   2402 3E 01         [ 7] 6257 	ld	a, #0x01
   2404 F5            [11] 6258 	push	af
   2405 33            [ 6] 6259 	inc	sp
   2406 DD 6E FE      [19] 6260 	ld	l,-2 (ix)
   2409 DD 66 FF      [19] 6261 	ld	h,-1 (ix)
   240C E5            [11] 6262 	push	hl
   240D CDr86r22      [17] 6263 	call	_WalkAnim
   2410 F1            [10] 6264 	pop	af
   2411 33            [ 6] 6265 	inc	sp
   2412 18 0E         [12] 6266 	jr	00123$
   2414                    6267 00112$:
                           6268 ;src/main.c:1443: pSpr->status = S_stopped;
   2414 DD 7E FE      [19] 6269 	ld	a, -2 (ix)
   2417 C6 06         [ 7] 6270 	add	a, #0x06
   2419 6F            [ 4] 6271 	ld	l, a
   241A DD 7E FF      [19] 6272 	ld	a, -1 (ix)
   241D CE 00         [ 7] 6273 	adc	a, #0x00
   241F 67            [ 4] 6274 	ld	h, a
   2420 36 04         [10] 6275 	ld	(hl), #0x04
   2422                    6276 00123$:
   2422 DD F9         [10] 6277 	ld	sp, ix
   2424 DD E1         [14] 6278 	pop	ix
   2426 C9            [10] 6279 	ret
                           6280 ;src/main.c:1448: void RunStatus(TSpr *pSpr) __z88dk_fastcall {
                           6281 ;	---------------------------------
                           6282 ; Function RunStatus
                           6283 ; ---------------------------------
   2427                    6284 _RunStatus::
   2427 4D            [ 4] 6285 	ld	c, l
   2428 44            [ 4] 6286 	ld	b, h
                           6287 ;src/main.c:1449: if (pSpr->status == S_stopped)
   2429 C5            [11] 6288 	push	bc
   242A FD E1         [14] 6289 	pop	iy
   242C FD 7E 06      [19] 6290 	ld	a, 6 (iy)
   242F D6 04         [ 7] 6291 	sub	a, #0x04
   2431 20 05         [12] 6292 	jr	NZ,00102$
                           6293 ;src/main.c:1450: Stop(pSpr);
   2433 69            [ 4] 6294 	ld	l, c
   2434 60            [ 4] 6295 	ld	h, b
   2435 C3r32r21      [10] 6296 	jp  _Stop
   2438                    6297 00102$:
                           6298 ;src/main.c:1452: Walk(pSpr);	
   2438 69            [ 4] 6299 	ld	l, c
   2439 60            [ 4] 6300 	ld	h, b
   243A C3rCAr22      [10] 6301 	jp  _Walk
                           6302 ;src/main.c:1457: void PlayerLoop(TSpr *pSpr) __z88dk_fastcall {
                           6303 ;	---------------------------------
                           6304 ; Function PlayerLoop
                           6305 ; ---------------------------------
   243D                    6306 _PlayerLoop::
   243D DD E5         [15] 6307 	push	ix
   243F DD 21 00 00   [14] 6308 	ld	ix,#0
   2443 DD 39         [15] 6309 	add	ix,sp
   2445 F5            [11] 6310 	push	af
   2446 4D            [ 4] 6311 	ld	c, l
   2447 44            [ 4] 6312 	ld	b, h
                           6313 ;src/main.c:1458: RunStatus(pSpr); // calls the appropriate function based on the status of the main sprites
   2448 C5            [11] 6314 	push	bc
   2449 69            [ 4] 6315 	ld	l, c
   244A 60            [ 4] 6316 	ld	h, b
   244B CDr27r24      [17] 6317 	call	_RunStatus
   244E C1            [10] 6318 	pop	bc
                           6319 ;src/main.c:1459: if (pSpr->print_minV) { // does the sprite have to be reprinted?
   244F 21 0D 00      [10] 6320 	ld	hl, #0x000d
   2452 09            [11] 6321 	add	hl,bc
   2453 E3            [19] 6322 	ex	(sp), hl
   2454 E1            [10] 6323 	pop	hl
   2455 E5            [11] 6324 	push	hl
   2456 7E            [ 7] 6325 	ld	a, (hl)
   2457 B7            [ 4] 6326 	or	a, a
   2458 28 46         [12] 6327 	jr	Z,00106$
                           6328 ;src/main.c:1460: SelectFrame(pSpr); // we assign the next frame of the animation to the sprite
   245A C5            [11] 6329 	push	bc
   245B 69            [ 4] 6330 	ld	l, c
   245C 60            [ 4] 6331 	ld	h, b
   245D CDr64r1A      [17] 6332 	call	_SelectFrame
   2460 C1            [10] 6333 	pop	bc
                           6334 ;src/main.c:1461: DeleteSprite(pSpr); // delete the sprite
   2461 C5            [11] 6335 	push	bc
   2462 69            [ 4] 6336 	ld	l, c
   2463 60            [ 4] 6337 	ld	h, b
   2464 CDrAFr19      [17] 6338 	call	_DeleteSprite
   2467 C1            [10] 6339 	pop	bc
                           6340 ;src/main.c:1462: pSpr->px = pSpr->x; // save the current X coordinate
   2468 21 04 00      [10] 6341 	ld	hl, #0x0004
   246B 09            [11] 6342 	add	hl,bc
   246C EB            [ 4] 6343 	ex	de,hl
   246D 69            [ 4] 6344 	ld	l, c
   246E 60            [ 4] 6345 	ld	h, b
   246F 23            [ 6] 6346 	inc	hl
   2470 23            [ 6] 6347 	inc	hl
   2471 7E            [ 7] 6348 	ld	a, (hl)
   2472 12            [ 7] 6349 	ld	(de), a
                           6350 ;src/main.c:1463: pSpr->py = pSpr->y; // save the current Y coordinate
   2473 21 05 00      [10] 6351 	ld	hl, #0x0005
   2476 09            [11] 6352 	add	hl,bc
   2477 EB            [ 4] 6353 	ex	de,hl
   2478 69            [ 4] 6354 	ld	l, c
   2479 60            [ 4] 6355 	ld	h, b
   247A 23            [ 6] 6356 	inc	hl
   247B 23            [ 6] 6357 	inc	hl
   247C 23            [ 6] 6358 	inc	hl
   247D 7E            [ 7] 6359 	ld	a, (hl)
   247E 12            [ 7] 6360 	ld	(de), a
                           6361 ;src/main.c:1464: PrintSprite(pSpr); // paint the sprite in the new XY position
   247F C5            [11] 6362 	push	bc
   2480 69            [ 4] 6363 	ld	l, c
   2481 60            [ 4] 6364 	ld	h, b
   2482 CDr80r19      [17] 6365 	call	_PrintSprite
   2485 C1            [10] 6366 	pop	bc
                           6367 ;src/main.c:1465: ctInactivity[pSpr->num] = 0; // on the move
   2486 11r1Dr00      [10] 6368 	ld	de, #_ctInactivity+0
   2489 0A            [ 7] 6369 	ld	a, (bc)
   248A 6F            [ 4] 6370 	ld	l, a
   248B 26 00         [ 7] 6371 	ld	h,#0x00
   248D 19            [11] 6372 	add	hl, de
   248E 36 00         [10] 6373 	ld	(hl), #0x00
                           6374 ;src/main.c:1466: if (pSpr->status == S_stopped) 
   2490 C5            [11] 6375 	push	bc
   2491 FD E1         [14] 6376 	pop	iy
   2493 FD 7E 06      [19] 6377 	ld	a, 6 (iy)
   2496 D6 04         [ 7] 6378 	sub	a, #0x04
   2498 20 1E         [12] 6379 	jr	NZ,00108$
                           6380 ;src/main.c:1467: pSpr->print_minV = FALSE; // if it is stopped it is no longer necessary to continue printing the sprite
   249A E1            [10] 6381 	pop	hl
   249B E5            [11] 6382 	push	hl
   249C 36 00         [10] 6383 	ld	(hl), #0x00
   249E 18 18         [12] 6384 	jr	00108$
   24A0                    6385 00106$:
                           6386 ;src/main.c:1470: else if (ctMainLoop % 5 == 0)
   24A0 C5            [11] 6387 	push	bc
   24A1 21 05 00      [10] 6388 	ld	hl, #0x0005
   24A4 E5            [11] 6389 	push	hl
   24A5 2Ar22r00      [16] 6390 	ld	hl, (_ctMainLoop)
   24A8 E5            [11] 6391 	push	hl
   24A9 CDr00r00      [17] 6392 	call	__modsint
   24AC F1            [10] 6393 	pop	af
   24AD F1            [10] 6394 	pop	af
   24AE C1            [10] 6395 	pop	bc
   24AF 7C            [ 4] 6396 	ld	a, h
   24B0 B5            [ 4] 6397 	or	a,l
   24B1 20 05         [12] 6398 	jr	NZ,00108$
                           6399 ;src/main.c:1471: PrintSprite(pSpr);
   24B3 69            [ 4] 6400 	ld	l, c
   24B4 60            [ 4] 6401 	ld	h, b
   24B5 CDr80r19      [17] 6402 	call	_PrintSprite
   24B8                    6403 00108$:
   24B8 DD F9         [10] 6404 	ld	sp, ix
   24BA DD E1         [14] 6405 	pop	ix
   24BC C9            [10] 6406 	ret
                           6407 ;src/main.c:1488: void ExplodePlayerInDuel(u8 player) __z88dk_fastcall {
                           6408 ;	---------------------------------
                           6409 ; Function ExplodePlayerInDuel
                           6410 ; ---------------------------------
   24BD                    6411 _ExplodePlayerInDuel::
   24BD DD E5         [15] 6412 	push	ix
   24BF DD 21 00 00   [14] 6413 	ld	ix,#0
   24C3 DD 39         [15] 6414 	add	ix,sp
   24C5 3B            [ 6] 6415 	dec	sp
   24C6 DD 75 FF      [19] 6416 	ld	-1 (ix), l
                           6417 ;src/main.c:1489: cpct_drawSolidBox(cpctm_screenPtr(CPCT_VMEM_START, spr[player].x, 122), cpct_px2byteM0(4, 4), SPR_W, SPR_H);
   24C9 21 04 04      [10] 6418 	ld	hl, #0x0404
   24CC E5            [11] 6419 	push	hl
   24CD CDr00r00      [17] 6420 	call	_cpct_px2byteM0
   24D0 4D            [ 4] 6421 	ld	c, l
   24D1 06 00         [ 7] 6422 	ld	b, #0x00
   24D3 DD 5E FF      [19] 6423 	ld	e,-1 (ix)
   24D6 16 00         [ 7] 6424 	ld	d,#0x00
   24D8 6B            [ 4] 6425 	ld	l, e
   24D9 62            [ 4] 6426 	ld	h, d
   24DA 29            [11] 6427 	add	hl, hl
   24DB 19            [11] 6428 	add	hl, de
   24DC 29            [11] 6429 	add	hl, hl
   24DD 19            [11] 6430 	add	hl, de
   24DE 29            [11] 6431 	add	hl, hl
   24DF 19            [11] 6432 	add	hl, de
   24E0 11r3Ar00      [10] 6433 	ld	de, #_spr
   24E3 19            [11] 6434 	add	hl, de
   24E4 23            [ 6] 6435 	inc	hl
   24E5 23            [ 6] 6436 	inc	hl
   24E6 7E            [ 7] 6437 	ld	a, (hl)
   24E7 C6 B0         [ 7] 6438 	add	a, #0xb0
   24E9 5F            [ 4] 6439 	ld	e, a
   24EA 3E 00         [ 7] 6440 	ld	a, #0x00
   24EC CE D4         [ 7] 6441 	adc	a, #0xd4
   24EE 57            [ 4] 6442 	ld	d, a
   24EF D5            [11] 6443 	push	de
   24F0 FD E1         [14] 6444 	pop	iy
   24F2 E5            [11] 6445 	push	hl
   24F3 11 05 0C      [10] 6446 	ld	de, #0x0c05
   24F6 D5            [11] 6447 	push	de
   24F7 C5            [11] 6448 	push	bc
   24F8 FD E5         [15] 6449 	push	iy
   24FA CDr00r00      [17] 6450 	call	_cpct_drawSolidBox
   24FD AF            [ 4] 6451 	xor	a, a
   24FE F5            [11] 6452 	push	af
   24FF 33            [ 6] 6453 	inc	sp
   2500 DD 7E FF      [19] 6454 	ld	a, -1 (ix)
   2503 F5            [11] 6455 	push	af
   2504 33            [ 6] 6456 	inc	sp
   2505 CDr20r1D      [17] 6457 	call	_ExplodeSprite
   2508 F1            [10] 6458 	pop	af
   2509 01 04 04      [10] 6459 	ld	bc, #0x0404
   250C C5            [11] 6460 	push	bc
   250D CDr00r00      [17] 6461 	call	_cpct_px2byteM0
   2510 4D            [ 4] 6462 	ld	c, l
   2511 E1            [10] 6463 	pop	hl
   2512 06 00         [ 7] 6464 	ld	b, #0x00
   2514 5E            [ 7] 6465 	ld	e, (hl)
   2515 21 B0 D4      [10] 6466 	ld	hl, #0xd4b0
   2518 16 00         [ 7] 6467 	ld	d, #0x00
   251A 19            [11] 6468 	add	hl, de
   251B 11 05 0C      [10] 6469 	ld	de, #0x0c05
   251E D5            [11] 6470 	push	de
   251F C5            [11] 6471 	push	bc
   2520 E5            [11] 6472 	push	hl
   2521 CDr00r00      [17] 6473 	call	_cpct_drawSolidBox
   2524 33            [ 6] 6474 	inc	sp
   2525 DD E1         [14] 6475 	pop	ix
   2527 C9            [10] 6476 	ret
                           6477 ;src/main.c:1496: void MakeDuel() {
                           6478 ;	---------------------------------
                           6479 ; Function MakeDuel
                           6480 ; ---------------------------------
   2528                    6481 _MakeDuel::
   2528 DD E5         [15] 6482 	push	ix
   252A DD 21 00 00   [14] 6483 	ld	ix,#0
   252E DD 39         [15] 6484 	add	ix,sp
   2530 F5            [11] 6485 	push	af
   2531 3B            [ 6] 6486 	dec	sp
                           6487 ;src/main.c:1499: cpct_drawSolidBox(cpctm_screenPtr(CPCT_VMEM_START, 18, 80), cpct_px2byteM0(4, 4), 45, 60);
   2532 21 04 04      [10] 6488 	ld	hl, #0x0404
   2535 E5            [11] 6489 	push	hl
   2536 CDr00r00      [17] 6490 	call	_cpct_px2byteM0
   2539 26 00         [ 7] 6491 	ld	h, #0x00
   253B 01 2D 3C      [10] 6492 	ld	bc, #0x3c2d
   253E C5            [11] 6493 	push	bc
   253F E5            [11] 6494 	push	hl
   2540 21 32 C3      [10] 6495 	ld	hl, #0xc332
   2543 E5            [11] 6496 	push	hl
   2544 CDr00r00      [17] 6497 	call	_cpct_drawSolidBox
                           6498 ;src/main.c:1500: PrintFrame(18,80,60,134);
   2547 21 3C 86      [10] 6499 	ld	hl, #0x863c
   254A E5            [11] 6500 	push	hl
   254B 21 12 50      [10] 6501 	ld	hl, #0x5012
   254E E5            [11] 6502 	push	hl
   254F CDr30r04      [17] 6503 	call	_PrintFrame
   2552 F1            [10] 6504 	pop	af
   2553 F1            [10] 6505 	pop	af
                           6506 ;src/main.c:1502: spr[0].x = 23; spr[0].y = 122;
   2554 21r3Cr00      [10] 6507 	ld	hl, #(_spr + 0x0002)
   2557 36 17         [10] 6508 	ld	(hl), #0x17
   2559 21r3Dr00      [10] 6509 	ld	hl, #(_spr + 0x0003)
   255C 36 7A         [10] 6510 	ld	(hl), #0x7a
                           6511 ;src/main.c:1504: cpct_getScreenPtr(CPCT_VMEM_START, spr[0].x, spr[0].y), SPR_W, SPR_H, g_maskTable);
   255E 21r3Dr00      [10] 6512 	ld	hl, #(_spr + 0x0003) + 0
   2561 56            [ 7] 6513 	ld	d, (hl)
   2562 21r3Cr00      [10] 6514 	ld	hl, #(_spr + 0x0002) + 0
   2565 5E            [ 7] 6515 	ld	e, (hl)
   2566 D5            [11] 6516 	push	de
   2567 21 00 C0      [10] 6517 	ld	hl, #0xc000
   256A E5            [11] 6518 	push	hl
   256B CDr00r00      [17] 6519 	call	_cpct_getScreenPtr
   256E 4D            [ 4] 6520 	ld	c, l
   256F 44            [ 4] 6521 	ld	b, h
                           6522 ;src/main.c:1503: cpct_drawSpriteMaskedAlignedTable(g_sorcerer1_06,
   2570 21r00r01      [10] 6523 	ld	hl, #_g_maskTable
   2573 E5            [11] 6524 	push	hl
   2574 21 05 0C      [10] 6525 	ld	hl, #0x0c05
   2577 E5            [11] 6526 	push	hl
   2578 C5            [11] 6527 	push	bc
   2579 21r00r00      [10] 6528 	ld	hl, #_g_sorcerer1_06
   257C E5            [11] 6529 	push	hl
   257D CDr00r00      [17] 6530 	call	_cpct_drawSpriteMaskedAlignedTable
                           6531 ;src/main.c:1506: spr[1].x = 53; spr[1].y = 122;
   2580 21r4Br00      [10] 6532 	ld	hl, #(_spr + 0x0011)
   2583 36 35         [10] 6533 	ld	(hl), #0x35
   2585 21r4Cr00      [10] 6534 	ld	hl, #(_spr + 0x0012)
   2588 36 7A         [10] 6535 	ld	(hl), #0x7a
                           6536 ;src/main.c:1509: cpct_getScreenPtr(CPCT_VMEM_START, spr[1].x, spr[1].y), SPR_W, SPR_H, g_maskTable);
   258A 3Ar4Cr00      [13] 6537 	ld	a,(#(_spr + 0x0012) + 0)
   258D DD 77 FF      [19] 6538 	ld	-1 (ix), a
   2590 3Ar4Br00      [13] 6539 	ld	a,(#(_spr + 0x0011) + 0)
   2593 DD 77 FE      [19] 6540 	ld	-2 (ix), a
                           6541 ;src/main.c:1507: if (TwoPlayers) {
   2596 3Ar04r00      [13] 6542 	ld	a,(#_TwoPlayers + 0)
   2599 B7            [ 4] 6543 	or	a, a
   259A 28 20         [12] 6544 	jr	Z,00102$
                           6545 ;src/main.c:1509: cpct_getScreenPtr(CPCT_VMEM_START, spr[1].x, spr[1].y), SPR_W, SPR_H, g_maskTable);
   259C DD 66 FF      [19] 6546 	ld	h, -1 (ix)
   259F DD 6E FE      [19] 6547 	ld	l, -2 (ix)
   25A2 E5            [11] 6548 	push	hl
   25A3 21 00 C0      [10] 6549 	ld	hl, #0xc000
   25A6 E5            [11] 6550 	push	hl
   25A7 CDr00r00      [17] 6551 	call	_cpct_getScreenPtr
                           6552 ;src/main.c:1508: cpct_drawSpriteMaskedAlignedTable(g_sorcerer2_04, 
   25AA 01r00r00      [10] 6553 	ld	bc, #_g_sorcerer2_04+0
   25AD 11r00r01      [10] 6554 	ld	de, #_g_maskTable
   25B0 D5            [11] 6555 	push	de
   25B1 11 05 0C      [10] 6556 	ld	de, #0x0c05
   25B4 D5            [11] 6557 	push	de
   25B5 E5            [11] 6558 	push	hl
   25B6 C5            [11] 6559 	push	bc
   25B7 CDr00r00      [17] 6560 	call	_cpct_drawSpriteMaskedAlignedTable
   25BA 18 1E         [12] 6561 	jr	00103$
   25BC                    6562 00102$:
                           6563 ;src/main.c:1514: cpct_getScreenPtr(CPCT_VMEM_START, spr[1].x, spr[1].y), SPR_W, SPR_H, g_maskTable);
   25BC DD 66 FF      [19] 6564 	ld	h, -1 (ix)
   25BF DD 6E FE      [19] 6565 	ld	l, -2 (ix)
   25C2 E5            [11] 6566 	push	hl
   25C3 21 00 C0      [10] 6567 	ld	hl, #0xc000
   25C6 E5            [11] 6568 	push	hl
   25C7 CDr00r00      [17] 6569 	call	_cpct_getScreenPtr
                           6570 ;src/main.c:1513: cpct_drawSpriteMaskedAlignedTable(g_door_0, 
   25CA 01r00r00      [10] 6571 	ld	bc, #_g_door_0+0
   25CD 11r00r01      [10] 6572 	ld	de, #_g_maskTable
   25D0 D5            [11] 6573 	push	de
   25D1 11 05 0C      [10] 6574 	ld	de, #0x0c05
   25D4 D5            [11] 6575 	push	de
   25D5 E5            [11] 6576 	push	hl
   25D6 C5            [11] 6577 	push	bc
   25D7 CDr00r00      [17] 6578 	call	_cpct_drawSpriteMaskedAlignedTable
   25DA                    6579 00103$:
                           6580 ;src/main.c:1516: Pause(400);
   25DA 21 90 01      [10] 6581 	ld	hl, #0x0190
   25DD CDrFEr01      [17] 6582 	call	_Pause
                           6583 ;src/main.c:1520: cpct_getScreenPtr(CPCT_VMEM_START, spr[0].x, spr[0].y), SPR_W, SPR_H, g_maskTable);
   25E0 21r3Dr00      [10] 6584 	ld	hl, #(_spr + 0x0003) + 0
   25E3 56            [ 7] 6585 	ld	d, (hl)
   25E4 21r3Cr00      [10] 6586 	ld	hl, #(_spr + 0x0002) + 0
   25E7 5E            [ 7] 6587 	ld	e, (hl)
   25E8 D5            [11] 6588 	push	de
   25E9 21 00 C0      [10] 6589 	ld	hl, #0xc000
   25EC E5            [11] 6590 	push	hl
   25ED CDr00r00      [17] 6591 	call	_cpct_getScreenPtr
                           6592 ;src/main.c:1519: cpct_drawSpriteMaskedAlignedTable(g_sorcerer1_08, 
   25F0 01r00r00      [10] 6593 	ld	bc, #_g_sorcerer1_08+0
   25F3 11r00r01      [10] 6594 	ld	de, #_g_maskTable
   25F6 D5            [11] 6595 	push	de
   25F7 11 05 0C      [10] 6596 	ld	de, #0x0c05
   25FA D5            [11] 6597 	push	de
   25FB E5            [11] 6598 	push	hl
   25FC C5            [11] 6599 	push	bc
   25FD CDr00r00      [17] 6600 	call	_cpct_drawSpriteMaskedAlignedTable
                           6601 ;src/main.c:1521: spr[0].x += OBJ_W;
   2600 3Ar3Cr00      [13] 6602 	ld	a, (#(_spr + 0x0002) + 0)
   2603 C6 04         [ 7] 6603 	add	a, #0x04
   2605 32r3Cr00      [13] 6604 	ld	(#(_spr + 0x0002)),a
                           6605 ;src/main.c:1522: if (TwoPlayers) {
   2608 3Ar04r00      [13] 6606 	ld	a,(#_TwoPlayers + 0)
   260B B7            [ 4] 6607 	or	a, a
   260C 28 28         [12] 6608 	jr	Z,00105$
                           6609 ;src/main.c:1524: cpct_getScreenPtr(CPCT_VMEM_START, spr[1].x, spr[1].y), SPR_W, SPR_H, g_maskTable);
   260E 21r4Cr00      [10] 6610 	ld	hl, #(_spr + 0x0012) + 0
   2611 56            [ 7] 6611 	ld	d, (hl)
   2612 21r4Br00      [10] 6612 	ld	hl, #(_spr + 0x0011) + 0
   2615 5E            [ 7] 6613 	ld	e, (hl)
   2616 D5            [11] 6614 	push	de
   2617 21 00 C0      [10] 6615 	ld	hl, #0xc000
   261A E5            [11] 6616 	push	hl
   261B CDr00r00      [17] 6617 	call	_cpct_getScreenPtr
                           6618 ;src/main.c:1523: cpct_drawSpriteMaskedAlignedTable(g_sorcerer2_08, 
   261E 01r00r00      [10] 6619 	ld	bc, #_g_sorcerer2_08+0
   2621 11r00r01      [10] 6620 	ld	de, #_g_maskTable
   2624 D5            [11] 6621 	push	de
   2625 11 05 0C      [10] 6622 	ld	de, #0x0c05
   2628 D5            [11] 6623 	push	de
   2629 E5            [11] 6624 	push	hl
   262A C5            [11] 6625 	push	bc
   262B CDr00r00      [17] 6626 	call	_cpct_drawSpriteMaskedAlignedTable
                           6627 ;src/main.c:1525: spr[1].x -= OBJ_W;
   262E 3Ar4Br00      [13] 6628 	ld	a, (#(_spr + 0x0011) + 0)
   2631 C6 FC         [ 7] 6629 	add	a, #0xfc
   2633 32r4Br00      [13] 6630 	ld	(#(_spr + 0x0011)),a
   2636                    6631 00105$:
                           6632 ;src/main.c:1527: cpct_akp_SFXPlay (5, 12, 60, 0, 0, AY_CHANNEL_B); // shot sound
   2636 3E 02         [ 7] 6633 	ld	a, #0x02
   2638 F5            [11] 6634 	push	af
   2639 33            [ 6] 6635 	inc	sp
   263A 21 00 00      [10] 6636 	ld	hl, #0x0000
   263D E5            [11] 6637 	push	hl
   263E 2E 3C         [ 7] 6638 	ld	l, #0x3c
   2640 E5            [11] 6639 	push	hl
   2641 21 05 0C      [10] 6640 	ld	hl, #0x0c05
   2644 E5            [11] 6641 	push	hl
   2645 CDr00r00      [17] 6642 	call	_cpct_akp_SFXPlay
   2648 21 07 00      [10] 6643 	ld	hl, #7
   264B 39            [11] 6644 	add	hl, sp
   264C F9            [ 6] 6645 	ld	sp, hl
                           6646 ;src/main.c:1530: while (spr[0].x < 50)
   264D                    6647 00110$:
                           6648 ;src/main.c:1504: cpct_getScreenPtr(CPCT_VMEM_START, spr[0].x, spr[0].y), SPR_W, SPR_H, g_maskTable);
   264D 21r3Cr00      [10] 6649 	ld	hl, #(_spr + 0x0002) + 0
   2650 4E            [ 7] 6650 	ld	c, (hl)
                           6651 ;src/main.c:1530: while (spr[0].x < 50)
   2651 79            [ 4] 6652 	ld	a, c
   2652 D6 32         [ 7] 6653 	sub	a, #0x32
   2654 D2rF0r26      [10] 6654 	jp	NC, 00112$
                           6655 ;src/main.c:1533: spr[0].x ++;
   2657 41            [ 4] 6656 	ld	b, c
   2658 04            [ 4] 6657 	inc	b
   2659 21r3Cr00      [10] 6658 	ld	hl, #(_spr + 0x0002)
   265C 70            [ 7] 6659 	ld	(hl), b
                           6660 ;src/main.c:1535: cpct_getScreenPtr(CPCT_VMEM_START, spr[0].x, 125), SHT_W, SHT_H, g_maskTable);
   265D 3E 7D         [ 7] 6661 	ld	a, #0x7d
   265F F5            [11] 6662 	push	af
   2660 33            [ 6] 6663 	inc	sp
   2661 C5            [11] 6664 	push	bc
   2662 33            [ 6] 6665 	inc	sp
   2663 21 00 C0      [10] 6666 	ld	hl, #0xc000
   2666 E5            [11] 6667 	push	hl
   2667 CDr00r00      [17] 6668 	call	_cpct_getScreenPtr
                           6669 ;src/main.c:1534: cpct_drawSpriteMaskedAlignedTable(g_magic_0, 
   266A 01r00r01      [10] 6670 	ld	bc, #_g_maskTable
   266D C5            [11] 6671 	push	bc
   266E 01 04 08      [10] 6672 	ld	bc, #0x0804
   2671 C5            [11] 6673 	push	bc
   2672 E5            [11] 6674 	push	hl
   2673 21r00r00      [10] 6675 	ld	hl, #_g_magic_0
   2676 E5            [11] 6676 	push	hl
   2677 CDr00r00      [17] 6677 	call	_cpct_drawSpriteMaskedAlignedTable
                           6678 ;src/main.c:1536: if (TwoPlayers) {
   267A 3Ar04r00      [13] 6679 	ld	a,(#_TwoPlayers + 0)
   267D B7            [ 4] 6680 	or	a, a
   267E 28 26         [12] 6681 	jr	Z,00107$
                           6682 ;src/main.c:1537: spr[1].x --;
   2680 21r4Br00      [10] 6683 	ld	hl, #(_spr + 0x0011) + 0
   2683 46            [ 7] 6684 	ld	b, (hl)
   2684 05            [ 4] 6685 	dec	b
   2685 21r4Br00      [10] 6686 	ld	hl, #(_spr + 0x0011)
   2688 70            [ 7] 6687 	ld	(hl), b
                           6688 ;src/main.c:1539: cpct_getScreenPtr(CPCT_VMEM_START, spr[1].x, 125), SHT_W, SHT_H, g_maskTable);
   2689 3E 7D         [ 7] 6689 	ld	a, #0x7d
   268B F5            [11] 6690 	push	af
   268C 33            [ 6] 6691 	inc	sp
   268D C5            [11] 6692 	push	bc
   268E 33            [ 6] 6693 	inc	sp
   268F 21 00 C0      [10] 6694 	ld	hl, #0xc000
   2692 E5            [11] 6695 	push	hl
   2693 CDr00r00      [17] 6696 	call	_cpct_getScreenPtr
                           6697 ;src/main.c:1538: cpct_drawSpriteMaskedAlignedTable(g_magic_1, 
   2696 01r00r01      [10] 6698 	ld	bc, #_g_maskTable
   2699 C5            [11] 6699 	push	bc
   269A 01 04 08      [10] 6700 	ld	bc, #0x0804
   269D C5            [11] 6701 	push	bc
   269E E5            [11] 6702 	push	hl
   269F 21r00r00      [10] 6703 	ld	hl, #_g_magic_1
   26A2 E5            [11] 6704 	push	hl
   26A3 CDr00r00      [17] 6705 	call	_cpct_drawSpriteMaskedAlignedTable
   26A6                    6706 00107$:
                           6707 ;src/main.c:1541: Pause(12);
   26A6 21 0C 00      [10] 6708 	ld	hl, #0x000c
   26A9 CDrFEr01      [17] 6709 	call	_Pause
                           6710 ;src/main.c:1544: cpct_px2byteM0(4, 4), OBJ_W, OBJ_H);
   26AC 21 04 04      [10] 6711 	ld	hl, #0x0404
   26AF E5            [11] 6712 	push	hl
   26B0 CDr00r00      [17] 6713 	call	_cpct_px2byteM0
   26B3 4D            [ 4] 6714 	ld	c, l
   26B4 06 00         [ 7] 6715 	ld	b, #0x00
                           6716 ;src/main.c:1543: cpct_drawSolidBox(cpctm_screenPtr(CPCT_VMEM_START, spr[0].x, 125), 
   26B6 21r3Cr00      [10] 6717 	ld	hl, #(_spr + 0x0002) + 0
   26B9 5E            [ 7] 6718 	ld	e, (hl)
   26BA 21 B0 EC      [10] 6719 	ld	hl, #0xecb0
   26BD 16 00         [ 7] 6720 	ld	d, #0x00
   26BF 19            [11] 6721 	add	hl, de
   26C0 11 04 08      [10] 6722 	ld	de, #0x0804
   26C3 D5            [11] 6723 	push	de
   26C4 C5            [11] 6724 	push	bc
   26C5 E5            [11] 6725 	push	hl
   26C6 CDr00r00      [17] 6726 	call	_cpct_drawSolidBox
                           6727 ;src/main.c:1545: if (TwoPlayers)
   26C9 3Ar04r00      [13] 6728 	ld	a,(#_TwoPlayers + 0)
   26CC B7            [ 4] 6729 	or	a, a
   26CD CAr4Dr26      [10] 6730 	jp	Z, 00110$
                           6731 ;src/main.c:1547: cpct_px2byteM0(4, 4), OBJ_W, OBJ_H);
   26D0 21 04 04      [10] 6732 	ld	hl, #0x0404
   26D3 E5            [11] 6733 	push	hl
   26D4 CDr00r00      [17] 6734 	call	_cpct_px2byteM0
   26D7 4D            [ 4] 6735 	ld	c, l
   26D8 06 00         [ 7] 6736 	ld	b, #0x00
                           6737 ;src/main.c:1546: cpct_drawSolidBox(cpctm_screenPtr(CPCT_VMEM_START, spr[1].x, 125), 
   26DA 21r4Br00      [10] 6738 	ld	hl, #(_spr + 0x0011) + 0
   26DD 5E            [ 7] 6739 	ld	e, (hl)
   26DE 21 B0 EC      [10] 6740 	ld	hl, #0xecb0
   26E1 16 00         [ 7] 6741 	ld	d, #0x00
   26E3 19            [11] 6742 	add	hl, de
   26E4 11 04 08      [10] 6743 	ld	de, #0x0804
   26E7 D5            [11] 6744 	push	de
   26E8 C5            [11] 6745 	push	bc
   26E9 E5            [11] 6746 	push	hl
   26EA CDr00r00      [17] 6747 	call	_cpct_drawSolidBox
   26ED C3r4Dr26      [10] 6748 	jp	00110$
   26F0                    6749 00112$:
                           6750 ;src/main.c:1551: spr[0].x = 23;
   26F0 21r3Cr00      [10] 6751 	ld	hl, #(_spr + 0x0002)
   26F3 36 17         [10] 6752 	ld	(hl), #0x17
                           6753 ;src/main.c:1553: cpct_getScreenPtr(CPCT_VMEM_START, spr[0].x, spr[0].y), SPR_W, SPR_H, g_maskTable);
   26F5 21r3Dr00      [10] 6754 	ld	hl, #(_spr + 0x0003) + 0
   26F8 46            [ 7] 6755 	ld	b, (hl)
   26F9 21r3Cr00      [10] 6756 	ld	hl, #(_spr + 0x0002) + 0
   26FC 4E            [ 7] 6757 	ld	c, (hl)
   26FD C5            [11] 6758 	push	bc
   26FE 21 00 C0      [10] 6759 	ld	hl, #0xc000
   2701 E5            [11] 6760 	push	hl
   2702 CDr00r00      [17] 6761 	call	_cpct_getScreenPtr
                           6762 ;src/main.c:1552: cpct_drawSpriteMaskedAlignedTable(g_sorcerer1_06, 
   2705 01r00r01      [10] 6763 	ld	bc, #_g_maskTable
   2708 C5            [11] 6764 	push	bc
   2709 01 05 0C      [10] 6765 	ld	bc, #0x0c05
   270C C5            [11] 6766 	push	bc
   270D E5            [11] 6767 	push	hl
   270E 21r00r00      [10] 6768 	ld	hl, #_g_sorcerer1_06
   2711 E5            [11] 6769 	push	hl
   2712 CDr00r00      [17] 6770 	call	_cpct_drawSpriteMaskedAlignedTable
                           6771 ;src/main.c:1554: spr[1].x = 53;
   2715 21r4Br00      [10] 6772 	ld	hl, #(_spr + 0x0011)
   2718 36 35         [10] 6773 	ld	(hl), #0x35
                           6774 ;src/main.c:1556: if (TwoPlayers) {
   271A 3Ar04r00      [13] 6775 	ld	a,(#_TwoPlayers + 0)
   271D B7            [ 4] 6776 	or	a, a
   271E 28 20         [12] 6777 	jr	Z,00114$
                           6778 ;src/main.c:1558: cpct_getScreenPtr(CPCT_VMEM_START, spr[1].x, spr[1].y), SPR_W, SPR_H, g_maskTable);
   2720 21r4Cr00      [10] 6779 	ld	hl, #(_spr + 0x0012) + 0
   2723 46            [ 7] 6780 	ld	b, (hl)
   2724 21r4Br00      [10] 6781 	ld	hl, #(_spr + 0x0011) + 0
   2727 4E            [ 7] 6782 	ld	c, (hl)
   2728 C5            [11] 6783 	push	bc
   2729 21 00 C0      [10] 6784 	ld	hl, #0xc000
   272C E5            [11] 6785 	push	hl
   272D CDr00r00      [17] 6786 	call	_cpct_getScreenPtr
                           6787 ;src/main.c:1557: cpct_drawSpriteMaskedAlignedTable(g_sorcerer2_04, 
   2730 01r00r00      [10] 6788 	ld	bc, #_g_sorcerer2_04+0
   2733 11r00r01      [10] 6789 	ld	de, #_g_maskTable
   2736 D5            [11] 6790 	push	de
   2737 11 05 0C      [10] 6791 	ld	de, #0x0c05
   273A D5            [11] 6792 	push	de
   273B E5            [11] 6793 	push	hl
   273C C5            [11] 6794 	push	bc
   273D CDr00r00      [17] 6795 	call	_cpct_drawSpriteMaskedAlignedTable
   2740                    6796 00114$:
                           6797 ;src/main.c:1562: if (potScore[0] > potScore[1]) {
   2740 21r0Br00      [10] 6798 	ld	hl, #_potScore+0
   2743 4E            [ 7] 6799 	ld	c, (hl)
   2744 23            [ 6] 6800 	inc	hl
   2745 5E            [ 7] 6801 	ld	e, (hl)
   2746 7B            [ 4] 6802 	ld	a, e
   2747 91            [ 4] 6803 	sub	a, c
   2748 D2rC8r27      [10] 6804 	jp	NC, 00126$
                           6805 ;src/main.c:1563: loser = 1;
   274B DD 36 FD 01   [19] 6806 	ld	-3 (ix), #0x01
                           6807 ;src/main.c:1564: ExplodePlayerInDuel(loser);
   274F 2E 01         [ 7] 6808 	ld	l, #0x01
   2751 CDrBDr24      [17] 6809 	call	_ExplodePlayerInDuel
                           6810 ;src/main.c:1509: cpct_getScreenPtr(CPCT_VMEM_START, spr[1].x, spr[1].y), SPR_W, SPR_H, g_maskTable);
   2754 21r4Cr00      [10] 6811 	ld	hl, #(_spr + 0x0012) + 0
   2757 4E            [ 7] 6812 	ld	c, (hl)
   2758 21r4Br00      [10] 6813 	ld	hl, #(_spr + 0x0011) + 0
   275B 5E            [ 7] 6814 	ld	e, (hl)
                           6815 ;src/main.c:1565: if (TwoPlayers) {
   275C 3Ar04r00      [13] 6816 	ld	a,(#_TwoPlayers + 0)
   275F B7            [ 4] 6817 	or	a, a
   2760 28 39         [12] 6818 	jr	Z,00118$
                           6819 ;src/main.c:1568: cpct_getScreenPtr(CPCT_VMEM_START, spr[1].x, spr[1].y), SPR_W, SPR_H, g_maskTable);
   2762 51            [ 4] 6820 	ld	d, c
   2763 D5            [11] 6821 	push	de
   2764 21 00 C0      [10] 6822 	ld	hl, #0xc000
   2767 E5            [11] 6823 	push	hl
   2768 CDr00r00      [17] 6824 	call	_cpct_getScreenPtr
                           6825 ;src/main.c:1567: cpct_drawSpriteMaskedAlignedTable(g_sorcerer2_09, 
   276B 01r00r00      [10] 6826 	ld	bc, #_g_sorcerer2_09+0
   276E 11r00r01      [10] 6827 	ld	de, #_g_maskTable
   2771 D5            [11] 6828 	push	de
   2772 11 05 0C      [10] 6829 	ld	de, #0x0c05
   2775 D5            [11] 6830 	push	de
   2776 E5            [11] 6831 	push	hl
   2777 C5            [11] 6832 	push	bc
   2778 CDr00r00      [17] 6833 	call	_cpct_drawSpriteMaskedAlignedTable
                           6834 ;src/main.c:1569: PrintText("PLAYER1", 30, 90, 0);
   277B 21 5A 00      [10] 6835 	ld	hl, #0x005a
   277E E5            [11] 6836 	push	hl
   277F 3E 1E         [ 7] 6837 	ld	a, #0x1e
   2781 F5            [11] 6838 	push	af
   2782 33            [ 6] 6839 	inc	sp
   2783 21rBAr28      [10] 6840 	ld	hl, #___str_29
   2786 E5            [11] 6841 	push	hl
   2787 CDr8Dr03      [17] 6842 	call	_PrintText
   278A F1            [10] 6843 	pop	af
   278B F1            [10] 6844 	pop	af
   278C 33            [ 6] 6845 	inc	sp
                           6846 ;src/main.c:1572: if (spr[0].lives_speed < 9) spr[0].lives_speed++;
   278D 01r45r00      [10] 6847 	ld	bc, #_spr + 11
   2790 0A            [ 7] 6848 	ld	a, (bc)
   2791 FE 09         [ 7] 6849 	cp	a, #0x09
   2793 D2r29r28      [10] 6850 	jp	NC, 00127$
   2796 3C            [ 4] 6851 	inc	a
   2797 02            [ 7] 6852 	ld	(bc), a
   2798 C3r29r28      [10] 6853 	jp	00127$
   279B                    6854 00118$:
                           6855 ;src/main.c:1577: cpct_getScreenPtr(CPCT_VMEM_START, spr[1].x, spr[1].y), SPR_W, SPR_H, g_maskTable);
   279B 51            [ 4] 6856 	ld	d, c
   279C D5            [11] 6857 	push	de
   279D 21 00 C0      [10] 6858 	ld	hl, #0xc000
   27A0 E5            [11] 6859 	push	hl
   27A1 CDr00r00      [17] 6860 	call	_cpct_getScreenPtr
                           6861 ;src/main.c:1576: cpct_drawSpriteMaskedAlignedTable(g_door_1, 
   27A4 01r00r00      [10] 6862 	ld	bc, #_g_door_1+0
   27A7 11r00r01      [10] 6863 	ld	de, #_g_maskTable
   27AA D5            [11] 6864 	push	de
   27AB 11 05 0C      [10] 6865 	ld	de, #0x0c05
   27AE D5            [11] 6866 	push	de
   27AF E5            [11] 6867 	push	hl
   27B0 C5            [11] 6868 	push	bc
   27B1 CDr00r00      [17] 6869 	call	_cpct_drawSpriteMaskedAlignedTable
                           6870 ;src/main.c:1578: PrintText("LEVEL", 33, 90, 0);
   27B4 21 5A 00      [10] 6871 	ld	hl, #0x005a
   27B7 E5            [11] 6872 	push	hl
   27B8 3E 21         [ 7] 6873 	ld	a, #0x21
   27BA F5            [11] 6874 	push	af
   27BB 33            [ 6] 6875 	inc	sp
   27BC 21rC2r28      [10] 6876 	ld	hl, #___str_30
   27BF E5            [11] 6877 	push	hl
   27C0 CDr8Dr03      [17] 6878 	call	_PrintText
   27C3 F1            [10] 6879 	pop	af
   27C4 F1            [10] 6880 	pop	af
   27C5 33            [ 6] 6881 	inc	sp
   27C6 18 61         [12] 6882 	jr	00127$
   27C8                    6883 00126$:
                           6884 ;src/main.c:1582: else if (potScore[0] < potScore[1]) {
   27C8 79            [ 4] 6885 	ld	a, c
   27C9 93            [ 4] 6886 	sub	a, e
   27CA 30 47         [12] 6887 	jr	NC,00123$
                           6888 ;src/main.c:1583: loser = 0;
   27CC DD 36 FD 00   [19] 6889 	ld	-3 (ix), #0x00
                           6890 ;src/main.c:1584: ExplodePlayerInDuel(loser);
   27D0 2E 00         [ 7] 6891 	ld	l, #0x00
   27D2 CDrBDr24      [17] 6892 	call	_ExplodePlayerInDuel
                           6893 ;src/main.c:1587: cpct_getScreenPtr(CPCT_VMEM_START, spr[0].x, spr[0].y), SPR_W, SPR_H, g_maskTable);
   27D5 21r3Dr00      [10] 6894 	ld	hl, #(_spr + 0x0003) + 0
   27D8 56            [ 7] 6895 	ld	d, (hl)
   27D9 21r3Cr00      [10] 6896 	ld	hl, #(_spr + 0x0002) + 0
   27DC 5E            [ 7] 6897 	ld	e, (hl)
   27DD D5            [11] 6898 	push	de
   27DE 21 00 C0      [10] 6899 	ld	hl, #0xc000
   27E1 E5            [11] 6900 	push	hl
   27E2 CDr00r00      [17] 6901 	call	_cpct_getScreenPtr
                           6902 ;src/main.c:1586: cpct_drawSpriteMaskedAlignedTable(g_sorcerer1_09, 
   27E5 01r00r00      [10] 6903 	ld	bc, #_g_sorcerer1_09+0
   27E8 11r00r01      [10] 6904 	ld	de, #_g_maskTable
   27EB D5            [11] 6905 	push	de
   27EC 11 05 0C      [10] 6906 	ld	de, #0x0c05
   27EF D5            [11] 6907 	push	de
   27F0 E5            [11] 6908 	push	hl
   27F1 C5            [11] 6909 	push	bc
   27F2 CDr00r00      [17] 6910 	call	_cpct_drawSpriteMaskedAlignedTable
                           6911 ;src/main.c:1588: PrintText("PLAYER2", 30, 90, 0);
   27F5 21 5A 00      [10] 6912 	ld	hl, #0x005a
   27F8 E5            [11] 6913 	push	hl
   27F9 3E 1E         [ 7] 6914 	ld	a, #0x1e
   27FB F5            [11] 6915 	push	af
   27FC 33            [ 6] 6916 	inc	sp
   27FD 21rC8r28      [10] 6917 	ld	hl, #___str_31
   2800 E5            [11] 6918 	push	hl
   2801 CDr8Dr03      [17] 6919 	call	_PrintText
   2804 F1            [10] 6920 	pop	af
   2805 F1            [10] 6921 	pop	af
   2806 33            [ 6] 6922 	inc	sp
                           6923 ;src/main.c:1591: if (spr[1].lives_speed < 9) spr[1].lives_speed++;
   2807 01r54r00      [10] 6924 	ld	bc, #_spr + 26
   280A 0A            [ 7] 6925 	ld	a, (bc)
   280B FE 09         [ 7] 6926 	cp	a, #0x09
   280D 30 1A         [12] 6927 	jr	NC,00127$
   280F 3C            [ 4] 6928 	inc	a
   2810 02            [ 7] 6929 	ld	(bc), a
   2811 18 16         [12] 6930 	jr	00127$
   2813                    6931 00123$:
                           6932 ;src/main.c:1595: PrintText("NOBODY", 32, 90, 0);
   2813 01rD0r28      [10] 6933 	ld	bc, #___str_32
   2816 21 5A 00      [10] 6934 	ld	hl, #0x005a
   2819 E5            [11] 6935 	push	hl
   281A 3E 20         [ 7] 6936 	ld	a, #0x20
   281C F5            [11] 6937 	push	af
   281D 33            [ 6] 6938 	inc	sp
   281E C5            [11] 6939 	push	bc
   281F CDr8Dr03      [17] 6940 	call	_PrintText
   2822 F1            [10] 6941 	pop	af
   2823 F1            [10] 6942 	pop	af
   2824 33            [ 6] 6943 	inc	sp
                           6944 ;src/main.c:1596: loser = 2;
   2825 DD 36 FD 02   [19] 6945 	ld	-3 (ix), #0x02
   2829                    6946 00127$:
                           6947 ;src/main.c:1598: if (TwoPlayers)
   2829 3Ar04r00      [13] 6948 	ld	a,(#_TwoPlayers + 0)
   282C B7            [ 4] 6949 	or	a, a
   282D 28 14         [12] 6950 	jr	Z,00129$
                           6951 ;src/main.c:1599: PrintText("WINS>", 33, 101, 0);
   282F 21 65 00      [10] 6952 	ld	hl, #0x0065
   2832 E5            [11] 6953 	push	hl
   2833 3E 21         [ 7] 6954 	ld	a, #0x21
   2835 F5            [11] 6955 	push	af
   2836 33            [ 6] 6956 	inc	sp
   2837 21rD7r28      [10] 6957 	ld	hl, #___str_33
   283A E5            [11] 6958 	push	hl
   283B CDr8Dr03      [17] 6959 	call	_PrintText
   283E F1            [10] 6960 	pop	af
   283F F1            [10] 6961 	pop	af
   2840 33            [ 6] 6962 	inc	sp
   2841 18 12         [12] 6963 	jr	00130$
   2843                    6964 00129$:
                           6965 ;src/main.c:1601: PrintText("COMPLETED", 27, 101, 0);	
   2843 21 65 00      [10] 6966 	ld	hl, #0x0065
   2846 E5            [11] 6967 	push	hl
   2847 3E 1B         [ 7] 6968 	ld	a, #0x1b
   2849 F5            [11] 6969 	push	af
   284A 33            [ 6] 6970 	inc	sp
   284B 21rDDr28      [10] 6971 	ld	hl, #___str_34
   284E E5            [11] 6972 	push	hl
   284F CDr8Dr03      [17] 6973 	call	_PrintText
   2852 F1            [10] 6974 	pop	af
   2853 F1            [10] 6975 	pop	af
   2854 33            [ 6] 6976 	inc	sp
   2855                    6977 00130$:
                           6978 ;src/main.c:1603: cpct_akp_musicInit(g_completed); // level completed music
   2855 21r00r00      [10] 6979 	ld	hl, #_g_completed
   2858 E5            [11] 6980 	push	hl
   2859 CDr00r00      [17] 6981 	call	_cpct_akp_musicInit
   285C F1            [10] 6982 	pop	af
                           6983 ;src/main.c:1604: Pause(1000);
   285D 21 E8 03      [10] 6984 	ld	hl, #0x03e8
   2860 CDrFEr01      [17] 6985 	call	_Pause
                           6986 ;src/main.c:1606: if (loser < 2) // if there is no tie
   2863 DD 7E FD      [19] 6987 	ld	a, -3 (ix)
   2866 D6 02         [ 7] 6988 	sub	a, #0x02
   2868 3E 00         [ 7] 6989 	ld	a, #0x00
   286A 17            [ 4] 6990 	rla
   286B DD 77 FE      [19] 6991 	ld	-2 (ix), a
   286E B7            [ 4] 6992 	or	a, a
   286F 28 04         [12] 6993 	jr	Z,00132$
                           6994 ;src/main.c:1607: nMap++; // go to the next screen on the map
   2871 21r00r00      [10] 6995 	ld	hl, #_nMap+0
   2874 34            [11] 6996 	inc	(hl)
   2875                    6997 00132$:
                           6998 ;src/main.c:1609: if (nMap == 12) { // screens are over. End of the game
   2875 3Ar00r00      [13] 6999 	ld	a,(#_nMap + 0)
   2878 D6 0C         [ 7] 7000 	sub	a, #0x0c
   287A 20 12         [12] 7001 	jr	NZ,00137$
                           7002 ;src/main.c:1610: if (loser == 0)		
   287C DD 7E FD      [19] 7003 	ld	a, -3 (ix)
   287F B7            [ 4] 7004 	or	a, a
   2880 20 07         [12] 7005 	jr	NZ,00134$
                           7006 ;src/main.c:1611: PrintEndGame(1); // player 2 wins
   2882 2E 01         [ 7] 7007 	ld	l, #0x01
   2884 CDr4Ar07      [17] 7008 	call	_PrintEndGame
   2887 18 05         [12] 7009 	jr	00137$
   2889                    7010 00134$:
                           7011 ;src/main.c:1613: PrintEndGame(0); // player 1 wins
   2889 2E 00         [ 7] 7012 	ld	l, #0x00
   288B CDr4Ar07      [17] 7013 	call	_PrintEndGame
   288E                    7014 00137$:
                           7015 ;src/main.c:1617: ResetObjData(0);
   288E 2E 00         [ 7] 7016 	ld	l, #0x00
   2890 CDrE0r0D      [17] 7017 	call	_ResetObjData
                           7018 ;src/main.c:1618: ResetObjData(1);
   2893 2E 01         [ 7] 7019 	ld	l, #0x01
   2895 CDrE0r0D      [17] 7020 	call	_ResetObjData
                           7021 ;src/main.c:1619: InitScoreboard();
   2898 CDr5Cr0B      [17] 7022 	call	_InitScoreboard
                           7023 ;src/main.c:1621: if (loser < 2 && TwoPlayers)
   289B DD 7E FE      [19] 7024 	ld	a, -2 (ix)
   289E B7            [ 4] 7025 	or	a, a
   289F 28 11         [12] 7026 	jr	Z,00139$
   28A1 3Ar04r00      [13] 7027 	ld	a,(#_TwoPlayers + 0)
   28A4 B7            [ 4] 7028 	or	a, a
   28A5 28 0B         [12] 7029 	jr	Z,00139$
                           7030 ;src/main.c:1622: GameOver(loser); // the player who loses a duel loses a life
   28A7 DD 7E FD      [19] 7031 	ld	a, -3 (ix)
   28AA F5            [11] 7032 	push	af
   28AB 33            [ 6] 7033 	inc	sp
   28AC CDrE5r42      [17] 7034 	call	_GameOver
   28AF 33            [ 6] 7035 	inc	sp
   28B0 18 03         [12] 7036 	jr	00142$
   28B2                    7037 00139$:
                           7038 ;src/main.c:1624: ResetData();
   28B2 CDr01r42      [17] 7039 	call	_ResetData
   28B5                    7040 00142$:
   28B5 DD F9         [10] 7041 	ld	sp, ix
   28B7 DD E1         [14] 7042 	pop	ix
   28B9 C9            [10] 7043 	ret
   28BA                    7044 ___str_29:
   28BA 50 4C 41 59 45 52  7045 	.ascii "PLAYER1"
        31
   28C1 00                 7046 	.db 0x00
   28C2                    7047 ___str_30:
   28C2 4C 45 56 45 4C     7048 	.ascii "LEVEL"
   28C7 00                 7049 	.db 0x00
   28C8                    7050 ___str_31:
   28C8 50 4C 41 59 45 52  7051 	.ascii "PLAYER2"
        32
   28CF 00                 7052 	.db 0x00
   28D0                    7053 ___str_32:
   28D0 4E 4F 42 4F 44 59  7054 	.ascii "NOBODY"
   28D6 00                 7055 	.db 0x00
   28D7                    7056 ___str_33:
   28D7 57 49 4E 53 3E     7057 	.ascii "WINS>"
   28DC 00                 7058 	.db 0x00
   28DD                    7059 ___str_34:
   28DD 43 4F 4D 50 4C 45  7060 	.ascii "COMPLETED"
        54 45 44
   28E6 00                 7061 	.db 0x00
                           7062 ;src/main.c:1629: void CheckDuel() {
                           7063 ;	---------------------------------
                           7064 ; Function CheckDuel
                           7065 ; ---------------------------------
   28E7                    7066 _CheckDuel::
                           7067 ;src/main.c:1630: if ((spr[0].objNum_mov == 5 || spr[1].objNum_mov == 5) && 
   28E7 3Ar46r00      [13] 7068 	ld	a, (#_spr + 12)
   28EA D6 05         [ 7] 7069 	sub	a, #0x05
   28EC 28 06         [12] 7070 	jr	Z,00105$
   28EE 3Ar55r00      [13] 7071 	ld	a, (#_spr + 27)
   28F1 D6 05         [ 7] 7072 	sub	a, #0x05
   28F3 C0            [11] 7073 	ret	NZ
   28F4                    7074 00105$:
                           7075 ;src/main.c:1631: SpriteCollision(spr[0].x, spr[0].y, &spr[1], 0)) {				
   28F4 21r3Dr00      [10] 7076 	ld	hl, #_spr + 3
   28F7 56            [ 7] 7077 	ld	d, (hl)
   28F8 21r3Cr00      [10] 7078 	ld	hl, #_spr + 2
   28FB 46            [ 7] 7079 	ld	b, (hl)
   28FC AF            [ 4] 7080 	xor	a, a
   28FD F5            [11] 7081 	push	af
   28FE 33            [ 6] 7082 	inc	sp
   28FF 21r49r00      [10] 7083 	ld	hl, #(_spr + 0x000f)
   2902 E5            [11] 7084 	push	hl
   2903 58            [ 4] 7085 	ld	e, b
   2904 D5            [11] 7086 	push	de
   2905 CDrFCr1D      [17] 7087 	call	_SpriteCollision
   2908 F1            [10] 7088 	pop	af
   2909 F1            [10] 7089 	pop	af
   290A 33            [ 6] 7090 	inc	sp
   290B 7D            [ 4] 7091 	ld	a, l
   290C B7            [ 4] 7092 	or	a, a
   290D C8            [11] 7093 	ret	Z
                           7094 ;src/main.c:1633: for(u8 i=0;i<6;i++)
   290E 0E 00         [ 7] 7095 	ld	c, #0x00
   2910                    7096 00107$:
   2910 79            [ 4] 7097 	ld	a, c
   2911 D6 06         [ 7] 7098 	sub	a, #0x06
   2913 30 16         [12] 7099 	jr	NC,00101$
                           7100 ;src/main.c:1634: DeleteSprite(&spr[i]);
   2915 06 00         [ 7] 7101 	ld	b,#0x00
   2917 69            [ 4] 7102 	ld	l, c
   2918 60            [ 4] 7103 	ld	h, b
   2919 29            [11] 7104 	add	hl, hl
   291A 09            [11] 7105 	add	hl, bc
   291B 29            [11] 7106 	add	hl, hl
   291C 09            [11] 7107 	add	hl, bc
   291D 29            [11] 7108 	add	hl, hl
   291E 09            [11] 7109 	add	hl, bc
   291F 11r3Ar00      [10] 7110 	ld	de, #_spr
   2922 19            [11] 7111 	add	hl, de
   2923 C5            [11] 7112 	push	bc
   2924 CDrAFr19      [17] 7113 	call	_DeleteSprite
   2927 C1            [10] 7114 	pop	bc
                           7115 ;src/main.c:1633: for(u8 i=0;i<6;i++)
   2928 0C            [ 4] 7116 	inc	c
   2929 18 E5         [12] 7117 	jr	00107$
   292B                    7118 00101$:
                           7119 ;src/main.c:1635: DeleteObject(0);
   292B 2E 00         [ 7] 7120 	ld	l, #0x00
   292D CDr6Dr0E      [17] 7121 	call	_DeleteObject
                           7122 ;src/main.c:1636: DeleteObject(1);
   2930 2E 01         [ 7] 7123 	ld	l, #0x01
   2932 CDr6Dr0E      [17] 7124 	call	_DeleteObject
                           7125 ;src/main.c:1638: MakeDuel();
   2935 C3r28r25      [10] 7126 	jp  _MakeDuel
                           7127 ;src/main.c:1656: void MakeShot(u8 x, u8 y, u8 dir) {	
                           7128 ;	---------------------------------
                           7129 ; Function MakeShot
                           7130 ; ---------------------------------
   2938                    7131 _MakeShot::
                           7132 ;src/main.c:1657: if (sht.active == FALSE) { // if there is no active shot...
   2938 01rA3r00      [10] 7133 	ld	bc, #_sht+0
   293B 3ArA7r00      [13] 7134 	ld	a, (#(_sht + 0x0004) + 0)
   293E B7            [ 4] 7135 	or	a, a
   293F C0            [11] 7136 	ret	NZ
                           7137 ;src/main.c:1658: sht.active = TRUE; // activate it
   2940 21rA7r00      [10] 7138 	ld	hl, #(_sht + 0x0004)
   2943 36 01         [10] 7139 	ld	(hl), #0x01
                           7140 ;src/main.c:1659: sht.dir = dir; // the direction of the shot is that of the sprite that shoots
   2945 21rA6r00      [10] 7141 	ld	hl, #(_sht + 0x0003)
   2948 FD 21 04 00   [14] 7142 	ld	iy, #4
   294C FD 39         [15] 7143 	add	iy, sp
   294E FD 7E 00      [19] 7144 	ld	a, 0 (iy)
   2951 77            [ 7] 7145 	ld	(hl), a
                           7146 ;src/main.c:1660: sht.y = y + 5; // adjusts to the height of the gun (hand)
   2952 59            [ 4] 7147 	ld	e, c
   2953 50            [ 4] 7148 	ld	d, b
   2954 13            [ 6] 7149 	inc	de
   2955 21 03 00      [10] 7150 	ld	hl, #3+0
   2958 39            [11] 7151 	add	hl, sp
   2959 7E            [ 7] 7152 	ld	a, (hl)
   295A C6 05         [ 7] 7153 	add	a, #0x05
   295C 12            [ 7] 7154 	ld	(de), a
                           7155 ;src/main.c:1662: if (sht.dir == D_right) sht.x = x + SPR_W;
   295D 21 04 00      [10] 7156 	ld	hl, #4+0
   2960 39            [11] 7157 	add	hl, sp
   2961 7E            [ 7] 7158 	ld	a, (hl)
   2962 D6 03         [ 7] 7159 	sub	a, #0x03
   2964 20 0A         [12] 7160 	jr	NZ,00102$
   2966 21 02 00      [10] 7161 	ld	hl, #2+0
   2969 39            [11] 7162 	add	hl, sp
   296A 7E            [ 7] 7163 	ld	a, (hl)
   296B C6 05         [ 7] 7164 	add	a, #0x05
   296D 02            [ 7] 7165 	ld	(bc), a
   296E 18 08         [12] 7166 	jr	00103$
   2970                    7167 00102$:
                           7168 ;src/main.c:1663: else sht.x = x - SHT_W;
   2970 21 02 00      [10] 7169 	ld	hl, #2+0
   2973 39            [11] 7170 	add	hl, sp
   2974 7E            [ 7] 7171 	ld	a, (hl)
   2975 C6 FC         [ 7] 7172 	add	a, #0xfc
   2977 02            [ 7] 7173 	ld	(bc), a
   2978                    7174 00103$:
                           7175 ;src/main.c:1664: cpct_akp_SFXPlay (6, 12, 65, 0, 0, AY_CHANNEL_B); // shot sound
   2978 3E 02         [ 7] 7176 	ld	a, #0x02
   297A F5            [11] 7177 	push	af
   297B 33            [ 6] 7178 	inc	sp
   297C 21 00 00      [10] 7179 	ld	hl, #0x0000
   297F E5            [11] 7180 	push	hl
   2980 2E 41         [ 7] 7181 	ld	l, #0x41
   2982 E5            [11] 7182 	push	hl
   2983 21 06 0C      [10] 7183 	ld	hl, #0x0c06
   2986 E5            [11] 7184 	push	hl
   2987 CDr00r00      [17] 7185 	call	_cpct_akp_SFXPlay
   298A 21 07 00      [10] 7186 	ld	hl, #7
   298D 39            [11] 7187 	add	hl, sp
   298E F9            [ 6] 7188 	ld	sp, hl
   298F C9            [10] 7189 	ret
                           7190 ;src/main.c:1670: void DeleteShot() {
                           7191 ;	---------------------------------
                           7192 ; Function DeleteShot
                           7193 ; ---------------------------------
   2990                    7194 _DeleteShot::
   2990 DD E5         [15] 7195 	push	ix
   2992 DD 21 00 00   [14] 7196 	ld	ix,#0
   2996 DD 39         [15] 7197 	add	ix,sp
   2998 F5            [11] 7198 	push	af
   2999 3B            [ 6] 7199 	dec	sp
                           7200 ;src/main.c:1672: 2 + (sht.px & 1), 2 + (sht.y & 3 ? 1 : 0), 
   299A 21rA4r00      [10] 7201 	ld	hl, #_sht + 1
   299D 4E            [ 7] 7202 	ld	c, (hl)
   299E 79            [ 4] 7203 	ld	a, c
   299F E6 03         [ 7] 7204 	and	a, #0x03
   29A1 28 04         [12] 7205 	jr	Z,00103$
   29A3 16 01         [ 7] 7206 	ld	d, #0x01
   29A5 18 02         [12] 7207 	jr	00104$
   29A7                    7208 00103$:
   29A7 16 00         [ 7] 7209 	ld	d, #0x00
   29A9                    7210 00104$:
   29A9 14            [ 4] 7211 	inc	d
   29AA 14            [ 4] 7212 	inc	d
   29AB 21rA5r00      [10] 7213 	ld	hl, #_sht + 2
   29AE 5E            [ 7] 7214 	ld	e, (hl)
   29AF 7B            [ 4] 7215 	ld	a, e
   29B0 E6 01         [ 7] 7216 	and	a, #0x01
   29B2 C6 02         [ 7] 7217 	add	a, #0x02
   29B4 DD 77 FF      [19] 7218 	ld	-1 (ix), a
                           7219 ;src/main.c:1671: cpct_etm_drawTileBox2x4(sht.px / 2, (sht.y - ORIG_MAP_Y) / 4, 
   29B7 06 00         [ 7] 7220 	ld	b, #0x00
   29B9 79            [ 4] 7221 	ld	a, c
   29BA C6 E0         [ 7] 7222 	add	a, #0xe0
   29BC DD 77 FD      [19] 7223 	ld	-3 (ix), a
   29BF 78            [ 4] 7224 	ld	a, b
   29C0 CE FF         [ 7] 7225 	adc	a, #0xff
   29C2 DD 77 FE      [19] 7226 	ld	-2 (ix), a
   29C5 E1            [10] 7227 	pop	hl
   29C6 E5            [11] 7228 	push	hl
   29C7 DD CB FE 7E   [20] 7229 	bit	7, -2 (ix)
   29CB 28 04         [12] 7230 	jr	Z,00105$
   29CD 21 E3 FF      [10] 7231 	ld	hl, #0xffe3
   29D0 09            [11] 7232 	add	hl, bc
   29D1                    7233 00105$:
   29D1 CB 2C         [ 8] 7234 	sra	h
   29D3 CB 1D         [ 8] 7235 	rr	l
   29D5 CB 2C         [ 8] 7236 	sra	h
   29D7 CB 1D         [ 8] 7237 	rr	l
   29D9 4D            [ 4] 7238 	ld	c, l
   29DA CB 3B         [ 8] 7239 	srl	e
   29DC 21 71 0F      [10] 7240 	ld	hl, #0x0f71
   29DF E5            [11] 7241 	push	hl
   29E0 21 40 C1      [10] 7242 	ld	hl, #0xc140
   29E3 E5            [11] 7243 	push	hl
   29E4 3E 28         [ 7] 7244 	ld	a, #0x28
   29E6 F5            [11] 7245 	push	af
   29E7 33            [ 6] 7246 	inc	sp
   29E8 D5            [11] 7247 	push	de
   29E9 33            [ 6] 7248 	inc	sp
   29EA DD 7E FF      [19] 7249 	ld	a, -1 (ix)
   29ED F5            [11] 7250 	push	af
   29EE 33            [ 6] 7251 	inc	sp
   29EF 51            [ 4] 7252 	ld	d, c
   29F0 D5            [11] 7253 	push	de
   29F1 CDr00r00      [17] 7254 	call	_cpct_etm_drawTileBox2x4
   29F4 DD F9         [10] 7255 	ld	sp, ix
   29F6 DD E1         [14] 7256 	pop	ix
   29F8 C9            [10] 7257 	ret
                           7258 ;src/main.c:1677: void PrintShot(u8* magic) __z88dk_fastcall {
                           7259 ;	---------------------------------
                           7260 ; Function PrintShot
                           7261 ; ---------------------------------
   29F9                    7262 _PrintShot::
                           7263 ;src/main.c:1678: DeleteShot(); // delete the previous shot
   29F9 E5            [11] 7264 	push	hl
   29FA CDr90r29      [17] 7265 	call	_DeleteShot
   29FD C1            [10] 7266 	pop	bc
                           7267 ;src/main.c:1679: if (!sht.active) return; // outside the margins. no need to print
   29FE 3ArA7r00      [13] 7268 	ld	a, (#_sht + 4)
   2A01 B7            [ 4] 7269 	or	a, a
   2A02 C8            [11] 7270 	ret	Z
                           7271 ;src/main.c:1681: SHT_W, SHT_H, g_maskTable);
                           7272 ;src/main.c:1680: cpct_drawSpriteMaskedAlignedTable(magic, cpct_getScreenPtr(CPCT_VMEM_START, sht.x, sht.y), 
   2A03 21rA4r00      [10] 7273 	ld	hl, #_sht + 1
   2A06 56            [ 7] 7274 	ld	d, (hl)
   2A07 3ArA3r00      [13] 7275 	ld	a, (#_sht + 0)
   2A0A C5            [11] 7276 	push	bc
   2A0B 5F            [ 4] 7277 	ld	e, a
   2A0C D5            [11] 7278 	push	de
   2A0D 21 00 C0      [10] 7279 	ld	hl, #0xc000
   2A10 E5            [11] 7280 	push	hl
   2A11 CDr00r00      [17] 7281 	call	_cpct_getScreenPtr
   2A14 C1            [10] 7282 	pop	bc
   2A15 11r00r01      [10] 7283 	ld	de, #_g_maskTable
   2A18 D5            [11] 7284 	push	de
   2A19 11 04 08      [10] 7285 	ld	de, #0x0804
   2A1C D5            [11] 7286 	push	de
   2A1D E5            [11] 7287 	push	hl
   2A1E C5            [11] 7288 	push	bc
   2A1F CDr00r00      [17] 7289 	call	_cpct_drawSpriteMaskedAlignedTable
   2A22 C9            [10] 7290 	ret
                           7291 ;src/main.c:1686: void MoveShot() {
                           7292 ;	---------------------------------
                           7293 ; Function MoveShot
                           7294 ; ---------------------------------
   2A23                    7295 _MoveShot::
                           7296 ;src/main.c:1687: sht.px = sht.x; // save the current X coordinate
   2A23 01rA3r00      [10] 7297 	ld	bc, #_sht+0
   2A26 0A            [ 7] 7298 	ld	a, (bc)
   2A27 32rA5r00      [13] 7299 	ld	(#(_sht + 0x0002)),a
                           7300 ;src/main.c:1689: if (sht.dir == D_right)	sht.x++; else sht.x--;
   2A2A 21rA6r00      [10] 7301 	ld	hl, #_sht + 3
   2A2D 56            [ 7] 7302 	ld	d, (hl)
                           7303 ;src/main.c:1687: sht.px = sht.x; // save the current X coordinate
   2A2E 0A            [ 7] 7304 	ld	a, (bc)
   2A2F 5F            [ 4] 7305 	ld	e, a
                           7306 ;src/main.c:1689: if (sht.dir == D_right)	sht.x++; else sht.x--;
   2A30 7A            [ 4] 7307 	ld	a, d
   2A31 D6 03         [ 7] 7308 	sub	a, #0x03
   2A33 20 05         [12] 7309 	jr	NZ,00102$
   2A35 1C            [ 4] 7310 	inc	e
   2A36 7B            [ 4] 7311 	ld	a, e
   2A37 02            [ 7] 7312 	ld	(bc), a
   2A38 18 03         [12] 7313 	jr	00103$
   2A3A                    7314 00102$:
   2A3A 1D            [ 4] 7315 	dec	e
   2A3B 7B            [ 4] 7316 	ld	a, e
   2A3C 02            [ 7] 7317 	ld	(bc), a
   2A3D                    7318 00103$:
                           7319 ;src/main.c:1687: sht.px = sht.x; // save the current X coordinate
   2A3D 0A            [ 7] 7320 	ld	a, (bc)
   2A3E 5F            [ 4] 7321 	ld	e, a
                           7322 ;src/main.c:1691: if (sht.x + SHT_W >= GLOBAL_MAX_X || sht.x <= 0) {
   2A3F 6B            [ 4] 7323 	ld	l, e
   2A40 26 00         [ 7] 7324 	ld	h, #0x00
   2A42 23            [ 6] 7325 	inc	hl
   2A43 23            [ 6] 7326 	inc	hl
   2A44 23            [ 6] 7327 	inc	hl
   2A45 23            [ 6] 7328 	inc	hl
   2A46 7D            [ 4] 7329 	ld	a, l
   2A47 D6 50         [ 7] 7330 	sub	a, #0x50
   2A49 7C            [ 4] 7331 	ld	a, h
   2A4A 17            [ 4] 7332 	rla
   2A4B 3F            [ 4] 7333 	ccf
   2A4C 1F            [ 4] 7334 	rra
   2A4D DE 80         [ 7] 7335 	sbc	a, #0x80
   2A4F 30 03         [12] 7336 	jr	NC,00104$
   2A51 7B            [ 4] 7337 	ld	a, e
   2A52 B7            [ 4] 7338 	or	a, a
   2A53 C0            [11] 7339 	ret	NZ
   2A54                    7340 00104$:
                           7341 ;src/main.c:1692: sht.active = FALSE;
   2A54 21rA7r00      [10] 7342 	ld	hl, #(_sht + 0x0004)
   2A57 36 00         [10] 7343 	ld	(hl), #0x00
                           7344 ;src/main.c:1693: DeleteShot();
   2A59 C3r90r29      [10] 7345 	jp  _DeleteShot
                           7346 ;src/main.c:1710: void PrintWizard(u8 shooting) __z88dk_fastcall {
                           7347 ;	---------------------------------
                           7348 ; Function PrintWizard
                           7349 ; ---------------------------------
   2A5C                    7350 _PrintWizard::
   2A5C 4D            [ 4] 7351 	ld	c, l
                           7352 ;src/main.c:1712: u8 x = 0;
   2A5D 1E 00         [ 7] 7353 	ld	e, #0x00
                           7354 ;src/main.c:1714: if (spr[6].dir == D_left) { // on the right bank facing left
   2A5F 3Ar9Br00      [13] 7355 	ld	a, (#_spr + 97)
                           7356 ;src/main.c:1715: if (shooting) wizard = g_wizard_1;
   2A62 D6 02         [ 7] 7357 	sub	a,#0x02
   2A64 20 0F         [12] 7358 	jr	NZ,00108$
   2A66 B1            [ 4] 7359 	or	a,c
   2A67 28 05         [12] 7360 	jr	Z,00102$
   2A69 01r00r00      [10] 7361 	ld	bc, #_g_wizard_1+0
   2A6C 18 03         [12] 7362 	jr	00103$
   2A6E                    7363 00102$:
                           7364 ;src/main.c:1716: else wizard = g_wizard_0;
   2A6E 01r00r00      [10] 7365 	ld	bc, #_g_wizard_0
   2A71                    7366 00103$:
                           7367 ;src/main.c:1717: x = 75;
   2A71 1E 4B         [ 7] 7368 	ld	e, #0x4b
   2A73 18 0C         [12] 7369 	jr	00109$
   2A75                    7370 00108$:
                           7371 ;src/main.c:1720: if (shooting) wizard = g_wizard_3; 
   2A75 79            [ 4] 7372 	ld	a, c
   2A76 B7            [ 4] 7373 	or	a, a
   2A77 28 05         [12] 7374 	jr	Z,00105$
   2A79 01r00r00      [10] 7375 	ld	bc, #_g_wizard_3
   2A7C 18 03         [12] 7376 	jr	00109$
   2A7E                    7377 00105$:
                           7378 ;src/main.c:1721: else wizard = g_wizard_2;
   2A7E 01r00r00      [10] 7379 	ld	bc, #_g_wizard_2
   2A81                    7380 00109$:
                           7381 ;src/main.c:1725: SPR_W, SPR_H, g_maskTable); 							
                           7382 ;src/main.c:1724: cpct_drawSpriteMaskedAlignedTable(wizard, cpct_getScreenPtr(CPCT_VMEM_START, x, spr[6].y), 
   2A81 21r97r00      [10] 7383 	ld	hl, #_spr + 93
   2A84 56            [ 7] 7384 	ld	d, (hl)
   2A85 C5            [11] 7385 	push	bc
   2A86 D5            [11] 7386 	push	de
   2A87 21 00 C0      [10] 7387 	ld	hl, #0xc000
   2A8A E5            [11] 7388 	push	hl
   2A8B CDr00r00      [17] 7389 	call	_cpct_getScreenPtr
   2A8E C1            [10] 7390 	pop	bc
   2A8F 11r00r01      [10] 7391 	ld	de, #_g_maskTable
   2A92 D5            [11] 7392 	push	de
   2A93 11 05 0C      [10] 7393 	ld	de, #0x0c05
   2A96 D5            [11] 7394 	push	de
   2A97 E5            [11] 7395 	push	hl
   2A98 C5            [11] 7396 	push	bc
   2A99 CDr00r00      [17] 7397 	call	_cpct_drawSpriteMaskedAlignedTable
   2A9C C9            [10] 7398 	ret
                           7399 ;src/main.c:1730: void WizardAnim() {
                           7400 ;	---------------------------------
                           7401 ; Function WizardAnim
                           7402 ; ---------------------------------
   2A9D                    7403 _WizardAnim::
                           7404 ;src/main.c:1731: if (ctWizardAnim > 0) {
   2A9D FD 21r21r00   [14] 7405 	ld	iy, #_ctWizardAnim
   2AA1 FD 7E 00      [19] 7406 	ld	a, 0 (iy)
   2AA4 B7            [ 4] 7407 	or	a, a
   2AA5 C8            [11] 7408 	ret	Z
                           7409 ;src/main.c:1732: switch(ctWizardAnim++) {			
   2AA6 FD 4E 00      [19] 7410 	ld	c, 0 (iy)
   2AA9 FD 34 00      [23] 7411 	inc	0 (iy)
   2AAC 79            [ 4] 7412 	ld	a, c
   2AAD 3D            [ 4] 7413 	dec	a
   2AAE 28 39         [12] 7414 	jr	Z,00102$
   2AB0 79            [ 4] 7415 	ld	a,c
   2AB1 FE 02         [ 7] 7416 	cp	a,#0x02
   2AB3 28 41         [12] 7417 	jr	Z,00104$
   2AB5 FE 03         [ 7] 7418 	cp	a,#0x03
   2AB7 28 4B         [12] 7419 	jr	Z,00106$
   2AB9 FE 04         [ 7] 7420 	cp	a,#0x04
   2ABB 28 5A         [12] 7421 	jr	Z,00107$
   2ABD FE 05         [ 7] 7422 	cp	a,#0x05
   2ABF 28 61         [12] 7423 	jr	Z,00108$
   2AC1 FE 06         [ 7] 7424 	cp	a,#0x06
   2AC3 C8            [11] 7425 	ret	Z
   2AC4 FE 07         [ 7] 7426 	cp	a,#0x07
   2AC6 C8            [11] 7427 	ret	Z
   2AC7 FE 08         [ 7] 7428 	cp	a,#0x08
   2AC9 C8            [11] 7429 	ret	Z
   2ACA FE 09         [ 7] 7430 	cp	a,#0x09
   2ACC C8            [11] 7431 	ret	Z
   2ACD FE 0A         [ 7] 7432 	cp	a,#0x0a
   2ACF C8            [11] 7433 	ret	Z
   2AD0 FE 0B         [ 7] 7434 	cp	a,#0x0b
   2AD2 C8            [11] 7435 	ret	Z
   2AD3 FE 0C         [ 7] 7436 	cp	a,#0x0c
   2AD5 28 63         [12] 7437 	jr	Z,00115$
   2AD7 FE 1D         [ 7] 7438 	cp	a,#0x1d
   2AD9 28 0E         [12] 7439 	jr	Z,00102$
   2ADB FE 1E         [ 7] 7440 	cp	a,#0x1e
   2ADD 28 17         [12] 7441 	jr	Z,00104$
   2ADF FE 1F         [ 7] 7442 	cp	a,#0x1f
   2AE1 28 21         [12] 7443 	jr	Z,00106$
   2AE3 D6 20         [ 7] 7444 	sub	a, #0x20
   2AE5 28 5E         [12] 7445 	jr	Z,00116$
   2AE7 18 68         [12] 7446 	jr	00117$
                           7447 ;src/main.c:1735: case 29:	{ PrintExplosion(&spr[6], 0); break; }
   2AE9                    7448 00102$:
   2AE9 AF            [ 4] 7449 	xor	a, a
   2AEA F5            [11] 7450 	push	af
   2AEB 33            [ 6] 7451 	inc	sp
   2AEC 21r94r00      [10] 7452 	ld	hl, #(_spr + 0x005a)
   2AEF E5            [11] 7453 	push	hl
   2AF0 CDrDAr1C      [17] 7454 	call	_PrintExplosion
   2AF3 F1            [10] 7455 	pop	af
   2AF4 33            [ 6] 7456 	inc	sp
   2AF5 C9            [10] 7457 	ret
                           7458 ;src/main.c:1737: case 30:	{ PrintExplosion(&spr[6], 1); break; }
   2AF6                    7459 00104$:
   2AF6 3E 01         [ 7] 7460 	ld	a, #0x01
   2AF8 F5            [11] 7461 	push	af
   2AF9 33            [ 6] 7462 	inc	sp
   2AFA 21r94r00      [10] 7463 	ld	hl, #(_spr + 0x005a)
   2AFD E5            [11] 7464 	push	hl
   2AFE CDrDAr1C      [17] 7465 	call	_PrintExplosion
   2B01 F1            [10] 7466 	pop	af
   2B02 33            [ 6] 7467 	inc	sp
   2B03 C9            [10] 7468 	ret
                           7469 ;src/main.c:1739: case 31:	{ DeleteSprite(&spr[6]); PrintExplosion(&spr[6], 0); break; }						
   2B04                    7470 00106$:
   2B04 21r94r00      [10] 7471 	ld	hl, #(_spr + 0x005a)
   2B07 CDrAFr19      [17] 7472 	call	_DeleteSprite
   2B0A AF            [ 4] 7473 	xor	a, a
   2B0B F5            [11] 7474 	push	af
   2B0C 33            [ 6] 7475 	inc	sp
   2B0D 21r94r00      [10] 7476 	ld	hl, #(_spr + 0x005a)
   2B10 E5            [11] 7477 	push	hl
   2B11 CDrDAr1C      [17] 7478 	call	_PrintExplosion
   2B14 F1            [10] 7479 	pop	af
   2B15 33            [ 6] 7480 	inc	sp
   2B16 C9            [10] 7481 	ret
                           7482 ;src/main.c:1741: case 4:		{ DeleteSprite(&spr[6]); PrintWizard(TRUE); break; }		
   2B17                    7483 00107$:
   2B17 21r94r00      [10] 7484 	ld	hl, #(_spr + 0x005a)
   2B1A CDrAFr19      [17] 7485 	call	_DeleteSprite
   2B1D 2E 01         [ 7] 7486 	ld	l, #0x01
   2B1F C3r5Cr2A      [10] 7487 	jp  _PrintWizard
                           7488 ;src/main.c:1743: case 5:		{ MakeShot(spr[6].x, spr[6].y-3, spr[6].dir); break; }			
   2B22                    7489 00108$:
   2B22 21r9Br00      [10] 7490 	ld	hl, #_spr + 97
   2B25 56            [ 7] 7491 	ld	d, (hl)
   2B26 3Ar97r00      [13] 7492 	ld	a, (#_spr + 93)
   2B29 C6 FD         [ 7] 7493 	add	a, #0xfd
   2B2B 4F            [ 4] 7494 	ld	c, a
   2B2C 21r96r00      [10] 7495 	ld	hl, #_spr + 92
   2B2F 46            [ 7] 7496 	ld	b, (hl)
   2B30 59            [ 4] 7497 	ld	e, c
   2B31 D5            [11] 7498 	push	de
   2B32 C5            [11] 7499 	push	bc
   2B33 33            [ 6] 7500 	inc	sp
   2B34 CDr38r29      [17] 7501 	call	_MakeShot
   2B37 F1            [10] 7502 	pop	af
   2B38 33            [ 6] 7503 	inc	sp
   2B39 C9            [10] 7504 	ret
                           7505 ;src/main.c:1752: case 12:    { DeleteSprite(&spr[6]); PrintWizard(FALSE); break;}
   2B3A                    7506 00115$:
   2B3A 21r94r00      [10] 7507 	ld	hl, #(_spr + 0x005a)
   2B3D CDrAFr19      [17] 7508 	call	_DeleteSprite
   2B40 2E 00         [ 7] 7509 	ld	l, #0x00
   2B42 C3r5Cr2A      [10] 7510 	jp  _PrintWizard
                           7511 ;src/main.c:1754: case 32:    { DeleteSprite(&spr[6]); ctWizardAnim = 0; return; }
   2B45                    7512 00116$:
   2B45 21r94r00      [10] 7513 	ld	hl, #(_spr + 0x005a)
   2B48 CDrAFr19      [17] 7514 	call	_DeleteSprite
   2B4B 21r21r00      [10] 7515 	ld	hl,#_ctWizardAnim + 0
   2B4E 36 00         [10] 7516 	ld	(hl), #0x00
   2B50 C9            [10] 7517 	ret
                           7518 ;src/main.c:1756: default:	{ PrintWizard(FALSE); break;	}			
   2B51                    7519 00117$:
   2B51 2E 00         [ 7] 7520 	ld	l, #0x00
                           7521 ;src/main.c:1757: }		
   2B53 C3r5Cr2A      [10] 7522 	jp  _PrintWizard
                           7523 ;src/main.c:1763: void MakeWizardAnim(u8 player) __z88dk_fastcall {
                           7524 ;	---------------------------------
                           7525 ; Function MakeWizardAnim
                           7526 ; ---------------------------------
   2B56                    7527 _MakeWizardAnim::
   2B56 4D            [ 4] 7528 	ld	c, l
                           7529 ;src/main.c:1764: if (ctInactivity[player]++ == 80 && !sht.active) {	
   2B57 11r1Dr00      [10] 7530 	ld	de, #_ctInactivity+0
   2B5A 69            [ 4] 7531 	ld	l,c
   2B5B 26 00         [ 7] 7532 	ld	h,#0x00
   2B5D 19            [11] 7533 	add	hl, de
   2B5E 46            [ 7] 7534 	ld	b, (hl)
   2B5F 58            [ 4] 7535 	ld	e, b
   2B60 1C            [ 4] 7536 	inc	e
   2B61 73            [ 7] 7537 	ld	(hl), e
   2B62 78            [ 4] 7538 	ld	a, b
   2B63 D6 50         [ 7] 7539 	sub	a, #0x50
   2B65 C0            [11] 7540 	ret	NZ
   2B66 3ArA7r00      [13] 7541 	ld	a, (#(_sht + 0x0004) + 0)
   2B69 B7            [ 4] 7542 	or	a, a
   2B6A C0            [11] 7543 	ret	NZ
                           7544 ;src/main.c:1765: spr[6].y = spr[6].py = spr[player].y;
   2B6B 11r3Ar00      [10] 7545 	ld	de, #_spr+0
   2B6E 06 00         [ 7] 7546 	ld	b,#0x00
   2B70 69            [ 4] 7547 	ld	l, c
   2B71 60            [ 4] 7548 	ld	h, b
   2B72 29            [11] 7549 	add	hl, hl
   2B73 09            [11] 7550 	add	hl, bc
   2B74 29            [11] 7551 	add	hl, hl
   2B75 09            [11] 7552 	add	hl, bc
   2B76 29            [11] 7553 	add	hl, hl
   2B77 09            [11] 7554 	add	hl, bc
   2B78 19            [11] 7555 	add	hl,de
   2B79 4D            [ 4] 7556 	ld	c,l
   2B7A 44            [ 4] 7557 	ld	b,h
   2B7B 23            [ 6] 7558 	inc	hl
   2B7C 23            [ 6] 7559 	inc	hl
   2B7D 23            [ 6] 7560 	inc	hl
   2B7E 7E            [ 7] 7561 	ld	a, (hl)
   2B7F 32r99r00      [13] 7562 	ld	(#(_spr + 0x005f)),a
   2B82 32r97r00      [13] 7563 	ld	(#(_spr + 0x005d)),a
                           7564 ;src/main.c:1767: if (spr[player].x < 40) {
   2B85 69            [ 4] 7565 	ld	l, c
   2B86 60            [ 4] 7566 	ld	h, b
   2B87 23            [ 6] 7567 	inc	hl
   2B88 23            [ 6] 7568 	inc	hl
   2B89 4E            [ 7] 7569 	ld	c, (hl)
                           7570 ;src/main.c:1768: spr[6].x = spr[6].px = 74;		
   2B8A 21 5E 00      [10] 7571 	ld	hl, #0x005e
   2B8D 19            [11] 7572 	add	hl, de
                           7573 ;src/main.c:1769: spr[6].dir = D_left;
                           7574 ;src/main.c:1767: if (spr[player].x < 40) {
   2B8E 79            [ 4] 7575 	ld	a, c
   2B8F D6 28         [ 7] 7576 	sub	a, #0x28
   2B91 30 0E         [12] 7577 	jr	NC,00102$
                           7578 ;src/main.c:1768: spr[6].x = spr[6].px = 74;		
   2B93 36 4A         [10] 7579 	ld	(hl), #0x4a
   2B95 21r96r00      [10] 7580 	ld	hl, #(_spr + 0x005c)
   2B98 36 4A         [10] 7581 	ld	(hl), #0x4a
                           7582 ;src/main.c:1769: spr[6].dir = D_left;
   2B9A 21r9Br00      [10] 7583 	ld	hl, #(_spr + 0x0061)
   2B9D 36 02         [10] 7584 	ld	(hl), #0x02
   2B9F 18 0C         [12] 7585 	jr	00103$
   2BA1                    7586 00102$:
                           7587 ;src/main.c:1772: spr[6].x = spr[6].px = 1;
   2BA1 36 01         [10] 7588 	ld	(hl), #0x01
   2BA3 21r96r00      [10] 7589 	ld	hl, #(_spr + 0x005c)
   2BA6 36 01         [10] 7590 	ld	(hl), #0x01
                           7591 ;src/main.c:1773: spr[6].dir = D_right;
   2BA8 21r9Br00      [10] 7592 	ld	hl, #(_spr + 0x0061)
   2BAB 36 03         [10] 7593 	ld	(hl), #0x03
   2BAD                    7594 00103$:
                           7595 ;src/main.c:1775: ctWizardAnim++; // makes the wizard shooting animation start
   2BAD 21r21r00      [10] 7596 	ld	hl, #_ctWizardAnim+0
   2BB0 34            [11] 7597 	inc	(hl)
   2BB1 C9            [10] 7598 	ret
                           7599 ;src/main.c:1793: void MoveEnemy(TSpr *pSpr) {
                           7600 ;	---------------------------------
                           7601 ; Function MoveEnemy
                           7602 ; ---------------------------------
   2BB2                    7603 _MoveEnemy::
   2BB2 DD E5         [15] 7604 	push	ix
   2BB4 DD 21 00 00   [14] 7605 	ld	ix,#0
   2BB8 DD 39         [15] 7606 	add	ix,sp
   2BBA 21 F0 FF      [10] 7607 	ld	hl, #-16
   2BBD 39            [11] 7608 	add	hl, sp
   2BBE F9            [ 6] 7609 	ld	sp, hl
                           7610 ;src/main.c:1794: u8 z = 255;	// multipurpose variable
   2BBF DD 36 F0 FF   [19] 7611 	ld	-16 (ix), #0xff
                           7612 ;src/main.c:1795: switch(pSpr->objNum_mov) {
   2BC3 DD 7E 04      [19] 7613 	ld	a, 4 (ix)
   2BC6 DD 77 F1      [19] 7614 	ld	-15 (ix), a
   2BC9 DD 7E 05      [19] 7615 	ld	a, 5 (ix)
   2BCC DD 77 F2      [19] 7616 	ld	-14 (ix), a
   2BCF DD 6E F1      [19] 7617 	ld	l,-15 (ix)
   2BD2 DD 66 F2      [19] 7618 	ld	h,-14 (ix)
   2BD5 11 0C 00      [10] 7619 	ld	de, #0x000c
   2BD8 19            [11] 7620 	add	hl, de
   2BD9 7E            [ 7] 7621 	ld	a, (hl)
   2BDA DD 77 F5      [19] 7622 	ld	-11 (ix), a
                           7623 ;src/main.c:1798: if (pSpr->dir == D_right) {
   2BDD DD 7E F1      [19] 7624 	ld	a, -15 (ix)
   2BE0 C6 07         [ 7] 7625 	add	a, #0x07
   2BE2 DD 77 F3      [19] 7626 	ld	-13 (ix), a
   2BE5 DD 7E F2      [19] 7627 	ld	a, -14 (ix)
   2BE8 CE 00         [ 7] 7628 	adc	a, #0x00
   2BEA DD 77 F4      [19] 7629 	ld	-12 (ix), a
                           7630 ;src/main.c:1800: if (pSpr->x < pSpr->power_maxV) 
   2BED DD 7E F1      [19] 7631 	ld	a, -15 (ix)
   2BF0 C6 02         [ 7] 7632 	add	a, #0x02
   2BF2 DD 77 F6      [19] 7633 	ld	-10 (ix), a
   2BF5 DD 7E F2      [19] 7634 	ld	a, -14 (ix)
   2BF8 CE 00         [ 7] 7635 	adc	a, #0x00
   2BFA DD 77 F7      [19] 7636 	ld	-9 (ix), a
   2BFD DD 7E F1      [19] 7637 	ld	a, -15 (ix)
   2C00 C6 0E         [ 7] 7638 	add	a, #0x0e
   2C02 DD 77 FA      [19] 7639 	ld	-6 (ix), a
   2C05 DD 7E F2      [19] 7640 	ld	a, -14 (ix)
   2C08 CE 00         [ 7] 7641 	adc	a, #0x00
   2C0A DD 77 FB      [19] 7642 	ld	-5 (ix), a
                           7643 ;src/main.c:1801: pSpr->x = pSpr->x + pSpr->lives_speed;
   2C0D DD 7E F1      [19] 7644 	ld	a, -15 (ix)
   2C10 C6 0B         [ 7] 7645 	add	a, #0x0b
   2C12 DD 77 F8      [19] 7646 	ld	-8 (ix), a
   2C15 DD 7E F2      [19] 7647 	ld	a, -14 (ix)
   2C18 CE 00         [ 7] 7648 	adc	a, #0x00
   2C1A DD 77 F9      [19] 7649 	ld	-7 (ix), a
                           7650 ;src/main.c:1807: if (pSpr->x > pSpr->print_minV)  
   2C1D DD 7E F1      [19] 7651 	ld	a, -15 (ix)
   2C20 C6 0D         [ 7] 7652 	add	a, #0x0d
   2C22 DD 77 FC      [19] 7653 	ld	-4 (ix), a
   2C25 DD 7E F2      [19] 7654 	ld	a, -14 (ix)
   2C28 CE 00         [ 7] 7655 	adc	a, #0x00
   2C2A DD 77 FD      [19] 7656 	ld	-3 (ix), a
                           7657 ;src/main.c:1814: if (pSpr->y > (spr[0].y - SHT_H) && pSpr->y < (spr[0].y + SHT_H)) z = 0; // P1
   2C2D DD 7E F1      [19] 7658 	ld	a, -15 (ix)
   2C30 C6 03         [ 7] 7659 	add	a, #0x03
   2C32 DD 77 FE      [19] 7660 	ld	-2 (ix), a
   2C35 DD 7E F2      [19] 7661 	ld	a, -14 (ix)
   2C38 CE 00         [ 7] 7662 	adc	a, #0x00
   2C3A DD 77 FF      [19] 7663 	ld	-1 (ix), a
                           7664 ;src/main.c:1795: switch(pSpr->objNum_mov) {
   2C3D DD 7E F5      [19] 7665 	ld	a, -11 (ix)
   2C40 B7            [ 4] 7666 	or	a, a
   2C41 28 1A         [12] 7667 	jr	Z,00101$
   2C43 DD 7E F5      [19] 7668 	ld	a, -11 (ix)
   2C46 3D            [ 4] 7669 	dec	a
   2C47 CAr87r2D      [10] 7670 	jp	Z,00125$
   2C4A DD 7E F5      [19] 7671 	ld	a, -11 (ix)
   2C4D D6 02         [ 7] 7672 	sub	a, #0x02
   2C4F CArECr2D      [10] 7673 	jp	Z,00135$
   2C52 DD 7E F5      [19] 7674 	ld	a, -11 (ix)
   2C55 D6 03         [ 7] 7675 	sub	a, #0x03
   2C57 CAr2Br2F      [10] 7676 	jp	Z,00152$
   2C5A C3r3Dr30      [10] 7677 	jp	00168$
                           7678 ;src/main.c:1797: case M_linear_X:
   2C5D                    7679 00101$:
                           7680 ;src/main.c:1798: if (pSpr->dir == D_right) {
   2C5D DD 6E F3      [19] 7681 	ld	l,-13 (ix)
   2C60 DD 66 F4      [19] 7682 	ld	h,-12 (ix)
   2C63 7E            [ 7] 7683 	ld	a, (hl)
                           7684 ;src/main.c:1817: if (spr[z].x > pSpr->x) pSpr->dir = D_right; 
   2C64 DD 6E F6      [19] 7685 	ld	l,-10 (ix)
   2C67 DD 66 F7      [19] 7686 	ld	h,-9 (ix)
   2C6A 4E            [ 7] 7687 	ld	c, (hl)
                           7688 ;src/main.c:1798: if (pSpr->dir == D_right) {
   2C6B D6 03         [ 7] 7689 	sub	a, #0x03
   2C6D 20 27         [12] 7690 	jr	NZ,00109$
                           7691 ;src/main.c:1800: if (pSpr->x < pSpr->power_maxV) 
   2C6F DD 6E FA      [19] 7692 	ld	l,-6 (ix)
   2C72 DD 66 FB      [19] 7693 	ld	h,-5 (ix)
   2C75 46            [ 7] 7694 	ld	b, (hl)
   2C76 79            [ 4] 7695 	ld	a, c
   2C77 90            [ 4] 7696 	sub	a, b
   2C78 30 12         [12] 7697 	jr	NC,00103$
                           7698 ;src/main.c:1801: pSpr->x = pSpr->x + pSpr->lives_speed;
   2C7A DD 6E F8      [19] 7699 	ld	l,-8 (ix)
   2C7D DD 66 F9      [19] 7700 	ld	h,-7 (ix)
   2C80 46            [ 7] 7701 	ld	b, (hl)
   2C81 79            [ 4] 7702 	ld	a, c
   2C82 80            [ 4] 7703 	add	a, b
   2C83 DD 6E F6      [19] 7704 	ld	l,-10 (ix)
   2C86 DD 66 F7      [19] 7705 	ld	h,-9 (ix)
   2C89 77            [ 7] 7706 	ld	(hl), a
   2C8A 18 2E         [12] 7707 	jr	00110$
   2C8C                    7708 00103$:
                           7709 ;src/main.c:1803: pSpr->dir = D_left;
   2C8C DD 6E F3      [19] 7710 	ld	l,-13 (ix)
   2C8F DD 66 F4      [19] 7711 	ld	h,-12 (ix)
   2C92 36 02         [10] 7712 	ld	(hl), #0x02
   2C94 18 24         [12] 7713 	jr	00110$
   2C96                    7714 00109$:
                           7715 ;src/main.c:1807: if (pSpr->x > pSpr->print_minV)  
   2C96 DD 6E FC      [19] 7716 	ld	l,-4 (ix)
   2C99 DD 66 FD      [19] 7717 	ld	h,-3 (ix)
   2C9C 7E            [ 7] 7718 	ld	a, (hl)
   2C9D 91            [ 4] 7719 	sub	a, c
   2C9E 30 12         [12] 7720 	jr	NC,00106$
                           7721 ;src/main.c:1808: pSpr->x = pSpr->x - pSpr->lives_speed;
   2CA0 DD 6E F8      [19] 7722 	ld	l,-8 (ix)
   2CA3 DD 66 F9      [19] 7723 	ld	h,-7 (ix)
   2CA6 46            [ 7] 7724 	ld	b, (hl)
   2CA7 79            [ 4] 7725 	ld	a, c
   2CA8 90            [ 4] 7726 	sub	a, b
   2CA9 DD 6E F6      [19] 7727 	ld	l,-10 (ix)
   2CAC DD 66 F7      [19] 7728 	ld	h,-9 (ix)
   2CAF 77            [ 7] 7729 	ld	(hl), a
   2CB0 18 08         [12] 7730 	jr	00110$
   2CB2                    7731 00106$:
                           7732 ;src/main.c:1810: pSpr->dir = D_right; 
   2CB2 DD 6E F3      [19] 7733 	ld	l,-13 (ix)
   2CB5 DD 66 F4      [19] 7734 	ld	h,-12 (ix)
   2CB8 36 03         [10] 7735 	ld	(hl), #0x03
   2CBA                    7736 00110$:
                           7737 ;src/main.c:1813: if (pSpr->ident == WITCH) {
   2CBA DD 6E F1      [19] 7738 	ld	l,-15 (ix)
   2CBD DD 66 F2      [19] 7739 	ld	h,-14 (ix)
   2CC0 23            [ 6] 7740 	inc	hl
   2CC1 7E            [ 7] 7741 	ld	a, (hl)
   2CC2 D6 06         [ 7] 7742 	sub	a, #0x06
   2CC4 C2r3Dr30      [10] 7743 	jp	NZ,00168$
                           7744 ;src/main.c:1814: if (pSpr->y > (spr[0].y - SHT_H) && pSpr->y < (spr[0].y + SHT_H)) z = 0; // P1
   2CC7 DD 6E FE      [19] 7745 	ld	l,-2 (ix)
   2CCA DD 66 FF      [19] 7746 	ld	h,-1 (ix)
   2CCD 5E            [ 7] 7747 	ld	e, (hl)
   2CCE 21r3Dr00      [10] 7748 	ld	hl, #_spr + 3
   2CD1 4E            [ 7] 7749 	ld	c, (hl)
   2CD2 06 00         [ 7] 7750 	ld	b, #0x00
   2CD4 79            [ 4] 7751 	ld	a, c
   2CD5 C6 F8         [ 7] 7752 	add	a, #0xf8
   2CD7 6F            [ 4] 7753 	ld	l, a
   2CD8 78            [ 4] 7754 	ld	a, b
   2CD9 CE FF         [ 7] 7755 	adc	a, #0xff
   2CDB 67            [ 4] 7756 	ld	h, a
   2CDC 16 00         [ 7] 7757 	ld	d, #0x00
   2CDE 7D            [ 4] 7758 	ld	a, l
   2CDF 93            [ 4] 7759 	sub	a, e
   2CE0 7C            [ 4] 7760 	ld	a, h
   2CE1 9A            [ 4] 7761 	sbc	a, d
   2CE2 E2rE7r2C      [10] 7762 	jp	PO, 00302$
   2CE5 EE 80         [ 7] 7763 	xor	a, #0x80
   2CE7                    7764 00302$:
   2CE7 F2r00r2D      [10] 7765 	jp	P, 00115$
   2CEA 21 08 00      [10] 7766 	ld	hl, #0x0008
   2CED 09            [11] 7767 	add	hl, bc
   2CEE 7B            [ 4] 7768 	ld	a, e
   2CEF 95            [ 4] 7769 	sub	a, l
   2CF0 7A            [ 4] 7770 	ld	a, d
   2CF1 9C            [ 4] 7771 	sbc	a, h
   2CF2 E2rF7r2C      [10] 7772 	jp	PO, 00303$
   2CF5 EE 80         [ 7] 7773 	xor	a, #0x80
   2CF7                    7774 00303$:
   2CF7 F2r00r2D      [10] 7775 	jp	P, 00115$
   2CFA DD 36 F0 00   [19] 7776 	ld	-16 (ix), #0x00
   2CFE 18 2E         [12] 7777 	jr	00116$
   2D00                    7778 00115$:
                           7779 ;src/main.c:1815: else if (pSpr->y > (spr[1].y - SHT_H) && pSpr->y < (spr[1].y + SHT_H)) z = 1; // P2
   2D00 21r4Cr00      [10] 7780 	ld	hl, #_spr + 18
   2D03 4E            [ 7] 7781 	ld	c, (hl)
   2D04 06 00         [ 7] 7782 	ld	b, #0x00
   2D06 79            [ 4] 7783 	ld	a, c
   2D07 C6 F8         [ 7] 7784 	add	a, #0xf8
   2D09 6F            [ 4] 7785 	ld	l, a
   2D0A 78            [ 4] 7786 	ld	a, b
   2D0B CE FF         [ 7] 7787 	adc	a, #0xff
   2D0D 67            [ 4] 7788 	ld	h, a
   2D0E 7D            [ 4] 7789 	ld	a, l
   2D0F 93            [ 4] 7790 	sub	a, e
   2D10 7C            [ 4] 7791 	ld	a, h
   2D11 9A            [ 4] 7792 	sbc	a, d
   2D12 E2r17r2D      [10] 7793 	jp	PO, 00304$
   2D15 EE 80         [ 7] 7794 	xor	a, #0x80
   2D17                    7795 00304$:
   2D17 F2r2Er2D      [10] 7796 	jp	P, 00116$
   2D1A 21 08 00      [10] 7797 	ld	hl, #0x0008
   2D1D 09            [11] 7798 	add	hl, bc
   2D1E 7B            [ 4] 7799 	ld	a, e
   2D1F 95            [ 4] 7800 	sub	a, l
   2D20 7A            [ 4] 7801 	ld	a, d
   2D21 9C            [ 4] 7802 	sbc	a, h
   2D22 E2r27r2D      [10] 7803 	jp	PO, 00305$
   2D25 EE 80         [ 7] 7804 	xor	a, #0x80
   2D27                    7805 00305$:
   2D27 F2r2Er2D      [10] 7806 	jp	P, 00116$
   2D2A DD 36 F0 01   [19] 7807 	ld	-16 (ix), #0x01
   2D2E                    7808 00116$:
                           7809 ;src/main.c:1816: if (z < 255) {
   2D2E DD 7E F0      [19] 7810 	ld	a, -16 (ix)
   2D31 D6 FF         [ 7] 7811 	sub	a, #0xff
   2D33 D2r3Dr30      [10] 7812 	jp	NC, 00168$
                           7813 ;src/main.c:1817: if (spr[z].x > pSpr->x) pSpr->dir = D_right; 
   2D36 DD 4E F0      [19] 7814 	ld	c,-16 (ix)
   2D39 06 00         [ 7] 7815 	ld	b,#0x00
   2D3B 69            [ 4] 7816 	ld	l, c
   2D3C 60            [ 4] 7817 	ld	h, b
   2D3D 29            [11] 7818 	add	hl, hl
   2D3E 09            [11] 7819 	add	hl, bc
   2D3F 29            [11] 7820 	add	hl, hl
   2D40 09            [11] 7821 	add	hl, bc
   2D41 29            [11] 7822 	add	hl, hl
   2D42 09            [11] 7823 	add	hl, bc
   2D43 11r3Ar00      [10] 7824 	ld	de, #_spr
   2D46 19            [11] 7825 	add	hl, de
   2D47 23            [ 6] 7826 	inc	hl
   2D48 23            [ 6] 7827 	inc	hl
   2D49 4E            [ 7] 7828 	ld	c, (hl)
   2D4A DD 6E F6      [19] 7829 	ld	l,-10 (ix)
   2D4D DD 66 F7      [19] 7830 	ld	h,-9 (ix)
   2D50 7E            [ 7] 7831 	ld	a, (hl)
   2D51 91            [ 4] 7832 	sub	a, c
   2D52 30 0A         [12] 7833 	jr	NC,00119$
   2D54 DD 6E F3      [19] 7834 	ld	l,-13 (ix)
   2D57 DD 66 F4      [19] 7835 	ld	h,-12 (ix)
   2D5A 36 03         [10] 7836 	ld	(hl), #0x03
   2D5C 18 08         [12] 7837 	jr	00120$
   2D5E                    7838 00119$:
                           7839 ;src/main.c:1818: else pSpr->dir = D_left;
   2D5E DD 6E F3      [19] 7840 	ld	l,-13 (ix)
   2D61 DD 66 F4      [19] 7841 	ld	h,-12 (ix)
   2D64 36 02         [10] 7842 	ld	(hl), #0x02
   2D66                    7843 00120$:
                           7844 ;src/main.c:1819: MakeShot(pSpr->x, pSpr->y, pSpr->dir);
   2D66 DD 6E F3      [19] 7845 	ld	l,-13 (ix)
   2D69 DD 66 F4      [19] 7846 	ld	h,-12 (ix)
   2D6C 7E            [ 7] 7847 	ld	a, (hl)
   2D6D DD 6E FE      [19] 7848 	ld	l,-2 (ix)
   2D70 DD 66 FF      [19] 7849 	ld	h,-1 (ix)
   2D73 56            [ 7] 7850 	ld	d, (hl)
   2D74 DD 6E F6      [19] 7851 	ld	l,-10 (ix)
   2D77 DD 66 F7      [19] 7852 	ld	h,-9 (ix)
   2D7A 46            [ 7] 7853 	ld	b, (hl)
   2D7B F5            [11] 7854 	push	af
   2D7C 33            [ 6] 7855 	inc	sp
   2D7D 58            [ 4] 7856 	ld	e, b
   2D7E D5            [11] 7857 	push	de
   2D7F CDr38r29      [17] 7858 	call	_MakeShot
   2D82 F1            [10] 7859 	pop	af
   2D83 33            [ 6] 7860 	inc	sp
                           7861 ;src/main.c:1822: break;
   2D84 C3r3Dr30      [10] 7862 	jp	00168$
                           7863 ;src/main.c:1825: case M_linear_Y:
   2D87                    7864 00125$:
                           7865 ;src/main.c:1826: if (pSpr->dir == D_down) {
   2D87 DD 6E F3      [19] 7866 	ld	l,-13 (ix)
   2D8A DD 66 F4      [19] 7867 	ld	h,-12 (ix)
   2D8D 46            [ 7] 7868 	ld	b, (hl)
                           7869 ;src/main.c:1814: if (pSpr->y > (spr[0].y - SHT_H) && pSpr->y < (spr[0].y + SHT_H)) z = 0; // P1
   2D8E DD 6E FE      [19] 7870 	ld	l,-2 (ix)
   2D91 DD 66 FF      [19] 7871 	ld	h,-1 (ix)
   2D94 4E            [ 7] 7872 	ld	c, (hl)
                           7873 ;src/main.c:1826: if (pSpr->dir == D_down) {
   2D95 10 2B         [13] 7874 	djnz	00133$
                           7875 ;src/main.c:1828: if (pSpr->y < pSpr->power_maxV)
   2D97 DD 6E FA      [19] 7876 	ld	l,-6 (ix)
   2D9A DD 66 FB      [19] 7877 	ld	h,-5 (ix)
   2D9D 46            [ 7] 7878 	ld	b, (hl)
   2D9E 79            [ 4] 7879 	ld	a, c
   2D9F 90            [ 4] 7880 	sub	a, b
   2DA0 30 15         [12] 7881 	jr	NC,00127$
                           7882 ;src/main.c:1829: pSpr->y = pSpr->y + (pSpr->lives_speed*2);
   2DA2 DD 6E F8      [19] 7883 	ld	l,-8 (ix)
   2DA5 DD 66 F9      [19] 7884 	ld	h,-7 (ix)
   2DA8 46            [ 7] 7885 	ld	b, (hl)
   2DA9 CB 20         [ 8] 7886 	sla	b
   2DAB 79            [ 4] 7887 	ld	a, c
   2DAC 80            [ 4] 7888 	add	a, b
   2DAD DD 6E FE      [19] 7889 	ld	l,-2 (ix)
   2DB0 DD 66 FF      [19] 7890 	ld	h,-1 (ix)
   2DB3 77            [ 7] 7891 	ld	(hl), a
   2DB4 C3r3Dr30      [10] 7892 	jp	00168$
   2DB7                    7893 00127$:
                           7894 ;src/main.c:1831: pSpr->dir = D_up;
   2DB7 DD 6E F3      [19] 7895 	ld	l,-13 (ix)
   2DBA DD 66 F4      [19] 7896 	ld	h,-12 (ix)
   2DBD 36 00         [10] 7897 	ld	(hl), #0x00
   2DBF C3r3Dr30      [10] 7898 	jp	00168$
   2DC2                    7899 00133$:
                           7900 ;src/main.c:1835: if (pSpr->y > pSpr->print_minV) 
   2DC2 DD 6E FC      [19] 7901 	ld	l,-4 (ix)
   2DC5 DD 66 FD      [19] 7902 	ld	h,-3 (ix)
   2DC8 7E            [ 7] 7903 	ld	a, (hl)
   2DC9 91            [ 4] 7904 	sub	a, c
   2DCA 30 15         [12] 7905 	jr	NC,00130$
                           7906 ;src/main.c:1836: pSpr->y = pSpr->y - (pSpr->lives_speed*2);
   2DCC DD 6E F8      [19] 7907 	ld	l,-8 (ix)
   2DCF DD 66 F9      [19] 7908 	ld	h,-7 (ix)
   2DD2 46            [ 7] 7909 	ld	b, (hl)
   2DD3 CB 20         [ 8] 7910 	sla	b
   2DD5 79            [ 4] 7911 	ld	a, c
   2DD6 90            [ 4] 7912 	sub	a, b
   2DD7 DD 6E FE      [19] 7913 	ld	l,-2 (ix)
   2DDA DD 66 FF      [19] 7914 	ld	h,-1 (ix)
   2DDD 77            [ 7] 7915 	ld	(hl), a
   2DDE C3r3Dr30      [10] 7916 	jp	00168$
   2DE1                    7917 00130$:
                           7918 ;src/main.c:1838: pSpr->dir = D_down; 
   2DE1 DD 6E F3      [19] 7919 	ld	l,-13 (ix)
   2DE4 DD 66 F4      [19] 7920 	ld	h,-12 (ix)
   2DE7 36 01         [10] 7921 	ld	(hl), #0x01
                           7922 ;src/main.c:1840: break;
   2DE9 C3r3Dr30      [10] 7923 	jp	00168$
                           7924 ;src/main.c:1843: case M_linear_XY:		
   2DEC                    7925 00135$:
                           7926 ;src/main.c:1845: if (pSpr->dir == D_up && OnBackground(pSpr->x, pSpr->y - (pSpr->lives_speed*2)-8))
   2DEC DD 6E F3      [19] 7927 	ld	l,-13 (ix)
   2DEF DD 66 F4      [19] 7928 	ld	h,-12 (ix)
   2DF2 7E            [ 7] 7929 	ld	a, (hl)
   2DF3 B7            [ 4] 7930 	or	a, a
   2DF4 20 41         [12] 7931 	jr	NZ,00149$
   2DF6 DD 6E FE      [19] 7932 	ld	l,-2 (ix)
   2DF9 DD 66 FF      [19] 7933 	ld	h,-1 (ix)
   2DFC 4E            [ 7] 7934 	ld	c, (hl)
   2DFD DD 6E F8      [19] 7935 	ld	l,-8 (ix)
   2E00 DD 66 F9      [19] 7936 	ld	h,-7 (ix)
   2E03 46            [ 7] 7937 	ld	b, (hl)
   2E04 CB 20         [ 8] 7938 	sla	b
   2E06 79            [ 4] 7939 	ld	a, c
   2E07 90            [ 4] 7940 	sub	a, b
   2E08 C6 F8         [ 7] 7941 	add	a, #0xf8
   2E0A 57            [ 4] 7942 	ld	d, a
   2E0B DD 6E F6      [19] 7943 	ld	l,-10 (ix)
   2E0E DD 66 F7      [19] 7944 	ld	h,-9 (ix)
   2E11 5E            [ 7] 7945 	ld	e, (hl)
   2E12 D5            [11] 7946 	push	de
   2E13 CDr87r02      [17] 7947 	call	_OnBackground
   2E16 F1            [10] 7948 	pop	af
   2E17 7D            [ 4] 7949 	ld	a, l
   2E18 B7            [ 4] 7950 	or	a, a
   2E19 28 1C         [12] 7951 	jr	Z,00149$
                           7952 ;src/main.c:1846: pSpr->y = pSpr->y - (pSpr->lives_speed*2);			
   2E1B DD 6E FE      [19] 7953 	ld	l,-2 (ix)
   2E1E DD 66 FF      [19] 7954 	ld	h,-1 (ix)
   2E21 4E            [ 7] 7955 	ld	c, (hl)
   2E22 DD 6E F8      [19] 7956 	ld	l,-8 (ix)
   2E25 DD 66 F9      [19] 7957 	ld	h,-7 (ix)
   2E28 46            [ 7] 7958 	ld	b, (hl)
   2E29 CB 20         [ 8] 7959 	sla	b
   2E2B 79            [ 4] 7960 	ld	a, c
   2E2C 90            [ 4] 7961 	sub	a, b
   2E2D DD 6E FE      [19] 7962 	ld	l,-2 (ix)
   2E30 DD 66 FF      [19] 7963 	ld	h,-1 (ix)
   2E33 77            [ 7] 7964 	ld	(hl), a
   2E34 C3r3Dr30      [10] 7965 	jp	00168$
   2E37                    7966 00149$:
                           7967 ;src/main.c:1848: else if (pSpr->dir == D_down && OnBackground(pSpr->x, pSpr->y + (pSpr->lives_speed*2)+2))
   2E37 DD 6E F3      [19] 7968 	ld	l,-13 (ix)
   2E3A DD 66 F4      [19] 7969 	ld	h,-12 (ix)
   2E3D 4E            [ 7] 7970 	ld	c, (hl)
   2E3E 0D            [ 4] 7971 	dec	c
   2E3F 20 40         [12] 7972 	jr	NZ,00145$
   2E41 DD 6E FE      [19] 7973 	ld	l,-2 (ix)
   2E44 DD 66 FF      [19] 7974 	ld	h,-1 (ix)
   2E47 4E            [ 7] 7975 	ld	c, (hl)
   2E48 DD 6E F8      [19] 7976 	ld	l,-8 (ix)
   2E4B DD 66 F9      [19] 7977 	ld	h,-7 (ix)
   2E4E 6E            [ 7] 7978 	ld	l, (hl)
   2E4F CB 25         [ 8] 7979 	sla	l
   2E51 09            [11] 7980 	add	hl, bc
   2E52 55            [ 4] 7981 	ld	d, l
   2E53 14            [ 4] 7982 	inc	d
   2E54 14            [ 4] 7983 	inc	d
   2E55 DD 6E F6      [19] 7984 	ld	l,-10 (ix)
   2E58 DD 66 F7      [19] 7985 	ld	h,-9 (ix)
   2E5B 5E            [ 7] 7986 	ld	e, (hl)
   2E5C D5            [11] 7987 	push	de
   2E5D CDr87r02      [17] 7988 	call	_OnBackground
   2E60 F1            [10] 7989 	pop	af
   2E61 7D            [ 4] 7990 	ld	a, l
   2E62 B7            [ 4] 7991 	or	a, a
   2E63 28 1C         [12] 7992 	jr	Z,00145$
                           7993 ;src/main.c:1849: pSpr->y = pSpr->y + (pSpr->lives_speed*2);
   2E65 DD 6E FE      [19] 7994 	ld	l,-2 (ix)
   2E68 DD 66 FF      [19] 7995 	ld	h,-1 (ix)
   2E6B 4E            [ 7] 7996 	ld	c, (hl)
   2E6C DD 6E F8      [19] 7997 	ld	l,-8 (ix)
   2E6F DD 66 F9      [19] 7998 	ld	h,-7 (ix)
   2E72 46            [ 7] 7999 	ld	b, (hl)
   2E73 CB 20         [ 8] 8000 	sla	b
   2E75 79            [ 4] 8001 	ld	a, c
   2E76 80            [ 4] 8002 	add	a, b
   2E77 DD 6E FE      [19] 8003 	ld	l,-2 (ix)
   2E7A DD 66 FF      [19] 8004 	ld	h,-1 (ix)
   2E7D 77            [ 7] 8005 	ld	(hl), a
   2E7E C3r3Dr30      [10] 8006 	jp	00168$
   2E81                    8007 00145$:
                           8008 ;src/main.c:1851: else if (pSpr->dir == D_left && OnBackground((pSpr->x - pSpr->lives_speed)-3, pSpr->y))
   2E81 DD 6E F3      [19] 8009 	ld	l,-13 (ix)
   2E84 DD 66 F4      [19] 8010 	ld	h,-12 (ix)
   2E87 7E            [ 7] 8011 	ld	a, (hl)
   2E88 D6 02         [ 7] 8012 	sub	a, #0x02
   2E8A 20 3D         [12] 8013 	jr	NZ,00141$
   2E8C DD 6E FE      [19] 8014 	ld	l,-2 (ix)
   2E8F DD 66 FF      [19] 8015 	ld	h,-1 (ix)
   2E92 56            [ 7] 8016 	ld	d, (hl)
   2E93 DD 6E F6      [19] 8017 	ld	l,-10 (ix)
   2E96 DD 66 F7      [19] 8018 	ld	h,-9 (ix)
   2E99 4E            [ 7] 8019 	ld	c, (hl)
   2E9A DD 6E F8      [19] 8020 	ld	l,-8 (ix)
   2E9D DD 66 F9      [19] 8021 	ld	h,-7 (ix)
   2EA0 5E            [ 7] 8022 	ld	e, (hl)
   2EA1 79            [ 4] 8023 	ld	a, c
   2EA2 93            [ 4] 8024 	sub	a, e
   2EA3 C6 FD         [ 7] 8025 	add	a, #0xfd
   2EA5 5F            [ 4] 8026 	ld	e,a
   2EA6 D5            [11] 8027 	push	de
   2EA7 CDr87r02      [17] 8028 	call	_OnBackground
   2EAA F1            [10] 8029 	pop	af
   2EAB 7D            [ 4] 8030 	ld	a, l
   2EAC B7            [ 4] 8031 	or	a, a
   2EAD 28 1A         [12] 8032 	jr	Z,00141$
                           8033 ;src/main.c:1852: pSpr->x = pSpr->x - pSpr->lives_speed;
   2EAF DD 6E F6      [19] 8034 	ld	l,-10 (ix)
   2EB2 DD 66 F7      [19] 8035 	ld	h,-9 (ix)
   2EB5 4E            [ 7] 8036 	ld	c, (hl)
   2EB6 DD 6E F8      [19] 8037 	ld	l,-8 (ix)
   2EB9 DD 66 F9      [19] 8038 	ld	h,-7 (ix)
   2EBC 46            [ 7] 8039 	ld	b, (hl)
   2EBD 79            [ 4] 8040 	ld	a, c
   2EBE 90            [ 4] 8041 	sub	a, b
   2EBF DD 6E F6      [19] 8042 	ld	l,-10 (ix)
   2EC2 DD 66 F7      [19] 8043 	ld	h,-9 (ix)
   2EC5 77            [ 7] 8044 	ld	(hl), a
   2EC6 C3r3Dr30      [10] 8045 	jp	00168$
   2EC9                    8046 00141$:
                           8047 ;src/main.c:1854: else if (pSpr->dir == D_right && OnBackground((pSpr->x + pSpr->lives_speed)+1, pSpr->y))
   2EC9 DD 6E F3      [19] 8048 	ld	l,-13 (ix)
   2ECC DD 66 F4      [19] 8049 	ld	h,-12 (ix)
   2ECF 7E            [ 7] 8050 	ld	a, (hl)
   2ED0 D6 03         [ 7] 8051 	sub	a, #0x03
   2ED2 20 3C         [12] 8052 	jr	NZ,00137$
   2ED4 DD 6E FE      [19] 8053 	ld	l,-2 (ix)
   2ED7 DD 66 FF      [19] 8054 	ld	h,-1 (ix)
   2EDA 56            [ 7] 8055 	ld	d, (hl)
   2EDB DD 6E F6      [19] 8056 	ld	l,-10 (ix)
   2EDE DD 66 F7      [19] 8057 	ld	h,-9 (ix)
   2EE1 4E            [ 7] 8058 	ld	c, (hl)
   2EE2 DD 6E F8      [19] 8059 	ld	l,-8 (ix)
   2EE5 DD 66 F9      [19] 8060 	ld	h,-7 (ix)
   2EE8 6E            [ 7] 8061 	ld	l, (hl)
   2EE9 09            [11] 8062 	add	hl, bc
   2EEA 45            [ 4] 8063 	ld	b, l
   2EEB 04            [ 4] 8064 	inc	b
   2EEC 58            [ 4] 8065 	ld	e, b
   2EED D5            [11] 8066 	push	de
   2EEE CDr87r02      [17] 8067 	call	_OnBackground
   2EF1 F1            [10] 8068 	pop	af
   2EF2 7D            [ 4] 8069 	ld	a, l
   2EF3 B7            [ 4] 8070 	or	a, a
   2EF4 28 1A         [12] 8071 	jr	Z,00137$
                           8072 ;src/main.c:1855: pSpr->x = pSpr->x + pSpr->lives_speed;
   2EF6 DD 6E F6      [19] 8073 	ld	l,-10 (ix)
   2EF9 DD 66 F7      [19] 8074 	ld	h,-9 (ix)
   2EFC 4E            [ 7] 8075 	ld	c, (hl)
   2EFD DD 6E F8      [19] 8076 	ld	l,-8 (ix)
   2F00 DD 66 F9      [19] 8077 	ld	h,-7 (ix)
   2F03 46            [ 7] 8078 	ld	b, (hl)
   2F04 79            [ 4] 8079 	ld	a, c
   2F05 80            [ 4] 8080 	add	a, b
   2F06 DD 6E F6      [19] 8081 	ld	l,-10 (ix)
   2F09 DD 66 F7      [19] 8082 	ld	h,-9 (ix)
   2F0C 77            [ 7] 8083 	ld	(hl), a
   2F0D C3r3Dr30      [10] 8084 	jp	00168$
   2F10                    8085 00137$:
                           8086 ;src/main.c:1857: else pSpr->dir = cpct_getRandom_lcg_u8(0) / 65; // 0-1-2-3			
   2F10 2E 00         [ 7] 8087 	ld	l, #0x00
   2F12 CDr00r00      [17] 8088 	call	_cpct_getRandom_lcg_u8
   2F15 45            [ 4] 8089 	ld	b, l
   2F16 3E 41         [ 7] 8090 	ld	a, #0x41
   2F18 F5            [11] 8091 	push	af
   2F19 33            [ 6] 8092 	inc	sp
   2F1A C5            [11] 8093 	push	bc
   2F1B 33            [ 6] 8094 	inc	sp
   2F1C CDr00r00      [17] 8095 	call	__divuchar
   2F1F F1            [10] 8096 	pop	af
   2F20 4D            [ 4] 8097 	ld	c, l
   2F21 DD 6E F3      [19] 8098 	ld	l,-13 (ix)
   2F24 DD 66 F4      [19] 8099 	ld	h,-12 (ix)
   2F27 71            [ 7] 8100 	ld	(hl), c
                           8101 ;src/main.c:1858: break;
   2F28 C3r3Dr30      [10] 8102 	jp	00168$
                           8103 ;src/main.c:1861: case M_chaser:
   2F2B                    8104 00152$:
                           8105 ;src/main.c:1862: if (ctMainLoop % pSpr->lives_speed == 0) {
   2F2B DD 6E F8      [19] 8106 	ld	l,-8 (ix)
   2F2E DD 66 F9      [19] 8107 	ld	h,-7 (ix)
   2F31 4E            [ 7] 8108 	ld	c, (hl)
   2F32 06 00         [ 7] 8109 	ld	b, #0x00
   2F34 C5            [11] 8110 	push	bc
   2F35 2Ar22r00      [16] 8111 	ld	hl, (_ctMainLoop)
   2F38 E5            [11] 8112 	push	hl
   2F39 CDr00r00      [17] 8113 	call	__modsint
   2F3C F1            [10] 8114 	pop	af
   2F3D F1            [10] 8115 	pop	af
   2F3E 7C            [ 4] 8116 	ld	a, h
                           8117 ;src/main.c:1863: z = 0;
   2F3F B5            [ 4] 8118 	or	a,l
   2F40 C2r3Dr30      [10] 8119 	jp	NZ,00168$
   2F43 4F            [ 4] 8120 	ld	c,a
                           8121 ;src/main.c:1865: if (TwoPlayers)
   2F44 3Ar04r00      [13] 8122 	ld	a,(#_TwoPlayers + 0)
   2F47 B7            [ 4] 8123 	or	a, a
   2F48 CArCEr2F      [10] 8124 	jp	Z, 00154$
                           8125 ;src/main.c:1866: z = Abs(pSpr->x - spr[1].x)*2 + Abs(pSpr->y - spr[1].y) <
   2F4B DD 6E F6      [19] 8126 	ld	l,-10 (ix)
   2F4E DD 66 F7      [19] 8127 	ld	h,-9 (ix)
   2F51 4E            [ 7] 8128 	ld	c, (hl)
   2F52 06 00         [ 7] 8129 	ld	b, #0x00
   2F54 21r4Br00      [10] 8130 	ld	hl, #_spr + 17
   2F57 5E            [ 7] 8131 	ld	e, (hl)
   2F58 16 00         [ 7] 8132 	ld	d, #0x00
   2F5A 79            [ 4] 8133 	ld	a, c
   2F5B 93            [ 4] 8134 	sub	a, e
   2F5C 6F            [ 4] 8135 	ld	l, a
   2F5D 78            [ 4] 8136 	ld	a, b
   2F5E 9A            [ 4] 8137 	sbc	a, d
   2F5F 67            [ 4] 8138 	ld	h, a
   2F60 CDr00r00      [17] 8139 	call	_Abs
   2F63 29            [11] 8140 	add	hl, hl
   2F64 4D            [ 4] 8141 	ld	c, l
   2F65 44            [ 4] 8142 	ld	b, h
   2F66 DD 6E FE      [19] 8143 	ld	l,-2 (ix)
   2F69 DD 66 FF      [19] 8144 	ld	h,-1 (ix)
   2F6C 5E            [ 7] 8145 	ld	e, (hl)
   2F6D 16 00         [ 7] 8146 	ld	d, #0x00
   2F6F 21r4Cr00      [10] 8147 	ld	hl, #_spr + 18
   2F72 6E            [ 7] 8148 	ld	l, (hl)
   2F73 26 00         [ 7] 8149 	ld	h, #0x00
   2F75 7B            [ 4] 8150 	ld	a, e
   2F76 95            [ 4] 8151 	sub	a, l
   2F77 6F            [ 4] 8152 	ld	l, a
   2F78 7A            [ 4] 8153 	ld	a, d
   2F79 9C            [ 4] 8154 	sbc	a, h
   2F7A 67            [ 4] 8155 	ld	h, a
   2F7B C5            [11] 8156 	push	bc
   2F7C CDr00r00      [17] 8157 	call	_Abs
   2F7F C1            [10] 8158 	pop	bc
   2F80 09            [11] 8159 	add	hl,bc
   2F81 DD 75 FC      [19] 8160 	ld	-4 (ix), l
   2F84 DD 74 FD      [19] 8161 	ld	-3 (ix), h
                           8162 ;src/main.c:1867: Abs(pSpr->x - spr[0].x)*2 + Abs(pSpr->y - spr[0].y);
   2F87 DD 6E F6      [19] 8163 	ld	l,-10 (ix)
   2F8A DD 66 F7      [19] 8164 	ld	h,-9 (ix)
   2F8D 4E            [ 7] 8165 	ld	c, (hl)
   2F8E 06 00         [ 7] 8166 	ld	b, #0x00
   2F90 21r3Cr00      [10] 8167 	ld	hl, #_spr + 2
   2F93 5E            [ 7] 8168 	ld	e, (hl)
   2F94 16 00         [ 7] 8169 	ld	d, #0x00
   2F96 79            [ 4] 8170 	ld	a, c
   2F97 93            [ 4] 8171 	sub	a, e
   2F98 6F            [ 4] 8172 	ld	l, a
   2F99 78            [ 4] 8173 	ld	a, b
   2F9A 9A            [ 4] 8174 	sbc	a, d
   2F9B 67            [ 4] 8175 	ld	h, a
   2F9C CDr00r00      [17] 8176 	call	_Abs
   2F9F 29            [11] 8177 	add	hl, hl
   2FA0 4D            [ 4] 8178 	ld	c, l
   2FA1 44            [ 4] 8179 	ld	b, h
   2FA2 DD 6E FE      [19] 8180 	ld	l,-2 (ix)
   2FA5 DD 66 FF      [19] 8181 	ld	h,-1 (ix)
   2FA8 5E            [ 7] 8182 	ld	e, (hl)
   2FA9 16 00         [ 7] 8183 	ld	d, #0x00
   2FAB 21r3Dr00      [10] 8184 	ld	hl, #_spr + 3
   2FAE 6E            [ 7] 8185 	ld	l, (hl)
   2FAF 26 00         [ 7] 8186 	ld	h, #0x00
   2FB1 7B            [ 4] 8187 	ld	a, e
   2FB2 95            [ 4] 8188 	sub	a, l
   2FB3 6F            [ 4] 8189 	ld	l, a
   2FB4 7A            [ 4] 8190 	ld	a, d
   2FB5 9C            [ 4] 8191 	sbc	a, h
   2FB6 67            [ 4] 8192 	ld	h, a
   2FB7 C5            [11] 8193 	push	bc
   2FB8 CDr00r00      [17] 8194 	call	_Abs
   2FBB C1            [10] 8195 	pop	bc
   2FBC 09            [11] 8196 	add	hl, bc
   2FBD DD 7E FC      [19] 8197 	ld	a, -4 (ix)
   2FC0 95            [ 4] 8198 	sub	a, l
   2FC1 DD 7E FD      [19] 8199 	ld	a, -3 (ix)
   2FC4 9C            [ 4] 8200 	sbc	a, h
   2FC5 E2rCAr2F      [10] 8201 	jp	PO, 00314$
   2FC8 EE 80         [ 7] 8202 	xor	a, #0x80
   2FCA                    8203 00314$:
   2FCA 07            [ 4] 8204 	rlca
   2FCB E6 01         [ 7] 8205 	and	a,#0x01
   2FCD 4F            [ 4] 8206 	ld	c, a
   2FCE                    8207 00154$:
                           8208 ;src/main.c:1869: if (pSpr->x < spr[z].x) {
   2FCE DD 6E F6      [19] 8209 	ld	l,-10 (ix)
   2FD1 DD 66 F7      [19] 8210 	ld	h,-9 (ix)
   2FD4 46            [ 7] 8211 	ld	b, (hl)
   2FD5 11r3Ar00      [10] 8212 	ld	de, #_spr+0
   2FD8 D5            [11] 8213 	push	de
   2FD9 59            [ 4] 8214 	ld	e,c
   2FDA 16 00         [ 7] 8215 	ld	d,#0x00
   2FDC 6B            [ 4] 8216 	ld	l, e
   2FDD 62            [ 4] 8217 	ld	h, d
   2FDE 29            [11] 8218 	add	hl, hl
   2FDF 19            [11] 8219 	add	hl, de
   2FE0 29            [11] 8220 	add	hl, hl
   2FE1 19            [11] 8221 	add	hl, de
   2FE2 29            [11] 8222 	add	hl, hl
   2FE3 19            [11] 8223 	add	hl, de
   2FE4 D1            [10] 8224 	pop	de
   2FE5 19            [11] 8225 	add	hl,de
   2FE6 5D            [ 4] 8226 	ld	e,l
   2FE7 54            [ 4] 8227 	ld	d,h
   2FE8 23            [ 6] 8228 	inc	hl
   2FE9 23            [ 6] 8229 	inc	hl
   2FEA 4E            [ 7] 8230 	ld	c, (hl)
   2FEB 78            [ 4] 8231 	ld	a, b
   2FEC 91            [ 4] 8232 	sub	a, c
   2FED 30 12         [12] 8233 	jr	NC,00158$
                           8234 ;src/main.c:1870: pSpr->x++;
   2FEF 04            [ 4] 8235 	inc	b
   2FF0 DD 6E F6      [19] 8236 	ld	l,-10 (ix)
   2FF3 DD 66 F7      [19] 8237 	ld	h,-9 (ix)
   2FF6 70            [ 7] 8238 	ld	(hl), b
                           8239 ;src/main.c:1871: pSpr->dir = D_right;
   2FF7 DD 6E F3      [19] 8240 	ld	l,-13 (ix)
   2FFA DD 66 F4      [19] 8241 	ld	h,-12 (ix)
   2FFD 36 03         [10] 8242 	ld	(hl), #0x03
   2FFF 18 14         [12] 8243 	jr	00159$
   3001                    8244 00158$:
                           8245 ;src/main.c:1874: else if (pSpr->x > spr[z].x) {
   3001 79            [ 4] 8246 	ld	a, c
   3002 90            [ 4] 8247 	sub	a, b
   3003 30 10         [12] 8248 	jr	NC,00159$
                           8249 ;src/main.c:1875: pSpr->x--;
   3005 05            [ 4] 8250 	dec	b
   3006 DD 6E F6      [19] 8251 	ld	l,-10 (ix)
   3009 DD 66 F7      [19] 8252 	ld	h,-9 (ix)
   300C 70            [ 7] 8253 	ld	(hl), b
                           8254 ;src/main.c:1876: pSpr->dir = D_left;
   300D DD 6E F3      [19] 8255 	ld	l,-13 (ix)
   3010 DD 66 F4      [19] 8256 	ld	h,-12 (ix)
   3013 36 02         [10] 8257 	ld	(hl), #0x02
   3015                    8258 00159$:
                           8259 ;src/main.c:1879: if (pSpr->y < spr[z].y) {
   3015 DD 6E FE      [19] 8260 	ld	l,-2 (ix)
   3018 DD 66 FF      [19] 8261 	ld	h,-1 (ix)
   301B 4E            [ 7] 8262 	ld	c, (hl)
   301C EB            [ 4] 8263 	ex	de,hl
   301D 23            [ 6] 8264 	inc	hl
   301E 23            [ 6] 8265 	inc	hl
   301F 23            [ 6] 8266 	inc	hl
   3020 46            [ 7] 8267 	ld	b, (hl)
   3021 79            [ 4] 8268 	ld	a, c
   3022 90            [ 4] 8269 	sub	a, b
   3023 30 0B         [12] 8270 	jr	NC,00163$
                           8271 ;src/main.c:1880: pSpr->y+=2;
   3025 0C            [ 4] 8272 	inc	c
   3026 0C            [ 4] 8273 	inc	c
   3027 DD 6E FE      [19] 8274 	ld	l,-2 (ix)
   302A DD 66 FF      [19] 8275 	ld	h,-1 (ix)
   302D 71            [ 7] 8276 	ld	(hl), c
   302E 18 0D         [12] 8277 	jr	00168$
   3030                    8278 00163$:
                           8279 ;src/main.c:1883: else if (pSpr->y > spr[z].y) {
   3030 78            [ 4] 8280 	ld	a, b
   3031 91            [ 4] 8281 	sub	a, c
   3032 30 09         [12] 8282 	jr	NC,00168$
                           8283 ;src/main.c:1884: pSpr->y-=2;
   3034 0D            [ 4] 8284 	dec	c
   3035 0D            [ 4] 8285 	dec	c
   3036 DD 6E FE      [19] 8286 	ld	l,-2 (ix)
   3039 DD 66 FF      [19] 8287 	ld	h,-1 (ix)
   303C 71            [ 7] 8288 	ld	(hl), c
                           8289 ;src/main.c:1888: }
   303D                    8290 00168$:
   303D DD F9         [10] 8291 	ld	sp, ix
   303F DD E1         [14] 8292 	pop	ix
   3041 C9            [10] 8293 	ret
                           8294 ;src/main.c:1893: void SetEnemyParams(u8 i, u8 ident, u8 mov, u8 dir, u8 speed, u8 x, u8 y, u8 minV, u8 maxV) {
                           8295 ;	---------------------------------
                           8296 ; Function SetEnemyParams
                           8297 ; ---------------------------------
   3042                    8298 _SetEnemyParams::
   3042 DD E5         [15] 8299 	push	ix
   3044 DD 21 00 00   [14] 8300 	ld	ix,#0
   3048 DD 39         [15] 8301 	add	ix,sp
                           8302 ;src/main.c:1894: spr[i].num = i;
   304A 01r3Ar00      [10] 8303 	ld	bc, #_spr+0
   304D DD 5E 04      [19] 8304 	ld	e,4 (ix)
   3050 16 00         [ 7] 8305 	ld	d,#0x00
   3052 6B            [ 4] 8306 	ld	l, e
   3053 62            [ 4] 8307 	ld	h, d
   3054 29            [11] 8308 	add	hl, hl
   3055 19            [11] 8309 	add	hl, de
   3056 29            [11] 8310 	add	hl, hl
   3057 19            [11] 8311 	add	hl, de
   3058 29            [11] 8312 	add	hl, hl
   3059 19            [11] 8313 	add	hl, de
   305A 09            [11] 8314 	add	hl,bc
   305B 4D            [ 4] 8315 	ld	c, l
   305C 44            [ 4] 8316 	ld	b, h
   305D DD 7E 04      [19] 8317 	ld	a, 4 (ix)
   3060 02            [ 7] 8318 	ld	(bc), a
                           8319 ;src/main.c:1895: spr[i].ident = ident; 
   3061 59            [ 4] 8320 	ld	e, c
   3062 50            [ 4] 8321 	ld	d, b
   3063 13            [ 6] 8322 	inc	de
   3064 DD 7E 05      [19] 8323 	ld	a, 5 (ix)
   3067 12            [ 7] 8324 	ld	(de), a
                           8325 ;src/main.c:1896: spr[i].objNum_mov = mov;	 
   3068 21 0C 00      [10] 8326 	ld	hl, #0x000c
   306B 09            [11] 8327 	add	hl, bc
   306C DD 7E 06      [19] 8328 	ld	a, 6 (ix)
   306F 77            [ 7] 8329 	ld	(hl), a
                           8330 ;src/main.c:1897: spr[i].dir = dir; 
   3070 21 07 00      [10] 8331 	ld	hl, #0x0007
   3073 09            [11] 8332 	add	hl, bc
   3074 DD 7E 07      [19] 8333 	ld	a, 7 (ix)
   3077 77            [ 7] 8334 	ld	(hl), a
                           8335 ;src/main.c:1898: spr[i].lives_speed = speed;
   3078 21 0B 00      [10] 8336 	ld	hl, #0x000b
   307B 09            [11] 8337 	add	hl, bc
   307C DD 7E 08      [19] 8338 	ld	a, 8 (ix)
   307F 77            [ 7] 8339 	ld	(hl), a
                           8340 ;src/main.c:1899: spr[i].x = spr[i].px = x;
   3080 59            [ 4] 8341 	ld	e, c
   3081 50            [ 4] 8342 	ld	d, b
   3082 13            [ 6] 8343 	inc	de
   3083 13            [ 6] 8344 	inc	de
   3084 21 04 00      [10] 8345 	ld	hl, #0x0004
   3087 09            [11] 8346 	add	hl, bc
   3088 DD 7E 09      [19] 8347 	ld	a, 9 (ix)
   308B 77            [ 7] 8348 	ld	(hl), a
   308C DD 7E 09      [19] 8349 	ld	a, 9 (ix)
   308F 12            [ 7] 8350 	ld	(de), a
                           8351 ;src/main.c:1900: spr[i].y = spr[i].py = y;
   3090 59            [ 4] 8352 	ld	e, c
   3091 50            [ 4] 8353 	ld	d, b
   3092 13            [ 6] 8354 	inc	de
   3093 13            [ 6] 8355 	inc	de
   3094 13            [ 6] 8356 	inc	de
   3095 21 05 00      [10] 8357 	ld	hl, #0x0005
   3098 09            [11] 8358 	add	hl, bc
   3099 DD 7E 0A      [19] 8359 	ld	a, 10 (ix)
   309C 77            [ 7] 8360 	ld	(hl), a
   309D DD 7E 0A      [19] 8361 	ld	a, 10 (ix)
   30A0 12            [ 7] 8362 	ld	(de), a
                           8363 ;src/main.c:1901: spr[i].print_minV = minV;
   30A1 21 0D 00      [10] 8364 	ld	hl, #0x000d
   30A4 09            [11] 8365 	add	hl, bc
   30A5 DD 7E 0B      [19] 8366 	ld	a, 11 (ix)
   30A8 77            [ 7] 8367 	ld	(hl), a
                           8368 ;src/main.c:1902: spr[i].power_maxV = maxV;
   30A9 21 0E 00      [10] 8369 	ld	hl, #0x000e
   30AC 09            [11] 8370 	add	hl, bc
   30AD DD 7E 0C      [19] 8371 	ld	a, 12 (ix)
   30B0 77            [ 7] 8372 	ld	(hl), a
   30B1 DD E1         [14] 8373 	pop	ix
   30B3 C9            [10] 8374 	ret
                           8375 ;src/main.c:1912: void SetEnemies() {
                           8376 ;	---------------------------------
                           8377 ; Function SetEnemies
                           8378 ; ---------------------------------
   30B4                    8379 _SetEnemies::
                           8380 ;src/main.c:1913: switch (nMap) {
   30B4 3E 0B         [ 7] 8381 	ld	a, #0x0b
   30B6 FD 21r00r00   [14] 8382 	ld	iy, #_nMap
   30BA FD 96 00      [19] 8383 	sub	a, 0 (iy)
   30BD DAr93r39      [10] 8384 	jp	C, 00113$
   30C0 FD 4E 00      [19] 8385 	ld	c, 0 (iy)
   30C3 06 00         [ 7] 8386 	ld	b, #0x00
   30C5 21rCCr30      [10] 8387 	ld	hl, #00126$
   30C8 09            [11] 8388 	add	hl, bc
   30C9 09            [11] 8389 	add	hl, bc
   30CA 09            [11] 8390 	add	hl, bc
   30CB E9            [ 4] 8391 	jp	(hl)
   30CC                    8392 00126$:
   30CC C3rF0r30      [10] 8393 	jp	00101$
   30CF C3rA7r31      [10] 8394 	jp	00102$
   30D2 C3r5Fr32      [10] 8395 	jp	00103$
   30D5 C3r18r33      [10] 8396 	jp	00104$
   30D8 C3rD1r33      [10] 8397 	jp	00105$
   30DB C3r8Br34      [10] 8398 	jp	00106$
   30DE C3r44r35      [10] 8399 	jp	00107$
   30E1 C3rFEr35      [10] 8400 	jp	00108$
   30E4 C3rB6r36      [10] 8401 	jp	00109$
   30E7 C3r6Fr37      [10] 8402 	jp	00110$
   30EA C3r27r38      [10] 8403 	jp	00111$
   30ED C3rDDr38      [10] 8404 	jp	00112$
                           8405 ;src/main.c:1915: case 0: {			 
   30F0                    8406 00101$:
                           8407 ;src/main.c:1917: SetEnemyParams(2, SENTINEL,	M_linear_X, 	D_left,     1, 73, 158,   2,  73);						
   30F0 21 02 49      [10] 8408 	ld	hl, #0x4902
   30F3 E5            [11] 8409 	push	hl
   30F4 21 49 9E      [10] 8410 	ld	hl, #0x9e49
   30F7 E5            [11] 8411 	push	hl
   30F8 21 02 01      [10] 8412 	ld	hl, #0x0102
   30FB E5            [11] 8413 	push	hl
   30FC 26 00         [ 7] 8414 	ld	h, #0x00
   30FE E5            [11] 8415 	push	hl
   30FF 3E 02         [ 7] 8416 	ld	a, #0x02
   3101 F5            [11] 8417 	push	af
   3102 33            [ 6] 8418 	inc	sp
   3103 CDr42r30      [17] 8419 	call	_SetEnemyParams
   3106 21 09 00      [10] 8420 	ld	hl, #9
   3109 39            [11] 8421 	add	hl, sp
   310A F9            [ 6] 8422 	ld	sp, hl
                           8423 ;src/main.c:1918: SetEnemyParams(3, SENTINEL,	M_linear_X, 	D_right,    1,  3, 110,   2,  73);
   310B 21 02 49      [10] 8424 	ld	hl, #0x4902
   310E E5            [11] 8425 	push	hl
   310F 21 03 6E      [10] 8426 	ld	hl, #0x6e03
   3112 E5            [11] 8427 	push	hl
   3113 26 01         [ 7] 8428 	ld	h, #0x01
   3115 E5            [11] 8429 	push	hl
   3116 21 02 00      [10] 8430 	ld	hl, #0x0002
   3119 E5            [11] 8431 	push	hl
   311A 3E 03         [ 7] 8432 	ld	a, #0x03
   311C F5            [11] 8433 	push	af
   311D 33            [ 6] 8434 	inc	sp
   311E CDr42r30      [17] 8435 	call	_SetEnemyParams
   3121 21 09 00      [10] 8436 	ld	hl, #9
   3124 39            [11] 8437 	add	hl, sp
   3125 F9            [ 6] 8438 	ld	sp, hl
                           8439 ;src/main.c:1919: SetEnemyParams(4, SENTINEL,	M_linear_X, 	D_left,     1, 73,  62,  40,  73);
   3126 21 28 49      [10] 8440 	ld	hl, #0x4928
   3129 E5            [11] 8441 	push	hl
   312A 21 49 3E      [10] 8442 	ld	hl, #0x3e49
   312D E5            [11] 8443 	push	hl
   312E 21 02 01      [10] 8444 	ld	hl, #0x0102
   3131 E5            [11] 8445 	push	hl
   3132 26 00         [ 7] 8446 	ld	h, #0x00
   3134 E5            [11] 8447 	push	hl
   3135 3E 04         [ 7] 8448 	ld	a, #0x04
   3137 F5            [11] 8449 	push	af
   3138 33            [ 6] 8450 	inc	sp
   3139 CDr42r30      [17] 8451 	call	_SetEnemyParams
   313C 21 09 00      [10] 8452 	ld	hl, #9
   313F 39            [11] 8453 	add	hl, sp
   3140 F9            [ 6] 8454 	ld	sp, hl
                           8455 ;src/main.c:1920: SetEnemyParams(5, SENTINEL,	M_linear_X, 	D_right,    1,  2,  62,   2,  35);
   3141 21 02 23      [10] 8456 	ld	hl, #0x2302
   3144 E5            [11] 8457 	push	hl
   3145 26 3E         [ 7] 8458 	ld	h, #0x3e
   3147 E5            [11] 8459 	push	hl
   3148 21 03 01      [10] 8460 	ld	hl, #0x0103
   314B E5            [11] 8461 	push	hl
   314C 21 02 00      [10] 8462 	ld	hl, #0x0002
   314F E5            [11] 8463 	push	hl
   3150 3E 05         [ 7] 8464 	ld	a, #0x05
   3152 F5            [11] 8465 	push	af
   3153 33            [ 6] 8466 	inc	sp
   3154 CDr42r30      [17] 8467 	call	_SetEnemyParams
   3157 21 09 00      [10] 8468 	ld	hl, #9
   315A 39            [11] 8469 	add	hl, sp
   315B F9            [ 6] 8470 	ld	sp, hl
                           8471 ;src/main.c:1922: spr[0].x = spr[0].px = 6; 
   315C 21r3Er00      [10] 8472 	ld	hl, #(_spr + 0x0004)
   315F 36 06         [10] 8473 	ld	(hl), #0x06
   3161 21r3Cr00      [10] 8474 	ld	hl, #(_spr + 0x0002)
   3164 36 06         [10] 8475 	ld	(hl), #0x06
                           8476 ;src/main.c:1923: spr[0].y = spr[0].py = 178;			
   3166 21r3Fr00      [10] 8477 	ld	hl, #(_spr + 0x0005)
   3169 36 B2         [10] 8478 	ld	(hl), #0xb2
   316B 21r3Dr00      [10] 8479 	ld	hl, #(_spr + 0x0003)
   316E 36 B2         [10] 8480 	ld	(hl), #0xb2
                           8481 ;src/main.c:1925: cpct_zx7b_decrunch_s(UNPACKED_MAP_END, mappk0_end);
   3170 21r79r02      [10] 8482 	ld	hl, #(_mappk0 + 0x0279)
   3173 E5            [11] 8483 	push	hl
   3174 21 00 16      [10] 8484 	ld	hl, #0x1600
   3177 E5            [11] 8485 	push	hl
   3178 CDr00r00      [17] 8486 	call	_cpct_zx7b_decrunch_s
                           8487 ;src/main.c:1927: lName = "1;1@@GARDENS";
   317B 21rB1r39      [10] 8488 	ld	hl, #___str_35+0
   317E 22r02r00      [16] 8489 	ld	(_lName), hl
                           8490 ;src/main.c:1929: doorKey[0] = 4;	// toad snot
   3181 21r0Fr00      [10] 8491 	ld	hl, #_doorKey
   3184 36 04         [10] 8492 	ld	(hl), #0x04
                           8493 ;src/main.c:1930: doorKey[1] = 5;	// diamond dust
   3186 21r10r00      [10] 8494 	ld	hl, #(_doorKey + 0x0001)
   3189 36 05         [10] 8495 	ld	(hl), #0x05
                           8496 ;src/main.c:1931: doorKey[2] = 4;	// toad snot
   318B 21r11r00      [10] 8497 	ld	hl, #(_doorKey + 0x0002)
   318E 36 04         [10] 8498 	ld	(hl), #0x04
                           8499 ;src/main.c:1932: doorKey[3] = 5;	// diamond dust
   3190 21r12r00      [10] 8500 	ld	hl, #(_doorKey + 0x0003)
   3193 36 05         [10] 8501 	ld	(hl), #0x05
                           8502 ;src/main.c:1933: doorKey[4] = 4; // toad snot
   3195 21r13r00      [10] 8503 	ld	hl, #(_doorKey + 0x0004)
   3198 36 04         [10] 8504 	ld	(hl), #0x04
                           8505 ;src/main.c:1935: storeX = 51;
   319A 21r19r00      [10] 8506 	ld	hl,#_storeX + 0
   319D 36 33         [10] 8507 	ld	(hl), #0x33
                           8508 ;src/main.c:1936: storeY = 11;
   319F 21r1Ar00      [10] 8509 	ld	hl,#_storeY + 0
   31A2 36 0B         [10] 8510 	ld	(hl), #0x0b
                           8511 ;src/main.c:1937: break;
   31A4 C3r93r39      [10] 8512 	jp	00113$
                           8513 ;src/main.c:1940: case 1: {
   31A7                    8514 00102$:
                           8515 ;src/main.c:1942: SetEnemyParams(2, NOBODY,	M_linear_X, 	D_left,     1,  0,   0,   0,   0);
   31A7 21 00 00      [10] 8516 	ld	hl, #0x0000
   31AA E5            [11] 8517 	push	hl
   31AB 2E 00         [ 7] 8518 	ld	l, #0x00
   31AD E5            [11] 8519 	push	hl
   31AE 21 02 01      [10] 8520 	ld	hl, #0x0102
   31B1 E5            [11] 8521 	push	hl
   31B2 21 09 00      [10] 8522 	ld	hl, #0x0009
   31B5 E5            [11] 8523 	push	hl
   31B6 3E 02         [ 7] 8524 	ld	a, #0x02
   31B8 F5            [11] 8525 	push	af
   31B9 33            [ 6] 8526 	inc	sp
   31BA CDr42r30      [17] 8527 	call	_SetEnemyParams
   31BD 21 09 00      [10] 8528 	ld	hl, #9
   31C0 39            [11] 8529 	add	hl, sp
   31C1 F9            [ 6] 8530 	ld	sp, hl
                           8531 ;src/main.c:1943: SetEnemyParams(3, SENTINEL,	M_linear_X, 	D_right,    1,  2, 114,   2,  73);						
   31C2 21 02 49      [10] 8532 	ld	hl, #0x4902
   31C5 E5            [11] 8533 	push	hl
   31C6 26 72         [ 7] 8534 	ld	h, #0x72
   31C8 E5            [11] 8535 	push	hl
   31C9 21 03 01      [10] 8536 	ld	hl, #0x0103
   31CC E5            [11] 8537 	push	hl
   31CD 21 02 00      [10] 8538 	ld	hl, #0x0002
   31D0 E5            [11] 8539 	push	hl
   31D1 3E 03         [ 7] 8540 	ld	a, #0x03
   31D3 F5            [11] 8541 	push	af
   31D4 33            [ 6] 8542 	inc	sp
   31D5 CDr42r30      [17] 8543 	call	_SetEnemyParams
   31D8 21 09 00      [10] 8544 	ld	hl, #9
   31DB 39            [11] 8545 	add	hl, sp
   31DC F9            [ 6] 8546 	ld	sp, hl
                           8547 ;src/main.c:1944: SetEnemyParams(4, KNIGHT, 	M_linear_XY,    D_right,    1, 10,  62,   0,   0);
   31DD 21 00 00      [10] 8548 	ld	hl, #0x0000
   31E0 E5            [11] 8549 	push	hl
   31E1 21 0A 3E      [10] 8550 	ld	hl, #0x3e0a
   31E4 E5            [11] 8551 	push	hl
   31E5 21 03 01      [10] 8552 	ld	hl, #0x0103
   31E8 E5            [11] 8553 	push	hl
   31E9 26 02         [ 7] 8554 	ld	h, #0x02
   31EB E5            [11] 8555 	push	hl
   31EC 3E 04         [ 7] 8556 	ld	a, #0x04
   31EE F5            [11] 8557 	push	af
   31EF 33            [ 6] 8558 	inc	sp
   31F0 CDr42r30      [17] 8559 	call	_SetEnemyParams
   31F3 21 09 00      [10] 8560 	ld	hl, #9
   31F6 39            [11] 8561 	add	hl, sp
   31F7 F9            [ 6] 8562 	ld	sp, hl
                           8563 ;src/main.c:1945: SetEnemyParams(5, KNIGHT,	M_linear_XY,	D_down,     1,  2,  38,   0,   0);
   31F8 21 00 00      [10] 8564 	ld	hl, #0x0000
   31FB E5            [11] 8565 	push	hl
   31FC 21 02 26      [10] 8566 	ld	hl, #0x2602
   31FF E5            [11] 8567 	push	hl
   3200 21 01 01      [10] 8568 	ld	hl, #0x0101
   3203 E5            [11] 8569 	push	hl
   3204 21 03 02      [10] 8570 	ld	hl, #0x0203
   3207 E5            [11] 8571 	push	hl
   3208 3E 05         [ 7] 8572 	ld	a, #0x05
   320A F5            [11] 8573 	push	af
   320B 33            [ 6] 8574 	inc	sp
   320C CDr42r30      [17] 8575 	call	_SetEnemyParams
   320F 21 09 00      [10] 8576 	ld	hl, #9
   3212 39            [11] 8577 	add	hl, sp
   3213 F9            [ 6] 8578 	ld	sp, hl
                           8579 ;src/main.c:1947: spr[0].x = spr[0].px = 58; 
   3214 21r3Er00      [10] 8580 	ld	hl, #(_spr + 0x0004)
   3217 36 3A         [10] 8581 	ld	(hl), #0x3a
   3219 21r3Cr00      [10] 8582 	ld	hl, #(_spr + 0x0002)
   321C 36 3A         [10] 8583 	ld	(hl), #0x3a
                           8584 ;src/main.c:1948: spr[0].y = spr[0].py = 178;	
   321E 21r3Fr00      [10] 8585 	ld	hl, #(_spr + 0x0005)
   3221 36 B2         [10] 8586 	ld	(hl), #0xb2
   3223 21r3Dr00      [10] 8587 	ld	hl, #(_spr + 0x0003)
   3226 36 B2         [10] 8588 	ld	(hl), #0xb2
                           8589 ;src/main.c:1950: cpct_zx7b_decrunch_s(UNPACKED_MAP_END, mappk1_end);
   3228 21rA0r02      [10] 8590 	ld	hl, #(_mappk1 + 0x02a0)
   322B E5            [11] 8591 	push	hl
   322C 21 00 16      [10] 8592 	ld	hl, #0x1600
   322F E5            [11] 8593 	push	hl
   3230 CDr00r00      [17] 8594 	call	_cpct_zx7b_decrunch_s
                           8595 ;src/main.c:1952: lName = "1;2@@GARDENS";
   3233 21rBEr39      [10] 8596 	ld	hl, #___str_36+0
   3236 22r02r00      [16] 8597 	ld	(_lName), hl
                           8598 ;src/main.c:1954: doorKey[0] = 4;	// toad snot
   3239 21r0Fr00      [10] 8599 	ld	hl, #_doorKey
   323C 36 04         [10] 8600 	ld	(hl), #0x04
                           8601 ;src/main.c:1955: doorKey[1] = 6;	// newt eye
   323E 21r10r00      [10] 8602 	ld	hl, #(_doorKey + 0x0001)
   3241 36 06         [10] 8603 	ld	(hl), #0x06
                           8604 ;src/main.c:1956: doorKey[2] = 5; // diamond dust
   3243 21r11r00      [10] 8605 	ld	hl, #(_doorKey + 0x0002)
   3246 36 05         [10] 8606 	ld	(hl), #0x05
                           8607 ;src/main.c:1957: doorKey[3] = 6; // newt eye
   3248 21r12r00      [10] 8608 	ld	hl, #(_doorKey + 0x0003)
   324B 36 06         [10] 8609 	ld	(hl), #0x06
                           8610 ;src/main.c:1958: doorKey[4] = 4; // toad snot
   324D 21r13r00      [10] 8611 	ld	hl, #(_doorKey + 0x0004)
   3250 36 04         [10] 8612 	ld	(hl), #0x04
                           8613 ;src/main.c:1960: storeX = 51;
   3252 21r19r00      [10] 8614 	ld	hl,#_storeX + 0
   3255 36 33         [10] 8615 	ld	(hl), #0x33
                           8616 ;src/main.c:1961: storeY = 55;
   3257 21r1Ar00      [10] 8617 	ld	hl,#_storeY + 0
   325A 36 37         [10] 8618 	ld	(hl), #0x37
                           8619 ;src/main.c:1962: break;
   325C C3r93r39      [10] 8620 	jp	00113$
                           8621 ;src/main.c:1965: case 2: {			 
   325F                    8622 00103$:
                           8623 ;src/main.c:1967: SetEnemyParams(2, GHOST,	M_linear_XY, 	D_right,    1,  3, 120,   0,   0);						
   325F 21 00 00      [10] 8624 	ld	hl, #0x0000
   3262 E5            [11] 8625 	push	hl
   3263 21 03 78      [10] 8626 	ld	hl, #0x7803
   3266 E5            [11] 8627 	push	hl
   3267 26 01         [ 7] 8628 	ld	h, #0x01
   3269 E5            [11] 8629 	push	hl
   326A 21 04 02      [10] 8630 	ld	hl, #0x0204
   326D E5            [11] 8631 	push	hl
   326E 3E 02         [ 7] 8632 	ld	a, #0x02
   3270 F5            [11] 8633 	push	af
   3271 33            [ 6] 8634 	inc	sp
   3272 CDr42r30      [17] 8635 	call	_SetEnemyParams
   3275 21 09 00      [10] 8636 	ld	hl, #9
   3278 39            [11] 8637 	add	hl, sp
   3279 F9            [ 6] 8638 	ld	sp, hl
                           8639 ;src/main.c:1968: SetEnemyParams(3, GHOST,	M_linear_XY, 	D_left,     1, 73,  99,   0,   0);
   327A 21 00 00      [10] 8640 	ld	hl, #0x0000
   327D E5            [11] 8641 	push	hl
   327E 21 49 63      [10] 8642 	ld	hl, #0x6349
   3281 E5            [11] 8643 	push	hl
   3282 21 02 01      [10] 8644 	ld	hl, #0x0102
   3285 E5            [11] 8645 	push	hl
   3286 21 04 02      [10] 8646 	ld	hl, #0x0204
   3289 E5            [11] 8647 	push	hl
   328A 3E 03         [ 7] 8648 	ld	a, #0x03
   328C F5            [11] 8649 	push	af
   328D 33            [ 6] 8650 	inc	sp
   328E CDr42r30      [17] 8651 	call	_SetEnemyParams
   3291 21 09 00      [10] 8652 	ld	hl, #9
   3294 39            [11] 8653 	add	hl, sp
   3295 F9            [ 6] 8654 	ld	sp, hl
                           8655 ;src/main.c:1969: SetEnemyParams(4, BAT,	 	M_linear_X,    	D_right,    1, 22,  58,  22,  60);																		
   3296 21 16 3C      [10] 8656 	ld	hl, #0x3c16
   3299 E5            [11] 8657 	push	hl
   329A 26 3A         [ 7] 8658 	ld	h, #0x3a
   329C E5            [11] 8659 	push	hl
   329D 21 03 01      [10] 8660 	ld	hl, #0x0103
   32A0 E5            [11] 8661 	push	hl
   32A1 21 05 00      [10] 8662 	ld	hl, #0x0005
   32A4 E5            [11] 8663 	push	hl
   32A5 3E 04         [ 7] 8664 	ld	a, #0x04
   32A7 F5            [11] 8665 	push	af
   32A8 33            [ 6] 8666 	inc	sp
   32A9 CDr42r30      [17] 8667 	call	_SetEnemyParams
   32AC 21 09 00      [10] 8668 	ld	hl, #9
   32AF 39            [11] 8669 	add	hl, sp
   32B0 F9            [ 6] 8670 	ld	sp, hl
                           8671 ;src/main.c:1970: SetEnemyParams(5, WITCH,	M_linear_X,		D_left,     1,  3,  78,   2,  73);
   32B1 21 02 49      [10] 8672 	ld	hl, #0x4902
   32B4 E5            [11] 8673 	push	hl
   32B5 21 03 4E      [10] 8674 	ld	hl, #0x4e03
   32B8 E5            [11] 8675 	push	hl
   32B9 21 02 01      [10] 8676 	ld	hl, #0x0102
   32BC E5            [11] 8677 	push	hl
   32BD 21 06 00      [10] 8678 	ld	hl, #0x0006
   32C0 E5            [11] 8679 	push	hl
   32C1 3E 05         [ 7] 8680 	ld	a, #0x05
   32C3 F5            [11] 8681 	push	af
   32C4 33            [ 6] 8682 	inc	sp
   32C5 CDr42r30      [17] 8683 	call	_SetEnemyParams
   32C8 21 09 00      [10] 8684 	ld	hl, #9
   32CB 39            [11] 8685 	add	hl, sp
   32CC F9            [ 6] 8686 	ld	sp, hl
                           8687 ;src/main.c:1972: spr[0].x = spr[0].px = 58; 
   32CD 21r3Er00      [10] 8688 	ld	hl, #(_spr + 0x0004)
   32D0 36 3A         [10] 8689 	ld	(hl), #0x3a
   32D2 21r3Cr00      [10] 8690 	ld	hl, #(_spr + 0x0002)
   32D5 36 3A         [10] 8691 	ld	(hl), #0x3a
                           8692 ;src/main.c:1973: spr[0].y = spr[0].py = 178;			
   32D7 21r3Fr00      [10] 8693 	ld	hl, #(_spr + 0x0005)
   32DA 36 B2         [10] 8694 	ld	(hl), #0xb2
   32DC 21r3Dr00      [10] 8695 	ld	hl, #(_spr + 0x0003)
   32DF 36 B2         [10] 8696 	ld	(hl), #0xb2
                           8697 ;src/main.c:1975: cpct_zx7b_decrunch_s(UNPACKED_MAP_END, mappk2_end);
   32E1 21rF4r01      [10] 8698 	ld	hl, #(_mappk2 + 0x01f4)
   32E4 E5            [11] 8699 	push	hl
   32E5 21 00 16      [10] 8700 	ld	hl, #0x1600
   32E8 E5            [11] 8701 	push	hl
   32E9 CDr00r00      [17] 8702 	call	_cpct_zx7b_decrunch_s
                           8703 ;src/main.c:1977: lName = "2;1@CEMETERY";
   32EC 21rCBr39      [10] 8704 	ld	hl, #___str_37+0
   32EF 22r02r00      [16] 8705 	ld	(_lName), hl
                           8706 ;src/main.c:1979: doorKey[0] = 4;	// toad snot
   32F2 21r0Fr00      [10] 8707 	ld	hl, #_doorKey
   32F5 36 04         [10] 8708 	ld	(hl), #0x04
                           8709 ;src/main.c:1980: doorKey[1] = 5;	// diamond dust
   32F7 21r10r00      [10] 8710 	ld	hl, #(_doorKey + 0x0001)
   32FA 36 05         [10] 8711 	ld	(hl), #0x05
                           8712 ;src/main.c:1981: doorKey[2] = 6; // newt eye
   32FC 21r11r00      [10] 8713 	ld	hl, #(_doorKey + 0x0002)
   32FF 36 06         [10] 8714 	ld	(hl), #0x06
                           8715 ;src/main.c:1982: doorKey[3] = 7;	// mammoth poop
   3301 21r12r00      [10] 8716 	ld	hl, #(_doorKey + 0x0003)
   3304 36 07         [10] 8717 	ld	(hl), #0x07
                           8718 ;src/main.c:1983: doorKey[4] = 8; // kraken ink
   3306 21r13r00      [10] 8719 	ld	hl, #(_doorKey + 0x0004)
   3309 36 08         [10] 8720 	ld	(hl), #0x08
                           8721 ;src/main.c:1985: storeX = 3;
   330B 21r19r00      [10] 8722 	ld	hl,#_storeX + 0
   330E 36 03         [10] 8723 	ld	(hl), #0x03
                           8724 ;src/main.c:1986: storeY = 11;
   3310 21r1Ar00      [10] 8725 	ld	hl,#_storeY + 0
   3313 36 0B         [10] 8726 	ld	(hl), #0x0b
                           8727 ;src/main.c:1987: break;
   3315 C3r93r39      [10] 8728 	jp	00113$
                           8729 ;src/main.c:1990: case 3: {			 
   3318                    8730 00104$:
                           8731 ;src/main.c:1992: SetEnemyParams(2, GHOST,	M_linear_XY, 	D_left,     1,  2, 180,   0,   0);
   3318 21 00 00      [10] 8732 	ld	hl, #0x0000
   331B E5            [11] 8733 	push	hl
   331C 21 02 B4      [10] 8734 	ld	hl, #0xb402
   331F E5            [11] 8735 	push	hl
   3320 26 01         [ 7] 8736 	ld	h, #0x01
   3322 E5            [11] 8737 	push	hl
   3323 21 04 02      [10] 8738 	ld	hl, #0x0204
   3326 E5            [11] 8739 	push	hl
   3327 3E 02         [ 7] 8740 	ld	a, #0x02
   3329 F5            [11] 8741 	push	af
   332A 33            [ 6] 8742 	inc	sp
   332B CDr42r30      [17] 8743 	call	_SetEnemyParams
   332E 21 09 00      [10] 8744 	ld	hl, #9
   3331 39            [11] 8745 	add	hl, sp
   3332 F9            [ 6] 8746 	ld	sp, hl
                           8747 ;src/main.c:1993: SetEnemyParams(3, GHOST,	M_linear_XY, 	D_right,    1,  2, 136,   0,   0);
   3333 21 00 00      [10] 8748 	ld	hl, #0x0000
   3336 E5            [11] 8749 	push	hl
   3337 21 02 88      [10] 8750 	ld	hl, #0x8802
   333A E5            [11] 8751 	push	hl
   333B 21 03 01      [10] 8752 	ld	hl, #0x0103
   333E E5            [11] 8753 	push	hl
   333F 21 04 02      [10] 8754 	ld	hl, #0x0204
   3342 E5            [11] 8755 	push	hl
   3343 3E 03         [ 7] 8756 	ld	a, #0x03
   3345 F5            [11] 8757 	push	af
   3346 33            [ 6] 8758 	inc	sp
   3347 CDr42r30      [17] 8759 	call	_SetEnemyParams
   334A 21 09 00      [10] 8760 	ld	hl, #9
   334D 39            [11] 8761 	add	hl, sp
   334E F9            [ 6] 8762 	ld	sp, hl
                           8763 ;src/main.c:1994: SetEnemyParams(4, GHOST,	M_linear_XY, 	D_left,     1, 70,  40,   0,   0);
   334F 21 00 00      [10] 8764 	ld	hl, #0x0000
   3352 E5            [11] 8765 	push	hl
   3353 21 46 28      [10] 8766 	ld	hl, #0x2846
   3356 E5            [11] 8767 	push	hl
   3357 21 02 01      [10] 8768 	ld	hl, #0x0102
   335A E5            [11] 8769 	push	hl
   335B 21 04 02      [10] 8770 	ld	hl, #0x0204
   335E E5            [11] 8771 	push	hl
   335F 3E 04         [ 7] 8772 	ld	a, #0x04
   3361 F5            [11] 8773 	push	af
   3362 33            [ 6] 8774 	inc	sp
   3363 CDr42r30      [17] 8775 	call	_SetEnemyParams
   3366 21 09 00      [10] 8776 	ld	hl, #9
   3369 39            [11] 8777 	add	hl, sp
   336A F9            [ 6] 8778 	ld	sp, hl
                           8779 ;src/main.c:1995: SetEnemyParams(5, GHOST,	M_linear_XY,	D_left,     1,  2,  40,   0,   0);
   336B 21 00 00      [10] 8780 	ld	hl, #0x0000
   336E E5            [11] 8781 	push	hl
   336F 21 02 28      [10] 8782 	ld	hl, #0x2802
   3372 E5            [11] 8783 	push	hl
   3373 26 01         [ 7] 8784 	ld	h, #0x01
   3375 E5            [11] 8785 	push	hl
   3376 21 04 02      [10] 8786 	ld	hl, #0x0204
   3379 E5            [11] 8787 	push	hl
   337A 3E 05         [ 7] 8788 	ld	a, #0x05
   337C F5            [11] 8789 	push	af
   337D 33            [ 6] 8790 	inc	sp
   337E CDr42r30      [17] 8791 	call	_SetEnemyParams
   3381 21 09 00      [10] 8792 	ld	hl, #9
   3384 39            [11] 8793 	add	hl, sp
   3385 F9            [ 6] 8794 	ld	sp, hl
                           8795 ;src/main.c:1997: spr[0].x = spr[0].px = 36; 
   3386 21r3Er00      [10] 8796 	ld	hl, #(_spr + 0x0004)
   3389 36 24         [10] 8797 	ld	(hl), #0x24
   338B 21r3Cr00      [10] 8798 	ld	hl, #(_spr + 0x0002)
   338E 36 24         [10] 8799 	ld	(hl), #0x24
                           8800 ;src/main.c:1998: spr[0].y = spr[0].py = 178;			
   3390 21r3Fr00      [10] 8801 	ld	hl, #(_spr + 0x0005)
   3393 36 B2         [10] 8802 	ld	(hl), #0xb2
   3395 21r3Dr00      [10] 8803 	ld	hl, #(_spr + 0x0003)
   3398 36 B2         [10] 8804 	ld	(hl), #0xb2
                           8805 ;src/main.c:2000: cpct_zx7b_decrunch_s(UNPACKED_MAP_END, mappk3_end);
   339A 21r0Fr02      [10] 8806 	ld	hl, #(_mappk3 + 0x020f)
   339D E5            [11] 8807 	push	hl
   339E 21 00 16      [10] 8808 	ld	hl, #0x1600
   33A1 E5            [11] 8809 	push	hl
   33A2 CDr00r00      [17] 8810 	call	_cpct_zx7b_decrunch_s
                           8811 ;src/main.c:2002: lName = "2;2@CEMETERY";
   33A5 21rD8r39      [10] 8812 	ld	hl, #___str_38+0
   33A8 22r02r00      [16] 8813 	ld	(_lName), hl
                           8814 ;src/main.c:2004: doorKey[0] = 5;	// diamond dust
   33AB 21r0Fr00      [10] 8815 	ld	hl, #_doorKey
   33AE 36 05         [10] 8816 	ld	(hl), #0x05
                           8817 ;src/main.c:2005: doorKey[1] = 7; // mammooth poop
   33B0 21r10r00      [10] 8818 	ld	hl, #(_doorKey + 0x0001)
   33B3 36 07         [10] 8819 	ld	(hl), #0x07
                           8820 ;src/main.c:2006: doorKey[2] = 6; // newt eye
   33B5 21r11r00      [10] 8821 	ld	hl, #(_doorKey + 0x0002)
   33B8 36 06         [10] 8822 	ld	(hl), #0x06
                           8823 ;src/main.c:2007: doorKey[3] = 7; // mammooth poop
   33BA 21r12r00      [10] 8824 	ld	hl, #(_doorKey + 0x0003)
   33BD 36 07         [10] 8825 	ld	(hl), #0x07
                           8826 ;src/main.c:2008: doorKey[4] = 5; // diamond dust
   33BF 21r13r00      [10] 8827 	ld	hl, #(_doorKey + 0x0004)
   33C2 36 05         [10] 8828 	ld	(hl), #0x05
                           8829 ;src/main.c:2010: storeX = 41;
   33C4 21r19r00      [10] 8830 	ld	hl,#_storeX + 0
   33C7 36 29         [10] 8831 	ld	(hl), #0x29
                           8832 ;src/main.c:2011: storeY = 71;
   33C9 21r1Ar00      [10] 8833 	ld	hl,#_storeY + 0
   33CC 36 47         [10] 8834 	ld	(hl), #0x47
                           8835 ;src/main.c:2012: break;
   33CE C3r93r39      [10] 8836 	jp	00113$
                           8837 ;src/main.c:2015: case 4: {			 
   33D1                    8838 00105$:
                           8839 ;src/main.c:2017: SetEnemyParams(2, BAT,		M_linear_X, 	D_left,     1, 73, 134,  16,  73);							
   33D1 21 10 49      [10] 8840 	ld	hl, #0x4910
   33D4 E5            [11] 8841 	push	hl
   33D5 21 49 86      [10] 8842 	ld	hl, #0x8649
   33D8 E5            [11] 8843 	push	hl
   33D9 21 02 01      [10] 8844 	ld	hl, #0x0102
   33DC E5            [11] 8845 	push	hl
   33DD 21 05 00      [10] 8846 	ld	hl, #0x0005
   33E0 E5            [11] 8847 	push	hl
   33E1 3E 02         [ 7] 8848 	ld	a, #0x02
   33E3 F5            [11] 8849 	push	af
   33E4 33            [ 6] 8850 	inc	sp
   33E5 CDr42r30      [17] 8851 	call	_SetEnemyParams
   33E8 21 09 00      [10] 8852 	ld	hl, #9
   33EB 39            [11] 8853 	add	hl, sp
   33EC F9            [ 6] 8854 	ld	sp, hl
                           8855 ;src/main.c:2018: SetEnemyParams(3, BAT,		M_linear_X, 	D_right,    1,  3,  94,   2,  73);		
   33ED 21 02 49      [10] 8856 	ld	hl, #0x4902
   33F0 E5            [11] 8857 	push	hl
   33F1 21 03 5E      [10] 8858 	ld	hl, #0x5e03
   33F4 E5            [11] 8859 	push	hl
   33F5 26 01         [ 7] 8860 	ld	h, #0x01
   33F7 E5            [11] 8861 	push	hl
   33F8 21 05 00      [10] 8862 	ld	hl, #0x0005
   33FB E5            [11] 8863 	push	hl
   33FC 3E 03         [ 7] 8864 	ld	a, #0x03
   33FE F5            [11] 8865 	push	af
   33FF 33            [ 6] 8866 	inc	sp
   3400 CDr42r30      [17] 8867 	call	_SetEnemyParams
   3403 21 09 00      [10] 8868 	ld	hl, #9
   3406 39            [11] 8869 	add	hl, sp
   3407 F9            [ 6] 8870 	ld	sp, hl
                           8871 ;src/main.c:2019: SetEnemyParams(4, KNIGHT,	M_linear_XY, 	D_down,    	1, 17,  50,   0,   0);
   3408 21 00 00      [10] 8872 	ld	hl, #0x0000
   340B E5            [11] 8873 	push	hl
   340C 21 11 32      [10] 8874 	ld	hl, #0x3211
   340F E5            [11] 8875 	push	hl
   3410 21 01 01      [10] 8876 	ld	hl, #0x0101
   3413 E5            [11] 8877 	push	hl
   3414 21 03 02      [10] 8878 	ld	hl, #0x0203
   3417 E5            [11] 8879 	push	hl
   3418 3E 04         [ 7] 8880 	ld	a, #0x04
   341A F5            [11] 8881 	push	af
   341B 33            [ 6] 8882 	inc	sp
   341C CDr42r30      [17] 8883 	call	_SetEnemyParams
   341F 21 09 00      [10] 8884 	ld	hl, #9
   3422 39            [11] 8885 	add	hl, sp
   3423 F9            [ 6] 8886 	ld	sp, hl
                           8887 ;src/main.c:2020: SetEnemyParams(5, KNIGHT,	M_linear_XY, 	D_up,     	1, 57, 156,   0,   0);
   3424 21 00 00      [10] 8888 	ld	hl, #0x0000
   3427 E5            [11] 8889 	push	hl
   3428 21 39 9C      [10] 8890 	ld	hl, #0x9c39
   342B E5            [11] 8891 	push	hl
   342C 21 00 01      [10] 8892 	ld	hl, #0x0100
   342F E5            [11] 8893 	push	hl
   3430 21 03 02      [10] 8894 	ld	hl, #0x0203
   3433 E5            [11] 8895 	push	hl
   3434 3E 05         [ 7] 8896 	ld	a, #0x05
   3436 F5            [11] 8897 	push	af
   3437 33            [ 6] 8898 	inc	sp
   3438 CDr42r30      [17] 8899 	call	_SetEnemyParams
   343B 21 09 00      [10] 8900 	ld	hl, #9
   343E 39            [11] 8901 	add	hl, sp
   343F F9            [ 6] 8902 	ld	sp, hl
                           8903 ;src/main.c:2022: spr[0].x = spr[0].px = 6; 
   3440 21r3Er00      [10] 8904 	ld	hl, #(_spr + 0x0004)
   3443 36 06         [10] 8905 	ld	(hl), #0x06
   3445 21r3Cr00      [10] 8906 	ld	hl, #(_spr + 0x0002)
   3448 36 06         [10] 8907 	ld	(hl), #0x06
                           8908 ;src/main.c:2023: spr[0].y = spr[0].py = 175;			
   344A 21r3Fr00      [10] 8909 	ld	hl, #(_spr + 0x0005)
   344D 36 AF         [10] 8910 	ld	(hl), #0xaf
   344F 21r3Dr00      [10] 8911 	ld	hl, #(_spr + 0x0003)
   3452 36 AF         [10] 8912 	ld	(hl), #0xaf
                           8913 ;src/main.c:2025: cpct_zx7b_decrunch_s(UNPACKED_MAP_END, mappk4_end);
   3454 21r79r01      [10] 8914 	ld	hl, #(_mappk4 + 0x0179)
   3457 E5            [11] 8915 	push	hl
   3458 21 00 16      [10] 8916 	ld	hl, #0x1600
   345B E5            [11] 8917 	push	hl
   345C CDr00r00      [17] 8918 	call	_cpct_zx7b_decrunch_s
                           8919 ;src/main.c:2027: lName = "3;1@@CELLARS";	
   345F 21rE5r39      [10] 8920 	ld	hl, #___str_39+0
   3462 22r02r00      [16] 8921 	ld	(_lName), hl
                           8922 ;src/main.c:2029: doorKey[0] = 4; // toad snot
   3465 21r0Fr00      [10] 8923 	ld	hl, #_doorKey
   3468 36 04         [10] 8924 	ld	(hl), #0x04
                           8925 ;src/main.c:2030: doorKey[1] = 9; // mermaid tear
   346A 21r10r00      [10] 8926 	ld	hl, #(_doorKey + 0x0001)
   346D 36 09         [10] 8927 	ld	(hl), #0x09
                           8928 ;src/main.c:2031: doorKey[2] = 10;// martian mushroom
   346F 21r11r00      [10] 8929 	ld	hl, #(_doorKey + 0x0002)
   3472 36 0A         [10] 8930 	ld	(hl), #0x0a
                           8931 ;src/main.c:2032: doorKey[3] = 9; // mermaid tear
   3474 21r12r00      [10] 8932 	ld	hl, #(_doorKey + 0x0003)
   3477 36 09         [10] 8933 	ld	(hl), #0x09
                           8934 ;src/main.c:2033: doorKey[4] = 4; // toad snot
   3479 21r13r00      [10] 8935 	ld	hl, #(_doorKey + 0x0004)
   347C 36 04         [10] 8936 	ld	(hl), #0x04
                           8937 ;src/main.c:2035: storeX = 5;
   347E 21r19r00      [10] 8938 	ld	hl,#_storeX + 0
   3481 36 05         [10] 8939 	ld	(hl), #0x05
                           8940 ;src/main.c:2036: storeY = 103;		
   3483 21r1Ar00      [10] 8941 	ld	hl,#_storeY + 0
   3486 36 67         [10] 8942 	ld	(hl), #0x67
                           8943 ;src/main.c:2037: break;
   3488 C3r93r39      [10] 8944 	jp	00113$
                           8945 ;src/main.c:2040: case 5: {			 
   348B                    8946 00106$:
                           8947 ;src/main.c:2042: SetEnemyParams(2, SENTINEL,	M_linear_X, 	D_left,     1,  3, 142,   2,  73);
   348B 21 02 49      [10] 8948 	ld	hl, #0x4902
   348E E5            [11] 8949 	push	hl
   348F 21 03 8E      [10] 8950 	ld	hl, #0x8e03
   3492 E5            [11] 8951 	push	hl
   3493 21 02 01      [10] 8952 	ld	hl, #0x0102
   3496 E5            [11] 8953 	push	hl
   3497 26 00         [ 7] 8954 	ld	h, #0x00
   3499 E5            [11] 8955 	push	hl
   349A 3E 02         [ 7] 8956 	ld	a, #0x02
   349C F5            [11] 8957 	push	af
   349D 33            [ 6] 8958 	inc	sp
   349E CDr42r30      [17] 8959 	call	_SetEnemyParams
   34A1 21 09 00      [10] 8960 	ld	hl, #9
   34A4 39            [11] 8961 	add	hl, sp
   34A5 F9            [ 6] 8962 	ld	sp, hl
                           8963 ;src/main.c:2043: SetEnemyParams(3, SENTINEL,	M_linear_X, 	D_right,    1, 73, 102,   2,  73);						
   34A6 21 02 49      [10] 8964 	ld	hl, #0x4902
   34A9 E5            [11] 8965 	push	hl
   34AA 21 49 66      [10] 8966 	ld	hl, #0x6649
   34AD E5            [11] 8967 	push	hl
   34AE 21 03 01      [10] 8968 	ld	hl, #0x0103
   34B1 E5            [11] 8969 	push	hl
   34B2 21 02 00      [10] 8970 	ld	hl, #0x0002
   34B5 E5            [11] 8971 	push	hl
   34B6 3E 03         [ 7] 8972 	ld	a, #0x03
   34B8 F5            [11] 8973 	push	af
   34B9 33            [ 6] 8974 	inc	sp
   34BA CDr42r30      [17] 8975 	call	_SetEnemyParams
   34BD 21 09 00      [10] 8976 	ld	hl, #9
   34C0 39            [11] 8977 	add	hl, sp
   34C1 F9            [ 6] 8978 	ld	sp, hl
                           8979 ;src/main.c:2044: SetEnemyParams(4, KNIGHT,	M_linear_Y, 	D_down,     1, 38,  50,  50, 178);
   34C2 21 32 B2      [10] 8980 	ld	hl, #0xb232
   34C5 E5            [11] 8981 	push	hl
   34C6 21 26 32      [10] 8982 	ld	hl, #0x3226
   34C9 E5            [11] 8983 	push	hl
   34CA 21 01 01      [10] 8984 	ld	hl, #0x0101
   34CD E5            [11] 8985 	push	hl
   34CE 2E 03         [ 7] 8986 	ld	l, #0x03
   34D0 E5            [11] 8987 	push	hl
   34D1 3E 04         [ 7] 8988 	ld	a, #0x04
   34D3 F5            [11] 8989 	push	af
   34D4 33            [ 6] 8990 	inc	sp
   34D5 CDr42r30      [17] 8991 	call	_SetEnemyParams
   34D8 21 09 00      [10] 8992 	ld	hl, #9
   34DB 39            [11] 8993 	add	hl, sp
   34DC F9            [ 6] 8994 	ld	sp, hl
                           8995 ;src/main.c:2045: SetEnemyParams(5, WITCH,	M_linear_X,		D_left,     1,  3,  62,   2,  73);
   34DD 21 02 49      [10] 8996 	ld	hl, #0x4902
   34E0 E5            [11] 8997 	push	hl
   34E1 21 03 3E      [10] 8998 	ld	hl, #0x3e03
   34E4 E5            [11] 8999 	push	hl
   34E5 21 02 01      [10] 9000 	ld	hl, #0x0102
   34E8 E5            [11] 9001 	push	hl
   34E9 21 06 00      [10] 9002 	ld	hl, #0x0006
   34EC E5            [11] 9003 	push	hl
   34ED 3E 05         [ 7] 9004 	ld	a, #0x05
   34EF F5            [11] 9005 	push	af
   34F0 33            [ 6] 9006 	inc	sp
   34F1 CDr42r30      [17] 9007 	call	_SetEnemyParams
   34F4 21 09 00      [10] 9008 	ld	hl, #9
   34F7 39            [11] 9009 	add	hl, sp
   34F8 F9            [ 6] 9010 	ld	sp, hl
                           9011 ;src/main.c:2047: spr[0].x = spr[0].px = 34; 
   34F9 21r3Er00      [10] 9012 	ld	hl, #(_spr + 0x0004)
   34FC 36 22         [10] 9013 	ld	(hl), #0x22
   34FE 21r3Cr00      [10] 9014 	ld	hl, #(_spr + 0x0002)
   3501 36 22         [10] 9015 	ld	(hl), #0x22
                           9016 ;src/main.c:2048: spr[0].y = spr[0].py = 176;			
   3503 21r3Fr00      [10] 9017 	ld	hl, #(_spr + 0x0005)
   3506 36 B0         [10] 9018 	ld	(hl), #0xb0
   3508 21r3Dr00      [10] 9019 	ld	hl, #(_spr + 0x0003)
   350B 36 B0         [10] 9020 	ld	(hl), #0xb0
                           9021 ;src/main.c:2050: cpct_zx7b_decrunch_s(UNPACKED_MAP_END, mappk5_end);
   350D 21r99r01      [10] 9022 	ld	hl, #(_mappk5 + 0x0199)
   3510 E5            [11] 9023 	push	hl
   3511 21 00 16      [10] 9024 	ld	hl, #0x1600
   3514 E5            [11] 9025 	push	hl
   3515 CDr00r00      [17] 9026 	call	_cpct_zx7b_decrunch_s
                           9027 ;src/main.c:2052: lName = "3;2@@CELLARS";
   3518 21rF2r39      [10] 9028 	ld	hl, #___str_40+0
   351B 22r02r00      [16] 9029 	ld	(_lName), hl
                           9030 ;src/main.c:2054: doorKey[0] = 7; // mammooth poop
   351E 21r0Fr00      [10] 9031 	ld	hl, #_doorKey
   3521 36 07         [10] 9032 	ld	(hl), #0x07
                           9033 ;src/main.c:2055: doorKey[1] = 8; // kraken ink
   3523 21r10r00      [10] 9034 	ld	hl, #(_doorKey + 0x0001)
   3526 36 08         [10] 9035 	ld	(hl), #0x08
                           9036 ;src/main.c:2056: doorKey[2] = 9; // mermaid tear
   3528 21r11r00      [10] 9037 	ld	hl, #(_doorKey + 0x0002)
   352B 36 09         [10] 9038 	ld	(hl), #0x09
                           9039 ;src/main.c:2057: doorKey[3] = 6; // newt eye
   352D 21r12r00      [10] 9040 	ld	hl, #(_doorKey + 0x0003)
   3530 36 06         [10] 9041 	ld	(hl), #0x06
                           9042 ;src/main.c:2058: doorKey[4] = 5; // diamond dust
   3532 21r13r00      [10] 9043 	ld	hl, #(_doorKey + 0x0004)
   3535 36 05         [10] 9044 	ld	(hl), #0x05
                           9045 ;src/main.c:2060: storeX = 3;
   3537 21r19r00      [10] 9046 	ld	hl,#_storeX + 0
   353A 36 03         [10] 9047 	ld	(hl), #0x03
                           9048 ;src/main.c:2061: storeY = 143;
   353C 21r1Ar00      [10] 9049 	ld	hl,#_storeY + 0
   353F 36 8F         [10] 9050 	ld	(hl), #0x8f
                           9051 ;src/main.c:2062: break;
   3541 C3r93r39      [10] 9052 	jp	00113$
                           9053 ;src/main.c:2065: case 6: {			 
   3544                    9054 00107$:
                           9055 ;src/main.c:2067: SetEnemyParams(2, KNIGHT,	M_linear_XY, 	D_up,     	1,  2, 174,   0,   0);
   3544 21 00 00      [10] 9056 	ld	hl, #0x0000
   3547 E5            [11] 9057 	push	hl
   3548 21 02 AE      [10] 9058 	ld	hl, #0xae02
   354B E5            [11] 9059 	push	hl
   354C 21 00 01      [10] 9060 	ld	hl, #0x0100
   354F E5            [11] 9061 	push	hl
   3550 21 03 02      [10] 9062 	ld	hl, #0x0203
   3553 E5            [11] 9063 	push	hl
   3554 3E 02         [ 7] 9064 	ld	a, #0x02
   3556 F5            [11] 9065 	push	af
   3557 33            [ 6] 9066 	inc	sp
   3558 CDr42r30      [17] 9067 	call	_SetEnemyParams
   355B 21 09 00      [10] 9068 	ld	hl, #9
   355E 39            [11] 9069 	add	hl, sp
   355F F9            [ 6] 9070 	ld	sp, hl
                           9071 ;src/main.c:2068: SetEnemyParams(3, KNIGHT,	M_linear_XY, 	D_left,    	1, 60, 116,   0,   0);
   3560 21 00 00      [10] 9072 	ld	hl, #0x0000
   3563 E5            [11] 9073 	push	hl
   3564 21 3C 74      [10] 9074 	ld	hl, #0x743c
   3567 E5            [11] 9075 	push	hl
   3568 21 02 01      [10] 9076 	ld	hl, #0x0102
   356B E5            [11] 9077 	push	hl
   356C 21 03 02      [10] 9078 	ld	hl, #0x0203
   356F E5            [11] 9079 	push	hl
   3570 3E 03         [ 7] 9080 	ld	a, #0x03
   3572 F5            [11] 9081 	push	af
   3573 33            [ 6] 9082 	inc	sp
   3574 CDr42r30      [17] 9083 	call	_SetEnemyParams
   3577 21 09 00      [10] 9084 	ld	hl, #9
   357A 39            [11] 9085 	add	hl, sp
   357B F9            [ 6] 9086 	ld	sp, hl
                           9087 ;src/main.c:2069: SetEnemyParams(4, SENTINEL,	M_linear_XY, 	D_left,     1, 73,  96,   0,   0);
   357C 21 00 00      [10] 9088 	ld	hl, #0x0000
   357F E5            [11] 9089 	push	hl
   3580 21 49 60      [10] 9090 	ld	hl, #0x6049
   3583 E5            [11] 9091 	push	hl
   3584 21 02 01      [10] 9092 	ld	hl, #0x0102
   3587 E5            [11] 9093 	push	hl
   3588 26 02         [ 7] 9094 	ld	h, #0x02
   358A E5            [11] 9095 	push	hl
   358B 3E 04         [ 7] 9096 	ld	a, #0x04
   358D F5            [11] 9097 	push	af
   358E 33            [ 6] 9098 	inc	sp
   358F CDr42r30      [17] 9099 	call	_SetEnemyParams
   3592 21 09 00      [10] 9100 	ld	hl, #9
   3595 39            [11] 9101 	add	hl, sp
   3596 F9            [ 6] 9102 	ld	sp, hl
                           9103 ;src/main.c:2070: SetEnemyParams(5, WITCH,	M_linear_X,		D_left,     1,  3,  60,   2,  73);
   3597 21 02 49      [10] 9104 	ld	hl, #0x4902
   359A E5            [11] 9105 	push	hl
   359B 21 03 3C      [10] 9106 	ld	hl, #0x3c03
   359E E5            [11] 9107 	push	hl
   359F 21 02 01      [10] 9108 	ld	hl, #0x0102
   35A2 E5            [11] 9109 	push	hl
   35A3 21 06 00      [10] 9110 	ld	hl, #0x0006
   35A6 E5            [11] 9111 	push	hl
   35A7 3E 05         [ 7] 9112 	ld	a, #0x05
   35A9 F5            [11] 9113 	push	af
   35AA 33            [ 6] 9114 	inc	sp
   35AB CDr42r30      [17] 9115 	call	_SetEnemyParams
   35AE 21 09 00      [10] 9116 	ld	hl, #9
   35B1 39            [11] 9117 	add	hl, sp
   35B2 F9            [ 6] 9118 	ld	sp, hl
                           9119 ;src/main.c:2072: spr[0].x = spr[0].px = 67; 
   35B3 21r3Er00      [10] 9120 	ld	hl, #(_spr + 0x0004)
   35B6 36 43         [10] 9121 	ld	(hl), #0x43
   35B8 21r3Cr00      [10] 9122 	ld	hl, #(_spr + 0x0002)
   35BB 36 43         [10] 9123 	ld	(hl), #0x43
                           9124 ;src/main.c:2073: spr[0].y = spr[0].py = 176;			
   35BD 21r3Fr00      [10] 9125 	ld	hl, #(_spr + 0x0005)
   35C0 36 B0         [10] 9126 	ld	(hl), #0xb0
   35C2 21r3Dr00      [10] 9127 	ld	hl, #(_spr + 0x0003)
   35C5 36 B0         [10] 9128 	ld	(hl), #0xb0
                           9129 ;src/main.c:2075: cpct_zx7b_decrunch_s(UNPACKED_MAP_END, mappk6_end);
   35C7 21rBBr01      [10] 9130 	ld	hl, #(_mappk6 + 0x01bb)
   35CA E5            [11] 9131 	push	hl
   35CB 21 00 16      [10] 9132 	ld	hl, #0x1600
   35CE E5            [11] 9133 	push	hl
   35CF CDr00r00      [17] 9134 	call	_cpct_zx7b_decrunch_s
                           9135 ;src/main.c:2077: lName = "4;1@@@CASTLE";	
   35D2 21rFFr39      [10] 9136 	ld	hl, #___str_41+0
   35D5 22r02r00      [16] 9137 	ld	(_lName), hl
                           9138 ;src/main.c:2079: doorKey[0] = 10; // martian mushroom
   35D8 21r0Fr00      [10] 9139 	ld	hl, #_doorKey
   35DB 36 0A         [10] 9140 	ld	(hl), #0x0a
                           9141 ;src/main.c:2080: doorKey[1] = 6; // newt eye
   35DD 21r10r00      [10] 9142 	ld	hl, #(_doorKey + 0x0001)
   35E0 36 06         [10] 9143 	ld	(hl), #0x06
                           9144 ;src/main.c:2081: doorKey[2] = 11; // dragon blood
   35E2 21r11r00      [10] 9145 	ld	hl, #(_doorKey + 0x0002)
   35E5 36 0B         [10] 9146 	ld	(hl), #0x0b
                           9147 ;src/main.c:2082: doorKey[3] = 6; // newt eye
   35E7 21r12r00      [10] 9148 	ld	hl, #(_doorKey + 0x0003)
   35EA 36 06         [10] 9149 	ld	(hl), #0x06
                           9150 ;src/main.c:2083: doorKey[4] = 10; // martian mushroom
   35EC 21r13r00      [10] 9151 	ld	hl, #(_doorKey + 0x0004)
   35EF 36 0A         [10] 9152 	ld	(hl), #0x0a
                           9153 ;src/main.c:2085: storeX = 3;
   35F1 21r19r00      [10] 9154 	ld	hl,#_storeX + 0
   35F4 36 03         [10] 9155 	ld	(hl), #0x03
                           9156 ;src/main.c:2086: storeY = 11;		
   35F6 21r1Ar00      [10] 9157 	ld	hl,#_storeY + 0
   35F9 36 0B         [10] 9158 	ld	(hl), #0x0b
                           9159 ;src/main.c:2087: break;
   35FB C3r93r39      [10] 9160 	jp	00113$
                           9161 ;src/main.c:2090: case 7: {			 
   35FE                    9162 00108$:
                           9163 ;src/main.c:2092: SetEnemyParams(2, NOBODY,	M_linear_XY, 	D_left,     1,  0,   0,   0,   0);
   35FE 21 00 00      [10] 9164 	ld	hl, #0x0000
   3601 E5            [11] 9165 	push	hl
   3602 2E 00         [ 7] 9166 	ld	l, #0x00
   3604 E5            [11] 9167 	push	hl
   3605 21 02 01      [10] 9168 	ld	hl, #0x0102
   3608 E5            [11] 9169 	push	hl
   3609 21 09 02      [10] 9170 	ld	hl, #0x0209
   360C E5            [11] 9171 	push	hl
   360D 3E 02         [ 7] 9172 	ld	a, #0x02
   360F F5            [11] 9173 	push	af
   3610 33            [ 6] 9174 	inc	sp
   3611 CDr42r30      [17] 9175 	call	_SetEnemyParams
   3614 21 09 00      [10] 9176 	ld	hl, #9
   3617 39            [11] 9177 	add	hl, sp
   3618 F9            [ 6] 9178 	ld	sp, hl
                           9179 ;src/main.c:2093: SetEnemyParams(3, GHOST,	M_linear_XY, 	D_up,       1,  3, 176,   0,   0);
   3619 21 00 00      [10] 9180 	ld	hl, #0x0000
   361C E5            [11] 9181 	push	hl
   361D 21 03 B0      [10] 9182 	ld	hl, #0xb003
   3620 E5            [11] 9183 	push	hl
   3621 21 00 01      [10] 9184 	ld	hl, #0x0100
   3624 E5            [11] 9185 	push	hl
   3625 21 04 02      [10] 9186 	ld	hl, #0x0204
   3628 E5            [11] 9187 	push	hl
   3629 3E 03         [ 7] 9188 	ld	a, #0x03
   362B F5            [11] 9189 	push	af
   362C 33            [ 6] 9190 	inc	sp
   362D CDr42r30      [17] 9191 	call	_SetEnemyParams
   3630 21 09 00      [10] 9192 	ld	hl, #9
   3633 39            [11] 9193 	add	hl, sp
   3634 F9            [ 6] 9194 	ld	sp, hl
                           9195 ;src/main.c:2094: SetEnemyParams(4, KNIGHT,	M_linear_XY, 	D_right,    1,  3,  44,   0,   0);
   3635 21 00 00      [10] 9196 	ld	hl, #0x0000
   3638 E5            [11] 9197 	push	hl
   3639 21 03 2C      [10] 9198 	ld	hl, #0x2c03
   363C E5            [11] 9199 	push	hl
   363D 26 01         [ 7] 9200 	ld	h, #0x01
   363F E5            [11] 9201 	push	hl
   3640 26 02         [ 7] 9202 	ld	h, #0x02
   3642 E5            [11] 9203 	push	hl
   3643 3E 04         [ 7] 9204 	ld	a, #0x04
   3645 F5            [11] 9205 	push	af
   3646 33            [ 6] 9206 	inc	sp
   3647 CDr42r30      [17] 9207 	call	_SetEnemyParams
   364A 21 09 00      [10] 9208 	ld	hl, #9
   364D 39            [11] 9209 	add	hl, sp
   364E F9            [ 6] 9210 	ld	sp, hl
                           9211 ;src/main.c:2095: SetEnemyParams(5, KNIGHT,	M_linear_XY, 	D_down,     1, 73,  44,   0,   0);
   364F 21 00 00      [10] 9212 	ld	hl, #0x0000
   3652 E5            [11] 9213 	push	hl
   3653 21 49 2C      [10] 9214 	ld	hl, #0x2c49
   3656 E5            [11] 9215 	push	hl
   3657 21 01 01      [10] 9216 	ld	hl, #0x0101
   365A E5            [11] 9217 	push	hl
   365B 21 03 02      [10] 9218 	ld	hl, #0x0203
   365E E5            [11] 9219 	push	hl
   365F 3E 05         [ 7] 9220 	ld	a, #0x05
   3661 F5            [11] 9221 	push	af
   3662 33            [ 6] 9222 	inc	sp
   3663 CDr42r30      [17] 9223 	call	_SetEnemyParams
   3666 21 09 00      [10] 9224 	ld	hl, #9
   3669 39            [11] 9225 	add	hl, sp
   366A F9            [ 6] 9226 	ld	sp, hl
                           9227 ;src/main.c:2097: spr[0].x = spr[0].px = 36; 
   366B 21r3Er00      [10] 9228 	ld	hl, #(_spr + 0x0004)
   366E 36 24         [10] 9229 	ld	(hl), #0x24
   3670 21r3Cr00      [10] 9230 	ld	hl, #(_spr + 0x0002)
   3673 36 24         [10] 9231 	ld	(hl), #0x24
                           9232 ;src/main.c:2098: spr[0].y = spr[0].py = 176;			
   3675 21r3Fr00      [10] 9233 	ld	hl, #(_spr + 0x0005)
   3678 36 B0         [10] 9234 	ld	(hl), #0xb0
   367A 21r3Dr00      [10] 9235 	ld	hl, #(_spr + 0x0003)
   367D 36 B0         [10] 9236 	ld	(hl), #0xb0
                           9237 ;src/main.c:2100: cpct_zx7b_decrunch_s(UNPACKED_MAP_END, mappk7_end);
   367F 21r1Br02      [10] 9238 	ld	hl, #(_mappk7 + 0x021b)
   3682 E5            [11] 9239 	push	hl
   3683 21 00 16      [10] 9240 	ld	hl, #0x1600
   3686 E5            [11] 9241 	push	hl
   3687 CDr00r00      [17] 9242 	call	_cpct_zx7b_decrunch_s
                           9243 ;src/main.c:2102: lName = "4;2@@@CASTLE";
   368A 21r0Cr3A      [10] 9244 	ld	hl, #___str_42+0
   368D 22r02r00      [16] 9245 	ld	(_lName), hl
                           9246 ;src/main.c:2104: doorKey[0] = 5; // diamond dust
   3690 21r0Fr00      [10] 9247 	ld	hl, #_doorKey
   3693 36 05         [10] 9248 	ld	(hl), #0x05
                           9249 ;src/main.c:2105: doorKey[1] = 11; // dragon blood
   3695 21r10r00      [10] 9250 	ld	hl, #(_doorKey + 0x0001)
   3698 36 0B         [10] 9251 	ld	(hl), #0x0b
                           9252 ;src/main.c:2106: doorKey[2] = 7; // mammooth poop
   369A 21r11r00      [10] 9253 	ld	hl, #(_doorKey + 0x0002)
   369D 36 07         [10] 9254 	ld	(hl), #0x07
                           9255 ;src/main.c:2107: doorKey[3] = 11; // dragon blood
   369F 21r12r00      [10] 9256 	ld	hl, #(_doorKey + 0x0003)
   36A2 36 0B         [10] 9257 	ld	(hl), #0x0b
                           9258 ;src/main.c:2108: doorKey[4] = 5; // diamond dust
   36A4 21r13r00      [10] 9259 	ld	hl, #(_doorKey + 0x0004)
   36A7 36 05         [10] 9260 	ld	(hl), #0x05
                           9261 ;src/main.c:2110: storeX = 33;
   36A9 21r19r00      [10] 9262 	ld	hl,#_storeX + 0
   36AC 36 21         [10] 9263 	ld	(hl), #0x21
                           9264 ;src/main.c:2111: storeY = 95;
   36AE 21r1Ar00      [10] 9265 	ld	hl,#_storeY + 0
   36B1 36 5F         [10] 9266 	ld	(hl), #0x5f
                           9267 ;src/main.c:2112: break;
   36B3 C3r93r39      [10] 9268 	jp	00113$
                           9269 ;src/main.c:2115: case 8: {			 
   36B6                    9270 00109$:
                           9271 ;src/main.c:2117: SetEnemyParams(2, NOBODY,	M_linear_X, 	D_left,     1,  0,   0,   0,   0);
   36B6 21 00 00      [10] 9272 	ld	hl, #0x0000
   36B9 E5            [11] 9273 	push	hl
   36BA 2E 00         [ 7] 9274 	ld	l, #0x00
   36BC E5            [11] 9275 	push	hl
   36BD 21 02 01      [10] 9276 	ld	hl, #0x0102
   36C0 E5            [11] 9277 	push	hl
   36C1 21 09 00      [10] 9278 	ld	hl, #0x0009
   36C4 E5            [11] 9279 	push	hl
   36C5 3E 02         [ 7] 9280 	ld	a, #0x02
   36C7 F5            [11] 9281 	push	af
   36C8 33            [ 6] 9282 	inc	sp
   36C9 CDr42r30      [17] 9283 	call	_SetEnemyParams
   36CC 21 09 00      [10] 9284 	ld	hl, #9
   36CF 39            [11] 9285 	add	hl, sp
   36D0 F9            [ 6] 9286 	ld	sp, hl
                           9287 ;src/main.c:2118: SetEnemyParams(3, GHOST,	M_chaser,		D_right,    7,  2, 114,   0,   0);						
   36D1 21 00 00      [10] 9288 	ld	hl, #0x0000
   36D4 E5            [11] 9289 	push	hl
   36D5 21 02 72      [10] 9290 	ld	hl, #0x7202
   36D8 E5            [11] 9291 	push	hl
   36D9 21 03 07      [10] 9292 	ld	hl, #0x0703
   36DC E5            [11] 9293 	push	hl
   36DD 21 04 03      [10] 9294 	ld	hl, #0x0304
   36E0 E5            [11] 9295 	push	hl
   36E1 3E 03         [ 7] 9296 	ld	a, #0x03
   36E3 F5            [11] 9297 	push	af
   36E4 33            [ 6] 9298 	inc	sp
   36E5 CDr42r30      [17] 9299 	call	_SetEnemyParams
   36E8 21 09 00      [10] 9300 	ld	hl, #9
   36EB 39            [11] 9301 	add	hl, sp
   36EC F9            [ 6] 9302 	ld	sp, hl
                           9303 ;src/main.c:2119: SetEnemyParams(4, KNIGHT, 	M_linear_XY,    D_right,    1, 10,  68,   0,   0);
   36ED 21 00 00      [10] 9304 	ld	hl, #0x0000
   36F0 E5            [11] 9305 	push	hl
   36F1 21 0A 44      [10] 9306 	ld	hl, #0x440a
   36F4 E5            [11] 9307 	push	hl
   36F5 21 03 01      [10] 9308 	ld	hl, #0x0103
   36F8 E5            [11] 9309 	push	hl
   36F9 26 02         [ 7] 9310 	ld	h, #0x02
   36FB E5            [11] 9311 	push	hl
   36FC 3E 04         [ 7] 9312 	ld	a, #0x04
   36FE F5            [11] 9313 	push	af
   36FF 33            [ 6] 9314 	inc	sp
   3700 CDr42r30      [17] 9315 	call	_SetEnemyParams
   3703 21 09 00      [10] 9316 	ld	hl, #9
   3706 39            [11] 9317 	add	hl, sp
   3707 F9            [ 6] 9318 	ld	sp, hl
                           9319 ;src/main.c:2120: SetEnemyParams(5, KNIGHT,	M_linear_XY,	D_down,     1,  2,  38,   0,   0);
   3708 21 00 00      [10] 9320 	ld	hl, #0x0000
   370B E5            [11] 9321 	push	hl
   370C 21 02 26      [10] 9322 	ld	hl, #0x2602
   370F E5            [11] 9323 	push	hl
   3710 21 01 01      [10] 9324 	ld	hl, #0x0101
   3713 E5            [11] 9325 	push	hl
   3714 21 03 02      [10] 9326 	ld	hl, #0x0203
   3717 E5            [11] 9327 	push	hl
   3718 3E 05         [ 7] 9328 	ld	a, #0x05
   371A F5            [11] 9329 	push	af
   371B 33            [ 6] 9330 	inc	sp
   371C CDr42r30      [17] 9331 	call	_SetEnemyParams
   371F 21 09 00      [10] 9332 	ld	hl, #9
   3722 39            [11] 9333 	add	hl, sp
   3723 F9            [ 6] 9334 	ld	sp, hl
                           9335 ;src/main.c:2122: spr[0].x = spr[0].px = 34; 
   3724 21r3Er00      [10] 9336 	ld	hl, #(_spr + 0x0004)
   3727 36 22         [10] 9337 	ld	(hl), #0x22
   3729 21r3Cr00      [10] 9338 	ld	hl, #(_spr + 0x0002)
   372C 36 22         [10] 9339 	ld	(hl), #0x22
                           9340 ;src/main.c:2123: spr[0].y = spr[0].py = 176;			
   372E 21r3Fr00      [10] 9341 	ld	hl, #(_spr + 0x0005)
   3731 36 B0         [10] 9342 	ld	(hl), #0xb0
   3733 21r3Dr00      [10] 9343 	ld	hl, #(_spr + 0x0003)
   3736 36 B0         [10] 9344 	ld	(hl), #0xb0
                           9345 ;src/main.c:2125: cpct_zx7b_decrunch_s(UNPACKED_MAP_END, mappk8_end);
   3738 21r4Er01      [10] 9346 	ld	hl, #(_mappk8 + 0x014e)
   373B E5            [11] 9347 	push	hl
   373C 21 00 16      [10] 9348 	ld	hl, #0x1600
   373F E5            [11] 9349 	push	hl
   3740 CDr00r00      [17] 9350 	call	_cpct_zx7b_decrunch_s
                           9351 ;src/main.c:2127: lName = "5;1@@@TOWER";	
   3743 21r19r3A      [10] 9352 	ld	hl, #___str_43+0
   3746 22r02r00      [16] 9353 	ld	(_lName), hl
                           9354 ;src/main.c:2129: doorKey[0] = 8; // kraken ink
   3749 21r0Fr00      [10] 9355 	ld	hl, #_doorKey
   374C 36 08         [10] 9356 	ld	(hl), #0x08
                           9357 ;src/main.c:2130: doorKey[1] = 9; // mermaid tear
   374E 21r10r00      [10] 9358 	ld	hl, #(_doorKey + 0x0001)
   3751 36 09         [10] 9359 	ld	(hl), #0x09
                           9360 ;src/main.c:2131: doorKey[2] = 10; // martian mushroom
   3753 21r11r00      [10] 9361 	ld	hl, #(_doorKey + 0x0002)
   3756 36 0A         [10] 9362 	ld	(hl), #0x0a
                           9363 ;src/main.c:2132: doorKey[3] = 11; // dragon blood
   3758 21r12r00      [10] 9364 	ld	hl, #(_doorKey + 0x0003)
   375B 36 0B         [10] 9365 	ld	(hl), #0x0b
                           9366 ;src/main.c:2133: doorKey[4] = 12; // dodo egg
   375D 21r13r00      [10] 9367 	ld	hl, #(_doorKey + 0x0004)
   3760 36 0C         [10] 9368 	ld	(hl), #0x0c
                           9369 ;src/main.c:2135: storeX = 25;
   3762 21r19r00      [10] 9370 	ld	hl,#_storeX + 0
   3765 36 19         [10] 9371 	ld	(hl), #0x19
                           9372 ;src/main.c:2136: storeY = 95;		
   3767 21r1Ar00      [10] 9373 	ld	hl,#_storeY + 0
   376A 36 5F         [10] 9374 	ld	(hl), #0x5f
                           9375 ;src/main.c:2137: break;
   376C C3r93r39      [10] 9376 	jp	00113$
                           9377 ;src/main.c:2140: case 9: {			 
   376F                    9378 00110$:
                           9379 ;src/main.c:2142: SetEnemyParams(2, BAT,		M_linear_X, 	D_left,     1, 73, 111,  41,  73);
   376F 21 29 49      [10] 9380 	ld	hl, #0x4929
   3772 E5            [11] 9381 	push	hl
   3773 21 49 6F      [10] 9382 	ld	hl, #0x6f49
   3776 E5            [11] 9383 	push	hl
   3777 21 02 01      [10] 9384 	ld	hl, #0x0102
   377A E5            [11] 9385 	push	hl
   377B 21 05 00      [10] 9386 	ld	hl, #0x0005
   377E E5            [11] 9387 	push	hl
   377F 3E 02         [ 7] 9388 	ld	a, #0x02
   3781 F5            [11] 9389 	push	af
   3782 33            [ 6] 9390 	inc	sp
   3783 CDr42r30      [17] 9391 	call	_SetEnemyParams
   3786 21 09 00      [10] 9392 	ld	hl, #9
   3789 39            [11] 9393 	add	hl, sp
   378A F9            [ 6] 9394 	ld	sp, hl
                           9395 ;src/main.c:2143: SetEnemyParams(3, BAT,		M_linear_X,		D_right,    1,  2, 111,   2,  34);				
   378B 21 02 22      [10] 9396 	ld	hl, #0x2202
   378E E5            [11] 9397 	push	hl
   378F 26 6F         [ 7] 9398 	ld	h, #0x6f
   3791 E5            [11] 9399 	push	hl
   3792 21 03 01      [10] 9400 	ld	hl, #0x0103
   3795 E5            [11] 9401 	push	hl
   3796 21 05 00      [10] 9402 	ld	hl, #0x0005
   3799 E5            [11] 9403 	push	hl
   379A 3E 03         [ 7] 9404 	ld	a, #0x03
   379C F5            [11] 9405 	push	af
   379D 33            [ 6] 9406 	inc	sp
   379E CDr42r30      [17] 9407 	call	_SetEnemyParams
   37A1 21 09 00      [10] 9408 	ld	hl, #9
   37A4 39            [11] 9409 	add	hl, sp
   37A5 F9            [ 6] 9410 	ld	sp, hl
                           9411 ;src/main.c:2144: SetEnemyParams(4, SENTINEL, M_linear_Y,    	D_down,     1, 27,  44,  44, 175);
   37A6 21 2C AF      [10] 9412 	ld	hl, #0xaf2c
   37A9 E5            [11] 9413 	push	hl
   37AA 21 1B 2C      [10] 9414 	ld	hl, #0x2c1b
   37AD E5            [11] 9415 	push	hl
   37AE 21 01 01      [10] 9416 	ld	hl, #0x0101
   37B1 E5            [11] 9417 	push	hl
   37B2 2E 02         [ 7] 9418 	ld	l, #0x02
   37B4 E5            [11] 9419 	push	hl
   37B5 3E 04         [ 7] 9420 	ld	a, #0x04
   37B7 F5            [11] 9421 	push	af
   37B8 33            [ 6] 9422 	inc	sp
   37B9 CDr42r30      [17] 9423 	call	_SetEnemyParams
   37BC 21 09 00      [10] 9424 	ld	hl, #9
   37BF 39            [11] 9425 	add	hl, sp
   37C0 F9            [ 6] 9426 	ld	sp, hl
                           9427 ;src/main.c:2145: SetEnemyParams(5, SENTINEL,	M_linear_Y,		D_up,       1, 49, 160,  44, 175);
   37C1 21 2C AF      [10] 9428 	ld	hl, #0xaf2c
   37C4 E5            [11] 9429 	push	hl
   37C5 21 31 A0      [10] 9430 	ld	hl, #0xa031
   37C8 E5            [11] 9431 	push	hl
   37C9 21 00 01      [10] 9432 	ld	hl, #0x0100
   37CC E5            [11] 9433 	push	hl
   37CD 2E 02         [ 7] 9434 	ld	l, #0x02
   37CF E5            [11] 9435 	push	hl
   37D0 3E 05         [ 7] 9436 	ld	a, #0x05
   37D2 F5            [11] 9437 	push	af
   37D3 33            [ 6] 9438 	inc	sp
   37D4 CDr42r30      [17] 9439 	call	_SetEnemyParams
   37D7 21 09 00      [10] 9440 	ld	hl, #9
   37DA 39            [11] 9441 	add	hl, sp
   37DB F9            [ 6] 9442 	ld	sp, hl
                           9443 ;src/main.c:2147: spr[0].x = spr[0].px = 34; 
   37DC 21r3Er00      [10] 9444 	ld	hl, #(_spr + 0x0004)
   37DF 36 22         [10] 9445 	ld	(hl), #0x22
   37E1 21r3Cr00      [10] 9446 	ld	hl, #(_spr + 0x0002)
   37E4 36 22         [10] 9447 	ld	(hl), #0x22
                           9448 ;src/main.c:2148: spr[0].y = spr[0].py = 176;			
   37E6 21r3Fr00      [10] 9449 	ld	hl, #(_spr + 0x0005)
   37E9 36 B0         [10] 9450 	ld	(hl), #0xb0
   37EB 21r3Dr00      [10] 9451 	ld	hl, #(_spr + 0x0003)
   37EE 36 B0         [10] 9452 	ld	(hl), #0xb0
                           9453 ;src/main.c:2150: cpct_zx7b_decrunch_s(UNPACKED_MAP_END, mappk9_end);
   37F0 21rACr01      [10] 9454 	ld	hl, #(_mappk9 + 0x01ac)
   37F3 E5            [11] 9455 	push	hl
   37F4 21 00 16      [10] 9456 	ld	hl, #0x1600
   37F7 E5            [11] 9457 	push	hl
   37F8 CDr00r00      [17] 9458 	call	_cpct_zx7b_decrunch_s
                           9459 ;src/main.c:2152: lName = "5;2@@@TOWER";	
   37FB 21r25r3A      [10] 9460 	ld	hl, #___str_44+0
   37FE 22r02r00      [16] 9461 	ld	(_lName), hl
                           9462 ;src/main.c:2154: doorKey[0] = 10; // martian mushroom
   3801 21r0Fr00      [10] 9463 	ld	hl, #_doorKey
   3804 36 0A         [10] 9464 	ld	(hl), #0x0a
                           9465 ;src/main.c:2155: doorKey[1] = 5; // diamond dust
   3806 21r10r00      [10] 9466 	ld	hl, #(_doorKey + 0x0001)
   3809 36 05         [10] 9467 	ld	(hl), #0x05
                           9468 ;src/main.c:2156: doorKey[2] = 12; // dodo egg
   380B 21r11r00      [10] 9469 	ld	hl, #(_doorKey + 0x0002)
   380E 36 0C         [10] 9470 	ld	(hl), #0x0c
                           9471 ;src/main.c:2157: doorKey[3] = 4; // toad snot
   3810 21r12r00      [10] 9472 	ld	hl, #(_doorKey + 0x0003)
   3813 36 04         [10] 9473 	ld	(hl), #0x04
                           9474 ;src/main.c:2158: doorKey[4] = 13; // unicorn blood
   3815 21r13r00      [10] 9475 	ld	hl, #(_doorKey + 0x0004)
   3818 36 0D         [10] 9476 	ld	(hl), #0x0d
                           9477 ;src/main.c:2160: storeX = 41;
   381A 21r19r00      [10] 9478 	ld	hl,#_storeX + 0
   381D 36 29         [10] 9479 	ld	(hl), #0x29
                           9480 ;src/main.c:2161: storeY = 43;		
   381F 21r1Ar00      [10] 9481 	ld	hl,#_storeY + 0
   3822 36 2B         [10] 9482 	ld	(hl), #0x2b
                           9483 ;src/main.c:2162: break;
   3824 C3r93r39      [10] 9484 	jp	00113$
                           9485 ;src/main.c:2165: case 10: {			 
   3827                    9486 00111$:
                           9487 ;src/main.c:2167: SetEnemyParams(2, SENTINEL,	M_linear_X, 	D_left,     1,  2, 156,   2,  73);
   3827 21 02 49      [10] 9488 	ld	hl, #0x4902
   382A E5            [11] 9489 	push	hl
   382B 26 9C         [ 7] 9490 	ld	h, #0x9c
   382D E5            [11] 9491 	push	hl
   382E 26 01         [ 7] 9492 	ld	h, #0x01
   3830 E5            [11] 9493 	push	hl
   3831 26 00         [ 7] 9494 	ld	h, #0x00
   3833 E5            [11] 9495 	push	hl
   3834 3E 02         [ 7] 9496 	ld	a, #0x02
   3836 F5            [11] 9497 	push	af
   3837 33            [ 6] 9498 	inc	sp
   3838 CDr42r30      [17] 9499 	call	_SetEnemyParams
   383B 21 09 00      [10] 9500 	ld	hl, #9
   383E 39            [11] 9501 	add	hl, sp
   383F F9            [ 6] 9502 	ld	sp, hl
                           9503 ;src/main.c:2168: SetEnemyParams(3, GHOST,	M_chaser, 		D_right,    4,  2, 114,   0,   0);
   3840 21 00 00      [10] 9504 	ld	hl, #0x0000
   3843 E5            [11] 9505 	push	hl
   3844 21 02 72      [10] 9506 	ld	hl, #0x7202
   3847 E5            [11] 9507 	push	hl
   3848 21 03 04      [10] 9508 	ld	hl, #0x0403
   384B E5            [11] 9509 	push	hl
   384C 21 04 03      [10] 9510 	ld	hl, #0x0304
   384F E5            [11] 9511 	push	hl
   3850 3E 03         [ 7] 9512 	ld	a, #0x03
   3852 F5            [11] 9513 	push	af
   3853 33            [ 6] 9514 	inc	sp
   3854 CDr42r30      [17] 9515 	call	_SetEnemyParams
   3857 21 09 00      [10] 9516 	ld	hl, #9
   385A 39            [11] 9517 	add	hl, sp
   385B F9            [ 6] 9518 	ld	sp, hl
                           9519 ;src/main.c:2169: SetEnemyParams(4, KNIGHT,	M_linear_Y, 	D_right,    1, 17,  40,  40, 145);
   385C 21 28 91      [10] 9520 	ld	hl, #0x9128
   385F E5            [11] 9521 	push	hl
   3860 21 11 28      [10] 9522 	ld	hl, #0x2811
   3863 E5            [11] 9523 	push	hl
   3864 21 03 01      [10] 9524 	ld	hl, #0x0103
   3867 E5            [11] 9525 	push	hl
   3868 2E 03         [ 7] 9526 	ld	l, #0x03
   386A E5            [11] 9527 	push	hl
   386B 3E 04         [ 7] 9528 	ld	a, #0x04
   386D F5            [11] 9529 	push	af
   386E 33            [ 6] 9530 	inc	sp
   386F CDr42r30      [17] 9531 	call	_SetEnemyParams
   3872 21 09 00      [10] 9532 	ld	hl, #9
   3875 39            [11] 9533 	add	hl, sp
   3876 F9            [ 6] 9534 	ld	sp, hl
                           9535 ;src/main.c:2170: SetEnemyParams(5, KNIGHT,	M_linear_Y, 	D_left,     1, 59,  40,  40, 145);
   3877 21 28 91      [10] 9536 	ld	hl, #0x9128
   387A E5            [11] 9537 	push	hl
   387B 21 3B 28      [10] 9538 	ld	hl, #0x283b
   387E E5            [11] 9539 	push	hl
   387F 21 02 01      [10] 9540 	ld	hl, #0x0102
   3882 E5            [11] 9541 	push	hl
   3883 2E 03         [ 7] 9542 	ld	l, #0x03
   3885 E5            [11] 9543 	push	hl
   3886 3E 05         [ 7] 9544 	ld	a, #0x05
   3888 F5            [11] 9545 	push	af
   3889 33            [ 6] 9546 	inc	sp
   388A CDr42r30      [17] 9547 	call	_SetEnemyParams
   388D 21 09 00      [10] 9548 	ld	hl, #9
   3890 39            [11] 9549 	add	hl, sp
   3891 F9            [ 6] 9550 	ld	sp, hl
                           9551 ;src/main.c:2172: spr[0].x = spr[0].px = 54; 
   3892 21r3Er00      [10] 9552 	ld	hl, #(_spr + 0x0004)
   3895 36 36         [10] 9553 	ld	(hl), #0x36
   3897 21r3Cr00      [10] 9554 	ld	hl, #(_spr + 0x0002)
   389A 36 36         [10] 9555 	ld	(hl), #0x36
                           9556 ;src/main.c:2173: spr[0].y = spr[0].py = 176;			
   389C 21r3Fr00      [10] 9557 	ld	hl, #(_spr + 0x0005)
   389F 36 B0         [10] 9558 	ld	(hl), #0xb0
   38A1 21r3Dr00      [10] 9559 	ld	hl, #(_spr + 0x0003)
   38A4 36 B0         [10] 9560 	ld	(hl), #0xb0
                           9561 ;src/main.c:2175: cpct_zx7b_decrunch_s(UNPACKED_MAP_END, mappk10_end);
   38A6 21rADr01      [10] 9562 	ld	hl, #(_mappk10 + 0x01ad)
   38A9 E5            [11] 9563 	push	hl
   38AA 21 00 16      [10] 9564 	ld	hl, #0x1600
   38AD E5            [11] 9565 	push	hl
   38AE CDr00r00      [17] 9566 	call	_cpct_zx7b_decrunch_s
                           9567 ;src/main.c:2177: lName = "6;1@@LIBRARY";
   38B1 21r31r3A      [10] 9568 	ld	hl, #___str_45+0
   38B4 22r02r00      [16] 9569 	ld	(_lName), hl
                           9570 ;src/main.c:2179: doorKey[0] = 11; // dragon blood
   38B7 21r0Fr00      [10] 9571 	ld	hl, #_doorKey
   38BA 36 0B         [10] 9572 	ld	(hl), #0x0b
                           9573 ;src/main.c:2180: doorKey[1] = 8; // kraken ink
   38BC 21r10r00      [10] 9574 	ld	hl, #(_doorKey + 0x0001)
   38BF 36 08         [10] 9575 	ld	(hl), #0x08
                           9576 ;src/main.c:2181: doorKey[2] = 9; // dodo egg
   38C1 21r11r00      [10] 9577 	ld	hl, #(_doorKey + 0x0002)
   38C4 36 09         [10] 9578 	ld	(hl), #0x09
                           9579 ;src/main.c:2182: doorKey[3] = 10; // martian mushroom
   38C6 21r12r00      [10] 9580 	ld	hl, #(_doorKey + 0x0003)
   38C9 36 0A         [10] 9581 	ld	(hl), #0x0a
                           9582 ;src/main.c:2183: doorKey[4] = 15; // mordor lava
   38CB 21r13r00      [10] 9583 	ld	hl, #(_doorKey + 0x0004)
   38CE 36 0F         [10] 9584 	ld	(hl), #0x0f
                           9585 ;src/main.c:2185: storeX = 3;
   38D0 21r19r00      [10] 9586 	ld	hl,#_storeX + 0
   38D3 36 03         [10] 9587 	ld	(hl), #0x03
                           9588 ;src/main.c:2186: storeY = 143;
   38D5 21r1Ar00      [10] 9589 	ld	hl,#_storeY + 0
   38D8 36 8F         [10] 9590 	ld	(hl), #0x8f
                           9591 ;src/main.c:2187: break;
   38DA C3r93r39      [10] 9592 	jp	00113$
                           9593 ;src/main.c:2190: case 11: {			 
   38DD                    9594 00112$:
                           9595 ;src/main.c:2192: SetEnemyParams(2, GHOST,	M_linear_X, 	D_left,     1,  2, 132,   2,  72);
   38DD 21 02 48      [10] 9596 	ld	hl, #0x4802
   38E0 E5            [11] 9597 	push	hl
   38E1 26 84         [ 7] 9598 	ld	h, #0x84
   38E3 E5            [11] 9599 	push	hl
   38E4 26 01         [ 7] 9600 	ld	h, #0x01
   38E6 E5            [11] 9601 	push	hl
   38E7 21 04 00      [10] 9602 	ld	hl, #0x0004
   38EA E5            [11] 9603 	push	hl
   38EB 3E 02         [ 7] 9604 	ld	a, #0x02
   38ED F5            [11] 9605 	push	af
   38EE 33            [ 6] 9606 	inc	sp
   38EF CDr42r30      [17] 9607 	call	_SetEnemyParams
   38F2 21 09 00      [10] 9608 	ld	hl, #9
   38F5 39            [11] 9609 	add	hl, sp
   38F6 F9            [ 6] 9610 	ld	sp, hl
                           9611 ;src/main.c:2193: SetEnemyParams(3, GHOST,	M_chaser, 		D_right,    5,  2, 114,   0,   0);
   38F7 21 00 00      [10] 9612 	ld	hl, #0x0000
   38FA E5            [11] 9613 	push	hl
   38FB 21 02 72      [10] 9614 	ld	hl, #0x7202
   38FE E5            [11] 9615 	push	hl
   38FF 21 03 05      [10] 9616 	ld	hl, #0x0503
   3902 E5            [11] 9617 	push	hl
   3903 21 04 03      [10] 9618 	ld	hl, #0x0304
   3906 E5            [11] 9619 	push	hl
   3907 3E 03         [ 7] 9620 	ld	a, #0x03
   3909 F5            [11] 9621 	push	af
   390A 33            [ 6] 9622 	inc	sp
   390B CDr42r30      [17] 9623 	call	_SetEnemyParams
   390E 21 09 00      [10] 9624 	ld	hl, #9
   3911 39            [11] 9625 	add	hl, sp
   3912 F9            [ 6] 9626 	ld	sp, hl
                           9627 ;src/main.c:2194: SetEnemyParams(4, KNIGHT,	M_linear_XY, 	D_down,     1, 21,  38,   0,   0);
   3913 21 00 00      [10] 9628 	ld	hl, #0x0000
   3916 E5            [11] 9629 	push	hl
   3917 21 15 26      [10] 9630 	ld	hl, #0x2615
   391A E5            [11] 9631 	push	hl
   391B 21 01 01      [10] 9632 	ld	hl, #0x0101
   391E E5            [11] 9633 	push	hl
   391F 21 03 02      [10] 9634 	ld	hl, #0x0203
   3922 E5            [11] 9635 	push	hl
   3923 3E 04         [ 7] 9636 	ld	a, #0x04
   3925 F5            [11] 9637 	push	af
   3926 33            [ 6] 9638 	inc	sp
   3927 CDr42r30      [17] 9639 	call	_SetEnemyParams
   392A 21 09 00      [10] 9640 	ld	hl, #9
   392D 39            [11] 9641 	add	hl, sp
   392E F9            [ 6] 9642 	ld	sp, hl
                           9643 ;src/main.c:2195: SetEnemyParams(5, KNIGHT,	M_linear_XY, 	D_down,     1, 55,  38,   0,   0);
   392F 21 00 00      [10] 9644 	ld	hl, #0x0000
   3932 E5            [11] 9645 	push	hl
   3933 21 37 26      [10] 9646 	ld	hl, #0x2637
   3936 E5            [11] 9647 	push	hl
   3937 21 01 01      [10] 9648 	ld	hl, #0x0101
   393A E5            [11] 9649 	push	hl
   393B 21 03 02      [10] 9650 	ld	hl, #0x0203
   393E E5            [11] 9651 	push	hl
   393F 3E 05         [ 7] 9652 	ld	a, #0x05
   3941 F5            [11] 9653 	push	af
   3942 33            [ 6] 9654 	inc	sp
   3943 CDr42r30      [17] 9655 	call	_SetEnemyParams
   3946 21 09 00      [10] 9656 	ld	hl, #9
   3949 39            [11] 9657 	add	hl, sp
   394A F9            [ 6] 9658 	ld	sp, hl
                           9659 ;src/main.c:2197: spr[0].x = spr[0].px = 34; 
   394B 21r3Er00      [10] 9660 	ld	hl, #(_spr + 0x0004)
   394E 36 22         [10] 9661 	ld	(hl), #0x22
   3950 21r3Cr00      [10] 9662 	ld	hl, #(_spr + 0x0002)
   3953 36 22         [10] 9663 	ld	(hl), #0x22
                           9664 ;src/main.c:2198: spr[0].y = spr[0].py = 176;			
   3955 21r3Fr00      [10] 9665 	ld	hl, #(_spr + 0x0005)
   3958 36 B0         [10] 9666 	ld	(hl), #0xb0
   395A 21r3Dr00      [10] 9667 	ld	hl, #(_spr + 0x0003)
   395D 36 B0         [10] 9668 	ld	(hl), #0xb0
                           9669 ;src/main.c:2200: cpct_zx7b_decrunch_s(UNPACKED_MAP_END, mappk11_end);
   395F 21r0Br02      [10] 9670 	ld	hl, #(_mappk11 + 0x020b)
   3962 E5            [11] 9671 	push	hl
   3963 21 00 16      [10] 9672 	ld	hl, #0x1600
   3966 E5            [11] 9673 	push	hl
   3967 CDr00r00      [17] 9674 	call	_cpct_zx7b_decrunch_s
                           9675 ;src/main.c:2202: lName = "6;2@@LIBRARY";
   396A 21r3Er3A      [10] 9676 	ld	hl, #___str_46+0
   396D 22r02r00      [16] 9677 	ld	(_lName), hl
                           9678 ;src/main.c:2204: doorKey[0] = 13; // unicorn blood
   3970 21r0Fr00      [10] 9679 	ld	hl, #_doorKey
   3973 36 0D         [10] 9680 	ld	(hl), #0x0d
                           9681 ;src/main.c:2205: doorKey[1] = 15; // mordor lava
   3975 21r10r00      [10] 9682 	ld	hl, #(_doorKey + 0x0001)
   3978 36 0F         [10] 9683 	ld	(hl), #0x0f
                           9684 ;src/main.c:2206: doorKey[2] = 14; // troll fat
   397A 21r11r00      [10] 9685 	ld	hl, #(_doorKey + 0x0002)
   397D 36 0E         [10] 9686 	ld	(hl), #0x0e
                           9687 ;src/main.c:2207: doorKey[3] = 15; // mordor lava
   397F 21r12r00      [10] 9688 	ld	hl, #(_doorKey + 0x0003)
   3982 36 0F         [10] 9689 	ld	(hl), #0x0f
                           9690 ;src/main.c:2208: doorKey[4] = 13; // unicorn blood
   3984 21r13r00      [10] 9691 	ld	hl, #(_doorKey + 0x0004)
   3987 36 0D         [10] 9692 	ld	(hl), #0x0d
                           9693 ;src/main.c:2210: storeX = 73;
   3989 21r19r00      [10] 9694 	ld	hl,#_storeX + 0
   398C 36 49         [10] 9695 	ld	(hl), #0x49
                           9696 ;src/main.c:2211: storeY = 11;
   398E 21r1Ar00      [10] 9697 	ld	hl,#_storeY + 0
   3991 36 0B         [10] 9698 	ld	(hl), #0x0b
                           9699 ;src/main.c:2214: }
   3993                    9700 00113$:
                           9701 ;src/main.c:2216: if (TwoPlayers) {
   3993 3Ar04r00      [13] 9702 	ld	a,(#_TwoPlayers + 0)
   3996 B7            [ 4] 9703 	or	a, a
   3997 C8            [11] 9704 	ret	Z
                           9705 ;src/main.c:2217: spr[1].x = spr[1].px = spr[0].x + 6; 
   3998 01r4Br00      [10] 9706 	ld	bc, #_spr + 17
   399B 11r4Dr00      [10] 9707 	ld	de, #_spr + 19
   399E 3Ar3Cr00      [13] 9708 	ld	a, (#_spr + 2)
   39A1 C6 06         [ 7] 9709 	add	a, #0x06
   39A3 12            [ 7] 9710 	ld	(de), a
   39A4 02            [ 7] 9711 	ld	(bc), a
                           9712 ;src/main.c:2218: spr[1].y = spr[1].py = spr[0].y;
   39A5 01r4Cr00      [10] 9713 	ld	bc, #_spr + 18
   39A8 11r4Er00      [10] 9714 	ld	de, #_spr + 20
   39AB 3Ar3Dr00      [13] 9715 	ld	a, (#_spr + 3)
   39AE 12            [ 7] 9716 	ld	(de), a
   39AF 02            [ 7] 9717 	ld	(bc), a
   39B0 C9            [10] 9718 	ret
   39B1                    9719 ___str_35:
   39B1 31 3B 31 40 40 47  9720 	.ascii "1;1@@GARDENS"
        41 52 44 45 4E 53
   39BD 00                 9721 	.db 0x00
   39BE                    9722 ___str_36:
   39BE 31 3B 32 40 40 47  9723 	.ascii "1;2@@GARDENS"
        41 52 44 45 4E 53
   39CA 00                 9724 	.db 0x00
   39CB                    9725 ___str_37:
   39CB 32 3B 31 40 43 45  9726 	.ascii "2;1@CEMETERY"
        4D 45 54 45 52 59
   39D7 00                 9727 	.db 0x00
   39D8                    9728 ___str_38:
   39D8 32 3B 32 40 43 45  9729 	.ascii "2;2@CEMETERY"
        4D 45 54 45 52 59
   39E4 00                 9730 	.db 0x00
   39E5                    9731 ___str_39:
   39E5 33 3B 31 40 40 43  9732 	.ascii "3;1@@CELLARS"
        45 4C 4C 41 52 53
   39F1 00                 9733 	.db 0x00
   39F2                    9734 ___str_40:
   39F2 33 3B 32 40 40 43  9735 	.ascii "3;2@@CELLARS"
        45 4C 4C 41 52 53
   39FE 00                 9736 	.db 0x00
   39FF                    9737 ___str_41:
   39FF 34 3B 31 40 40 40  9738 	.ascii "4;1@@@CASTLE"
        43 41 53 54 4C 45
   3A0B 00                 9739 	.db 0x00
   3A0C                    9740 ___str_42:
   3A0C 34 3B 32 40 40 40  9741 	.ascii "4;2@@@CASTLE"
        43 41 53 54 4C 45
   3A18 00                 9742 	.db 0x00
   3A19                    9743 ___str_43:
   3A19 35 3B 31 40 40 40  9744 	.ascii "5;1@@@TOWER"
        54 4F 57 45 52
   3A24 00                 9745 	.db 0x00
   3A25                    9746 ___str_44:
   3A25 35 3B 32 40 40 40  9747 	.ascii "5;2@@@TOWER"
        54 4F 57 45 52
   3A30 00                 9748 	.db 0x00
   3A31                    9749 ___str_45:
   3A31 36 3B 31 40 40 4C  9750 	.ascii "6;1@@LIBRARY"
        49 42 52 41 52 59
   3A3D 00                 9751 	.db 0x00
   3A3E                    9752 ___str_46:
   3A3E 36 3B 32 40 40 4C  9753 	.ascii "6;2@@LIBRARY"
        49 42 52 41 52 59
   3A4A 00                 9754 	.db 0x00
                           9755 ;src/main.c:2224: void CheckEnemyCollision(u8 player, TSpr *pSpr) 
                           9756 ;	---------------------------------
                           9757 ; Function CheckEnemyCollision
                           9758 ; ---------------------------------
   3A4B                    9759 _CheckEnemyCollision::
   3A4B DD E5         [15] 9760 	push	ix
   3A4D DD 21 00 00   [14] 9761 	ld	ix,#0
   3A51 DD 39         [15] 9762 	add	ix,sp
   3A53 21 F8 FF      [10] 9763 	ld	hl, #-8
   3A56 39            [11] 9764 	add	hl, sp
   3A57 F9            [ 6] 9765 	ld	sp, hl
                           9766 ;src/main.c:2226: if ((spr[player].x + SPR_W) > pSpr->x && spr[player].x < (pSpr->x + SPR_W) &&
   3A58 01r3Ar00      [10] 9767 	ld	bc, #_spr+0
   3A5B DD 5E 04      [19] 9768 	ld	e,4 (ix)
   3A5E 16 00         [ 7] 9769 	ld	d,#0x00
   3A60 6B            [ 4] 9770 	ld	l, e
   3A61 62            [ 4] 9771 	ld	h, d
   3A62 29            [11] 9772 	add	hl, hl
   3A63 19            [11] 9773 	add	hl, de
   3A64 29            [11] 9774 	add	hl, hl
   3A65 19            [11] 9775 	add	hl, de
   3A66 29            [11] 9776 	add	hl, hl
   3A67 19            [11] 9777 	add	hl, de
   3A68 09            [11] 9778 	add	hl,bc
   3A69 5D            [ 4] 9779 	ld	e,l
   3A6A 54            [ 4] 9780 	ld	d,h
   3A6B 23            [ 6] 9781 	inc	hl
   3A6C 23            [ 6] 9782 	inc	hl
   3A6D 4E            [ 7] 9783 	ld	c, (hl)
   3A6E 06 00         [ 7] 9784 	ld	b, #0x00
   3A70 21 05 00      [10] 9785 	ld	hl, #0x0005
   3A73 09            [11] 9786 	add	hl,bc
   3A74 DD 75 FE      [19] 9787 	ld	-2 (ix), l
   3A77 DD 74 FF      [19] 9788 	ld	-1 (ix), h
   3A7A DD 7E 05      [19] 9789 	ld	a, 5 (ix)
   3A7D DD 77 FA      [19] 9790 	ld	-6 (ix), a
   3A80 DD 7E 06      [19] 9791 	ld	a, 6 (ix)
   3A83 DD 77 FB      [19] 9792 	ld	-5 (ix), a
   3A86 DD 6E FA      [19] 9793 	ld	l,-6 (ix)
   3A89 DD 66 FB      [19] 9794 	ld	h,-5 (ix)
   3A8C 23            [ 6] 9795 	inc	hl
   3A8D 23            [ 6] 9796 	inc	hl
   3A8E 6E            [ 7] 9797 	ld	l, (hl)
   3A8F 26 00         [ 7] 9798 	ld	h, #0x00
                           9799 ;src/main.c:2227: (spr[player].y + SPR_H) > pSpr->y && spr[player].y < (pSpr->y + SPR_H)) {
   3A91 13            [ 6] 9800 	inc	de
   3A92 13            [ 6] 9801 	inc	de
   3A93 13            [ 6] 9802 	inc	de
   3A94 DD 73 FC      [19] 9803 	ld	-4 (ix), e
   3A97 DD 72 FD      [19] 9804 	ld	-3 (ix), d
                           9805 ;src/main.c:2226: if ((spr[player].x + SPR_W) > pSpr->x && spr[player].x < (pSpr->x + SPR_W) &&
   3A9A 7D            [ 4] 9806 	ld	a, l
   3A9B DD 96 FE      [19] 9807 	sub	a, -2 (ix)
   3A9E 7C            [ 4] 9808 	ld	a, h
   3A9F DD 9E FF      [19] 9809 	sbc	a, -1 (ix)
   3AA2 E2rA7r3A      [10] 9810 	jp	PO, 00153$
   3AA5 EE 80         [ 7] 9811 	xor	a, #0x80
   3AA7                    9812 00153$:
   3AA7 F2r13r3B      [10] 9813 	jp	P, 00110$
   3AAA 11 05 00      [10] 9814 	ld	de, #0x0005
   3AAD 19            [11] 9815 	add	hl, de
   3AAE 79            [ 4] 9816 	ld	a, c
   3AAF 95            [ 4] 9817 	sub	a, l
   3AB0 78            [ 4] 9818 	ld	a, b
   3AB1 9C            [ 4] 9819 	sbc	a, h
   3AB2 E2rB7r3A      [10] 9820 	jp	PO, 00154$
   3AB5 EE 80         [ 7] 9821 	xor	a, #0x80
   3AB7                    9822 00154$:
   3AB7 F2r13r3B      [10] 9823 	jp	P, 00110$
                           9824 ;src/main.c:2227: (spr[player].y + SPR_H) > pSpr->y && spr[player].y < (pSpr->y + SPR_H)) {
   3ABA DD 6E FC      [19] 9825 	ld	l,-4 (ix)
   3ABD DD 66 FD      [19] 9826 	ld	h,-3 (ix)
   3AC0 5E            [ 7] 9827 	ld	e, (hl)
   3AC1 16 00         [ 7] 9828 	ld	d, #0x00
   3AC3 21 0C 00      [10] 9829 	ld	hl, #0x000c
   3AC6 19            [11] 9830 	add	hl,de
   3AC7 E3            [19] 9831 	ex	(sp), hl
   3AC8 DD 6E FA      [19] 9832 	ld	l,-6 (ix)
   3ACB DD 66 FB      [19] 9833 	ld	h,-5 (ix)
   3ACE 23            [ 6] 9834 	inc	hl
   3ACF 23            [ 6] 9835 	inc	hl
   3AD0 23            [ 6] 9836 	inc	hl
   3AD1 6E            [ 7] 9837 	ld	l, (hl)
   3AD2 26 00         [ 7] 9838 	ld	h, #0x00
   3AD4 7D            [ 4] 9839 	ld	a, l
   3AD5 DD 96 F8      [19] 9840 	sub	a, -8 (ix)
   3AD8 7C            [ 4] 9841 	ld	a, h
   3AD9 DD 9E F9      [19] 9842 	sbc	a, -7 (ix)
   3ADC E2rE1r3A      [10] 9843 	jp	PO, 00155$
   3ADF EE 80         [ 7] 9844 	xor	a, #0x80
   3AE1                    9845 00155$:
   3AE1 F2r13r3B      [10] 9846 	jp	P, 00110$
   3AE4 D5            [11] 9847 	push	de
   3AE5 11 0C 00      [10] 9848 	ld	de, #0x000c
   3AE8 19            [11] 9849 	add	hl, de
   3AE9 D1            [10] 9850 	pop	de
   3AEA 7B            [ 4] 9851 	ld	a, e
   3AEB 95            [ 4] 9852 	sub	a, l
   3AEC 7A            [ 4] 9853 	ld	a, d
   3AED 9C            [ 4] 9854 	sbc	a, h
   3AEE E2rF3r3A      [10] 9855 	jp	PO, 00156$
   3AF1 EE 80         [ 7] 9856 	xor	a, #0x80
   3AF3                    9857 00156$:
   3AF3 F2r13r3B      [10] 9858 	jp	P, 00110$
                           9859 ;src/main.c:2229: ExplodeSprite(player, pSpr->num);			
   3AF6 DD 6E FA      [19] 9860 	ld	l,-6 (ix)
   3AF9 DD 66 FB      [19] 9861 	ld	h,-5 (ix)
   3AFC 46            [ 7] 9862 	ld	b, (hl)
   3AFD C5            [11] 9863 	push	bc
   3AFE 33            [ 6] 9864 	inc	sp
   3AFF DD 7E 04      [19] 9865 	ld	a, 4 (ix)
   3B02 F5            [11] 9866 	push	af
   3B03 33            [ 6] 9867 	inc	sp
   3B04 CDr20r1D      [17] 9868 	call	_ExplodeSprite
   3B07 F1            [10] 9869 	pop	af
                           9870 ;src/main.c:2230: GameOver(player);
   3B08 DD 7E 04      [19] 9871 	ld	a, 4 (ix)
   3B0B F5            [11] 9872 	push	af
   3B0C 33            [ 6] 9873 	inc	sp
   3B0D CDrE5r42      [17] 9874 	call	_GameOver
   3B10 33            [ 6] 9875 	inc	sp
   3B11 18 7A         [12] 9876 	jr	00115$
   3B13                    9877 00110$:
                           9878 ;src/main.c:2233: else if (sht.active) {
   3B13 3ArA7r00      [13] 9879 	ld	a, (#_sht + 4)
   3B16 B7            [ 4] 9880 	or	a, a
   3B17 28 74         [12] 9881 	jr	Z,00115$
                           9882 ;src/main.c:2234: if ((sht.x + SHT_W) > (spr[player].x) && sht.x < (spr[player].x + SPR_W))
   3B19 21rA3r00      [10] 9883 	ld	hl, #_sht + 0
   3B1C 5E            [ 7] 9884 	ld	e, (hl)
   3B1D 16 00         [ 7] 9885 	ld	d, #0x00
   3B1F 21 04 00      [10] 9886 	ld	hl, #0x0004
   3B22 19            [11] 9887 	add	hl, de
   3B23 79            [ 4] 9888 	ld	a, c
   3B24 95            [ 4] 9889 	sub	a, l
   3B25 78            [ 4] 9890 	ld	a, b
   3B26 9C            [ 4] 9891 	sbc	a, h
   3B27 E2r2Cr3B      [10] 9892 	jp	PO, 00157$
   3B2A EE 80         [ 7] 9893 	xor	a, #0x80
   3B2C                    9894 00157$:
   3B2C F2r8Dr3B      [10] 9895 	jp	P, 00115$
   3B2F 7B            [ 4] 9896 	ld	a, e
   3B30 DD 96 FE      [19] 9897 	sub	a, -2 (ix)
   3B33 7A            [ 4] 9898 	ld	a, d
   3B34 DD 9E FF      [19] 9899 	sbc	a, -1 (ix)
   3B37 E2r3Cr3B      [10] 9900 	jp	PO, 00158$
   3B3A EE 80         [ 7] 9901 	xor	a, #0x80
   3B3C                    9902 00158$:
   3B3C F2r8Dr3B      [10] 9903 	jp	P, 00115$
                           9904 ;src/main.c:2235: if ((sht.y + SHT_H) > (spr[player].y) && (sht.y) < (spr[player].y + SPR_H))	{
   3B3F 21rA4r00      [10] 9905 	ld	hl, #_sht + 1
   3B42 4E            [ 7] 9906 	ld	c, (hl)
   3B43 06 00         [ 7] 9907 	ld	b, #0x00
   3B45 21 08 00      [10] 9908 	ld	hl, #0x0008
   3B48 09            [11] 9909 	add	hl,bc
   3B49 EB            [ 4] 9910 	ex	de,hl
   3B4A DD 6E FC      [19] 9911 	ld	l,-4 (ix)
   3B4D DD 66 FD      [19] 9912 	ld	h,-3 (ix)
   3B50 6E            [ 7] 9913 	ld	l, (hl)
   3B51 26 00         [ 7] 9914 	ld	h, #0x00
   3B53 7D            [ 4] 9915 	ld	a, l
   3B54 93            [ 4] 9916 	sub	a, e
   3B55 7C            [ 4] 9917 	ld	a, h
   3B56 9A            [ 4] 9918 	sbc	a, d
   3B57 E2r5Cr3B      [10] 9919 	jp	PO, 00159$
   3B5A EE 80         [ 7] 9920 	xor	a, #0x80
   3B5C                    9921 00159$:
   3B5C F2r8Dr3B      [10] 9922 	jp	P, 00115$
   3B5F 11 0C 00      [10] 9923 	ld	de, #0x000c
   3B62 19            [11] 9924 	add	hl, de
   3B63 79            [ 4] 9925 	ld	a, c
   3B64 95            [ 4] 9926 	sub	a, l
   3B65 78            [ 4] 9927 	ld	a, b
   3B66 9C            [ 4] 9928 	sbc	a, h
   3B67 E2r6Cr3B      [10] 9929 	jp	PO, 00160$
   3B6A EE 80         [ 7] 9930 	xor	a, #0x80
   3B6C                    9931 00160$:
   3B6C F2r8Dr3B      [10] 9932 	jp	P, 00115$
                           9933 ;src/main.c:2237: DeleteShot();
   3B6F CDr90r29      [17] 9934 	call	_DeleteShot
                           9935 ;src/main.c:2238: ExplodeSprite(player, pSpr->num);			
   3B72 DD 6E FA      [19] 9936 	ld	l,-6 (ix)
   3B75 DD 66 FB      [19] 9937 	ld	h,-5 (ix)
   3B78 46            [ 7] 9938 	ld	b, (hl)
   3B79 C5            [11] 9939 	push	bc
   3B7A 33            [ 6] 9940 	inc	sp
   3B7B DD 7E 04      [19] 9941 	ld	a, 4 (ix)
   3B7E F5            [11] 9942 	push	af
   3B7F 33            [ 6] 9943 	inc	sp
   3B80 CDr20r1D      [17] 9944 	call	_ExplodeSprite
   3B83 F1            [10] 9945 	pop	af
                           9946 ;src/main.c:2239: GameOver(player);
   3B84 DD 7E 04      [19] 9947 	ld	a, 4 (ix)
   3B87 F5            [11] 9948 	push	af
   3B88 33            [ 6] 9949 	inc	sp
   3B89 CDrE5r42      [17] 9950 	call	_GameOver
   3B8C 33            [ 6] 9951 	inc	sp
   3B8D                    9952 00115$:
   3B8D DD F9         [10] 9953 	ld	sp, ix
   3B8F DD E1         [14] 9954 	pop	ix
   3B91 C9            [10] 9955 	ret
                           9956 ;src/main.c:2246: void EnemyLoop(TSpr *pSpr) __z88dk_fastcall {
                           9957 ;	---------------------------------
                           9958 ; Function EnemyLoop
                           9959 ; ---------------------------------
   3B92                    9960 _EnemyLoop::
                           9961 ;src/main.c:2247: if (pSpr->ident == NOBODY) 
   3B92 4D            [ 4] 9962 	ld	c,l
   3B93 44            [ 4] 9963 	ld	b,h
   3B94 23            [ 6] 9964 	inc	hl
   3B95 7E            [ 7] 9965 	ld	a, (hl)
   3B96 D6 09         [ 7] 9966 	sub	a, #0x09
   3B98 C8            [11] 9967 	ret	Z
                           9968 ;src/main.c:2248: return; 
   3B99 18 00         [12] 9969 	jr	00102$
   3B9B                    9970 00102$:
                           9971 ;src/main.c:2250: MoveEnemy(pSpr);
   3B9B C5            [11] 9972 	push	bc
   3B9C C5            [11] 9973 	push	bc
   3B9D CDrB2r2B      [17] 9974 	call	_MoveEnemy
   3BA0 F1            [10] 9975 	pop	af
   3BA1 C1            [10] 9976 	pop	bc
                           9977 ;src/main.c:2252: SelectFrame(pSpr); 
   3BA2 C5            [11] 9978 	push	bc
   3BA3 69            [ 4] 9979 	ld	l, c
   3BA4 60            [ 4] 9980 	ld	h, b
   3BA5 CDr64r1A      [17] 9981 	call	_SelectFrame
   3BA8 C1            [10] 9982 	pop	bc
                           9983 ;src/main.c:2253: WalkAnim(pSpr, pSpr->dir);
   3BA9 C5            [11] 9984 	push	bc
   3BAA FD E1         [14] 9985 	pop	iy
   3BAC FD 56 07      [19] 9986 	ld	d, 7 (iy)
   3BAF C5            [11] 9987 	push	bc
   3BB0 D5            [11] 9988 	push	de
   3BB1 33            [ 6] 9989 	inc	sp
   3BB2 C5            [11] 9990 	push	bc
   3BB3 CDr86r22      [17] 9991 	call	_WalkAnim
   3BB6 F1            [10] 9992 	pop	af
   3BB7 33            [ 6] 9993 	inc	sp
   3BB8 C1            [10] 9994 	pop	bc
                           9995 ;src/main.c:2255: DeleteSprite(pSpr);
   3BB9 C5            [11] 9996 	push	bc
   3BBA 69            [ 4] 9997 	ld	l, c
   3BBB 60            [ 4] 9998 	ld	h, b
   3BBC CDrAFr19      [17] 9999 	call	_DeleteSprite
   3BBF C1            [10]10000 	pop	bc
                          10001 ;src/main.c:2256: pSpr->px = pSpr->x; // save the current X coordinate
   3BC0 21 04 00      [10]10002 	ld	hl, #0x0004
   3BC3 09            [11]10003 	add	hl,bc
   3BC4 EB            [ 4]10004 	ex	de,hl
   3BC5 69            [ 4]10005 	ld	l, c
   3BC6 60            [ 4]10006 	ld	h, b
   3BC7 23            [ 6]10007 	inc	hl
   3BC8 23            [ 6]10008 	inc	hl
   3BC9 7E            [ 7]10009 	ld	a, (hl)
   3BCA 12            [ 7]10010 	ld	(de), a
                          10011 ;src/main.c:2257: pSpr->py = pSpr->y; // save the current Y coordinate
   3BCB 21 05 00      [10]10012 	ld	hl, #0x0005
   3BCE 09            [11]10013 	add	hl,bc
   3BCF EB            [ 4]10014 	ex	de,hl
   3BD0 69            [ 4]10015 	ld	l, c
   3BD1 60            [ 4]10016 	ld	h, b
   3BD2 23            [ 6]10017 	inc	hl
   3BD3 23            [ 6]10018 	inc	hl
   3BD4 23            [ 6]10019 	inc	hl
   3BD5 7E            [ 7]10020 	ld	a, (hl)
   3BD6 12            [ 7]10021 	ld	(de), a
                          10022 ;src/main.c:2258: PrintSprite(pSpr);
   3BD7 C5            [11]10023 	push	bc
   3BD8 69            [ 4]10024 	ld	l, c
   3BD9 60            [ 4]10025 	ld	h, b
   3BDA CDr80r19      [17]10026 	call	_PrintSprite
   3BDD C1            [10]10027 	pop	bc
                          10028 ;src/main.c:2260: CheckEnemyCollision(0, pSpr);
   3BDE C5            [11]10029 	push	bc
   3BDF C5            [11]10030 	push	bc
   3BE0 AF            [ 4]10031 	xor	a, a
   3BE1 F5            [11]10032 	push	af
   3BE2 33            [ 6]10033 	inc	sp
   3BE3 CDr4Br3A      [17]10034 	call	_CheckEnemyCollision
   3BE6 F1            [10]10035 	pop	af
   3BE7 33            [ 6]10036 	inc	sp
   3BE8 C1            [10]10037 	pop	bc
                          10038 ;src/main.c:2261: if (TwoPlayers)
   3BE9 3Ar04r00      [13]10039 	ld	a,(#_TwoPlayers + 0)
   3BEC B7            [ 4]10040 	or	a, a
   3BED C8            [11]10041 	ret	Z
                          10042 ;src/main.c:2262: CheckEnemyCollision(1, pSpr);
   3BEE C5            [11]10043 	push	bc
   3BEF 3E 01         [ 7]10044 	ld	a, #0x01
   3BF1 F5            [11]10045 	push	af
   3BF2 33            [ 6]10046 	inc	sp
   3BF3 CDr4Br3A      [17]10047 	call	_CheckEnemyCollision
   3BF6 F1            [10]10048 	pop	af
   3BF7 33            [ 6]10049 	inc	sp
   3BF8 C9            [10]10050 	ret
                          10051 ;src/main.c:2278: void PrintStartMenu() {
                          10052 ;	---------------------------------
                          10053 ; Function PrintStartMenu
                          10054 ; ---------------------------------
   3BF9                   10055 _PrintStartMenu::
                          10056 ;src/main.c:2279: ClearScreen();
   3BF9 CDr33r02      [17]10057 	call	_ClearScreen
                          10058 ;src/main.c:2282: cpct_drawSprite(g_logo_0, cpctm_screenPtr(CPCT_VMEM_START, 0, 0), G_LOGO_0_W, G_LOGO_0_H);
   3BFC 21 28 23      [10]10059 	ld	hl, #0x2328
   3BFF E5            [11]10060 	push	hl
   3C00 21 00 C0      [10]10061 	ld	hl, #0xc000
   3C03 E5            [11]10062 	push	hl
   3C04 21r00r00      [10]10063 	ld	hl, #_g_logo_0
   3C07 E5            [11]10064 	push	hl
   3C08 CDr00r00      [17]10065 	call	_cpct_drawSprite
                          10066 ;src/main.c:2283: cpct_drawSprite(g_logo_1, cpctm_screenPtr(CPCT_VMEM_START, G_LOGO_0_W, 0), G_LOGO_0_W, G_LOGO_0_H);
   3C0B 21 28 23      [10]10067 	ld	hl, #0x2328
   3C0E E5            [11]10068 	push	hl
   3C0F 26 C0         [ 7]10069 	ld	h, #0xc0
   3C11 E5            [11]10070 	push	hl
   3C12 21r00r00      [10]10071 	ld	hl, #_g_logo_1
   3C15 E5            [11]10072 	push	hl
   3C16 CDr00r00      [17]10073 	call	_cpct_drawSprite
                          10074 ;src/main.c:2285: PrintText("1@@1@PLAYER@GAME", 10, 50, 0);
   3C19 21 32 00      [10]10075 	ld	hl, #0x0032
   3C1C E5            [11]10076 	push	hl
   3C1D 3E 0A         [ 7]10077 	ld	a, #0x0a
   3C1F F5            [11]10078 	push	af
   3C20 33            [ 6]10079 	inc	sp
   3C21 21r28r3D      [10]10080 	ld	hl, #___str_47
   3C24 E5            [11]10081 	push	hl
   3C25 CDr8Dr03      [17]10082 	call	_PrintText
   3C28 F1            [10]10083 	pop	af
                          10084 ;src/main.c:2286: PrintText("2@@2@PLAYER@GAME", 10, 60, 0);
   3C29 33            [ 6]10085 	inc	sp
   3C2A 21 3C 00      [10]10086 	ld	hl,#0x003c
   3C2D E3            [19]10087 	ex	(sp),hl
   3C2E 3E 0A         [ 7]10088 	ld	a, #0x0a
   3C30 F5            [11]10089 	push	af
   3C31 33            [ 6]10090 	inc	sp
   3C32 21r39r3D      [10]10091 	ld	hl, #___str_48
   3C35 E5            [11]10092 	push	hl
   3C36 CDr8Dr03      [17]10093 	call	_PrintText
   3C39 F1            [10]10094 	pop	af
                          10095 ;src/main.c:2287: PrintText("3@@REDEFINE@CONTROLS", 10, 70, 0);
   3C3A 33            [ 6]10096 	inc	sp
   3C3B 21 46 00      [10]10097 	ld	hl,#0x0046
   3C3E E3            [19]10098 	ex	(sp),hl
   3C3F 3E 0A         [ 7]10099 	ld	a, #0x0a
   3C41 F5            [11]10100 	push	af
   3C42 33            [ 6]10101 	inc	sp
   3C43 21r4Ar3D      [10]10102 	ld	hl, #___str_49
   3C46 E5            [11]10103 	push	hl
   3C47 CDr8Dr03      [17]10104 	call	_PrintText
   3C4A F1            [10]10105 	pop	af
   3C4B F1            [10]10106 	pop	af
   3C4C 33            [ 6]10107 	inc	sp
                          10108 ;src/main.c:2288: if (turboMode)
   3C4D 3Ar1Fr00      [13]10109 	ld	a,(#_turboMode + 0)
   3C50 B7            [ 4]10110 	or	a, a
   3C51 28 14         [12]10111 	jr	Z,00102$
                          10112 ;src/main.c:2289: PrintText("4@@TURBO@MODE:@ON", 10, 80, 0);
   3C53 21 50 00      [10]10113 	ld	hl, #0x0050
   3C56 E5            [11]10114 	push	hl
   3C57 3E 0A         [ 7]10115 	ld	a, #0x0a
   3C59 F5            [11]10116 	push	af
   3C5A 33            [ 6]10117 	inc	sp
   3C5B 21r5Fr3D      [10]10118 	ld	hl, #___str_50
   3C5E E5            [11]10119 	push	hl
   3C5F CDr8Dr03      [17]10120 	call	_PrintText
   3C62 F1            [10]10121 	pop	af
   3C63 F1            [10]10122 	pop	af
   3C64 33            [ 6]10123 	inc	sp
   3C65 18 12         [12]10124 	jr	00103$
   3C67                   10125 00102$:
                          10126 ;src/main.c:2291: PrintText("4@@TURBO@MODE:@OFF", 10, 80, 0);
   3C67 21 50 00      [10]10127 	ld	hl, #0x0050
   3C6A E5            [11]10128 	push	hl
   3C6B 3E 0A         [ 7]10129 	ld	a, #0x0a
   3C6D F5            [11]10130 	push	af
   3C6E 33            [ 6]10131 	inc	sp
   3C6F 21r71r3D      [10]10132 	ld	hl, #___str_51
   3C72 E5            [11]10133 	push	hl
   3C73 CDr8Dr03      [17]10134 	call	_PrintText
   3C76 F1            [10]10135 	pop	af
   3C77 F1            [10]10136 	pop	af
   3C78 33            [ 6]10137 	inc	sp
   3C79                   10138 00103$:
                          10139 ;src/main.c:2295: cpct_getScreenPtr(CPCT_VMEM_START, 6, 187), SPR_W, SPR_H, g_maskTable);
   3C79 21 06 BB      [10]10140 	ld	hl, #0xbb06
   3C7C E5            [11]10141 	push	hl
   3C7D 21 00 C0      [10]10142 	ld	hl, #0xc000
   3C80 E5            [11]10143 	push	hl
   3C81 CDr00r00      [17]10144 	call	_cpct_getScreenPtr
                          10145 ;src/main.c:2294: cpct_drawSpriteMaskedAlignedTable(g_sorcerer1_06, 
   3C84 01r00r00      [10]10146 	ld	bc, #_g_sorcerer1_06+0
   3C87 11r00r01      [10]10147 	ld	de, #_g_maskTable
   3C8A D5            [11]10148 	push	de
   3C8B 11 05 0C      [10]10149 	ld	de, #0x0c05
   3C8E D5            [11]10150 	push	de
   3C8F E5            [11]10151 	push	hl
   3C90 C5            [11]10152 	push	bc
   3C91 CDr00r00      [17]10153 	call	_cpct_drawSpriteMaskedAlignedTable
                          10154 ;src/main.c:2297: cpct_getScreenPtr(CPCT_VMEM_START, 68, 187), SPR_W, SPR_H, g_maskTable);
   3C94 21 44 BB      [10]10155 	ld	hl, #0xbb44
   3C97 E5            [11]10156 	push	hl
   3C98 21 00 C0      [10]10157 	ld	hl, #0xc000
   3C9B E5            [11]10158 	push	hl
   3C9C CDr00r00      [17]10159 	call	_cpct_getScreenPtr
                          10160 ;src/main.c:2296: cpct_drawSpriteMaskedAlignedTable(g_sorcerer2_04, 
   3C9F 01r00r00      [10]10161 	ld	bc, #_g_sorcerer2_04+0
   3CA2 11r00r01      [10]10162 	ld	de, #_g_maskTable
   3CA5 D5            [11]10163 	push	de
   3CA6 11 05 0C      [10]10164 	ld	de, #0x0c05
   3CA9 D5            [11]10165 	push	de
   3CAA E5            [11]10166 	push	hl
   3CAB C5            [11]10167 	push	bc
   3CAC CDr00r00      [17]10168 	call	_cpct_drawSpriteMaskedAlignedTable
                          10169 ;src/main.c:2299: PrintText("CODE@=@GFX", 25, 110, 0);
   3CAF 21 6E 00      [10]10170 	ld	hl, #0x006e
   3CB2 E5            [11]10171 	push	hl
   3CB3 3E 19         [ 7]10172 	ld	a, #0x19
   3CB5 F5            [11]10173 	push	af
   3CB6 33            [ 6]10174 	inc	sp
   3CB7 21r84r3D      [10]10175 	ld	hl, #___str_52
   3CBA E5            [11]10176 	push	hl
   3CBB CDr8Dr03      [17]10177 	call	_PrintText
   3CBE F1            [10]10178 	pop	af
                          10179 ;src/main.c:2300: PrintText("SALVAKANTERO", 22, 120, 0);
   3CBF 33            [ 6]10180 	inc	sp
   3CC0 21 78 00      [10]10181 	ld	hl,#0x0078
   3CC3 E3            [19]10182 	ex	(sp),hl
   3CC4 3E 16         [ 7]10183 	ld	a, #0x16
   3CC6 F5            [11]10184 	push	af
   3CC7 33            [ 6]10185 	inc	sp
   3CC8 21r8Fr3D      [10]10186 	ld	hl, #___str_53
   3CCB E5            [11]10187 	push	hl
   3CCC CDr8Dr03      [17]10188 	call	_PrintText
   3CCF F1            [10]10189 	pop	af
                          10190 ;src/main.c:2301: PrintText("MUSIC@=@FX", 25, 135, 0);
   3CD0 33            [ 6]10191 	inc	sp
   3CD1 21 87 00      [10]10192 	ld	hl,#0x0087
   3CD4 E3            [19]10193 	ex	(sp),hl
   3CD5 3E 19         [ 7]10194 	ld	a, #0x19
   3CD7 F5            [11]10195 	push	af
   3CD8 33            [ 6]10196 	inc	sp
   3CD9 21r9Cr3D      [10]10197 	ld	hl, #___str_54
   3CDC E5            [11]10198 	push	hl
   3CDD CDr8Dr03      [17]10199 	call	_PrintText
   3CE0 F1            [10]10200 	pop	af
                          10201 ;src/main.c:2302: PrintText("MCKLAIN", 30, 145, 0);
   3CE1 33            [ 6]10202 	inc	sp
   3CE2 21 91 00      [10]10203 	ld	hl,#0x0091
   3CE5 E3            [19]10204 	ex	(sp),hl
   3CE6 3E 1E         [ 7]10205 	ld	a, #0x1e
   3CE8 F5            [11]10206 	push	af
   3CE9 33            [ 6]10207 	inc	sp
   3CEA 21rA7r3D      [10]10208 	ld	hl, #___str_55
   3CED E5            [11]10209 	push	hl
   3CEE CDr8Dr03      [17]10210 	call	_PrintText
   3CF1 F1            [10]10211 	pop	af
                          10212 ;src/main.c:2303: PrintText("BETA@TESTING", 22, 160, 0);
   3CF2 33            [ 6]10213 	inc	sp
   3CF3 21 A0 00      [10]10214 	ld	hl,#0x00a0
   3CF6 E3            [19]10215 	ex	(sp),hl
   3CF7 3E 16         [ 7]10216 	ld	a, #0x16
   3CF9 F5            [11]10217 	push	af
   3CFA 33            [ 6]10218 	inc	sp
   3CFB 21rAFr3D      [10]10219 	ld	hl, #___str_56
   3CFE E5            [11]10220 	push	hl
   3CFF CDr8Dr03      [17]10221 	call	_PrintText
   3D02 F1            [10]10222 	pop	af
                          10223 ;src/main.c:2304: PrintText("BLACKMORES", 25, 170, 0);
   3D03 33            [ 6]10224 	inc	sp
   3D04 21 AA 00      [10]10225 	ld	hl,#0x00aa
   3D07 E3            [19]10226 	ex	(sp),hl
   3D08 3E 19         [ 7]10227 	ld	a, #0x19
   3D0A F5            [11]10228 	push	af
   3D0B 33            [ 6]10229 	inc	sp
   3D0C 21rBCr3D      [10]10230 	ld	hl, #___str_57
   3D0F E5            [11]10231 	push	hl
   3D10 CDr8Dr03      [17]10232 	call	_PrintText
   3D13 F1            [10]10233 	pop	af
                          10234 ;src/main.c:2306: PrintText("PLAY@ON@RETRO@2020", 13, 190, 0);
   3D14 33            [ 6]10235 	inc	sp
   3D15 21 BE 00      [10]10236 	ld	hl,#0x00be
   3D18 E3            [19]10237 	ex	(sp),hl
   3D19 3E 0D         [ 7]10238 	ld	a, #0x0d
   3D1B F5            [11]10239 	push	af
   3D1C 33            [ 6]10240 	inc	sp
   3D1D 21rC7r3D      [10]10241 	ld	hl, #___str_58
   3D20 E5            [11]10242 	push	hl
   3D21 CDr8Dr03      [17]10243 	call	_PrintText
   3D24 F1            [10]10244 	pop	af
   3D25 F1            [10]10245 	pop	af
   3D26 33            [ 6]10246 	inc	sp
   3D27 C9            [10]10247 	ret
   3D28                   10248 ___str_47:
   3D28 31 40 40 31 40 50 10249 	.ascii "1@@1@PLAYER@GAME"
        4C 41 59 45 52 40
        47 41 4D 45
   3D38 00                10250 	.db 0x00
   3D39                   10251 ___str_48:
   3D39 32 40 40 32 40 50 10252 	.ascii "2@@2@PLAYER@GAME"
        4C 41 59 45 52 40
        47 41 4D 45
   3D49 00                10253 	.db 0x00
   3D4A                   10254 ___str_49:
   3D4A 33 40 40 52 45 44 10255 	.ascii "3@@REDEFINE@CONTROLS"
        45 46 49 4E 45 40
        43 4F 4E 54 52 4F
        4C 53
   3D5E 00                10256 	.db 0x00
   3D5F                   10257 ___str_50:
   3D5F 34 40 40 54 55 52 10258 	.ascii "4@@TURBO@MODE:@ON"
        42 4F 40 4D 4F 44
        45 3A 40 4F 4E
   3D70 00                10259 	.db 0x00
   3D71                   10260 ___str_51:
   3D71 34 40 40 54 55 52 10261 	.ascii "4@@TURBO@MODE:@OFF"
        42 4F 40 4D 4F 44
        45 3A 40 4F 46 46
   3D83 00                10262 	.db 0x00
   3D84                   10263 ___str_52:
   3D84 43 4F 44 45 40 3D 10264 	.ascii "CODE@=@GFX"
        40 47 46 58
   3D8E 00                10265 	.db 0x00
   3D8F                   10266 ___str_53:
   3D8F 53 41 4C 56 41 4B 10267 	.ascii "SALVAKANTERO"
        41 4E 54 45 52 4F
   3D9B 00                10268 	.db 0x00
   3D9C                   10269 ___str_54:
   3D9C 4D 55 53 49 43 40 10270 	.ascii "MUSIC@=@FX"
        3D 40 46 58
   3DA6 00                10271 	.db 0x00
   3DA7                   10272 ___str_55:
   3DA7 4D 43 4B 4C 41 49 10273 	.ascii "MCKLAIN"
        4E
   3DAE 00                10274 	.db 0x00
   3DAF                   10275 ___str_56:
   3DAF 42 45 54 41 40 54 10276 	.ascii "BETA@TESTING"
        45 53 54 49 4E 47
   3DBB 00                10277 	.db 0x00
   3DBC                   10278 ___str_57:
   3DBC 42 4C 41 43 4B 4D 10279 	.ascii "BLACKMORES"
        4F 52 45 53
   3DC6 00                10280 	.db 0x00
   3DC7                   10281 ___str_58:
   3DC7 50 4C 41 59 40 4F 10282 	.ascii "PLAY@ON@RETRO@2020"
        4E 40 52 45 54 52
        4F 40 32 30 32 30
   3DD9 00                10283 	.db 0x00
                          10284 ;src/main.c:2311: void PrintObjInfo() {
                          10285 ;	---------------------------------
                          10286 ; Function PrintObjInfo
                          10287 ; ---------------------------------
   3DDA                   10288 _PrintObjInfo::
                          10289 ;src/main.c:2314: ClearScreen();
   3DDA CDr33r02      [17]10290 	call	_ClearScreen
                          10291 ;src/main.c:2315: PrintText("INGREDIENT@VALUES", 13, 0, 0);
   3DDD 21 00 00      [10]10292 	ld	hl, #0x0000
   3DE0 E5            [11]10293 	push	hl
   3DE1 3E 0D         [ 7]10294 	ld	a, #0x0d
   3DE3 F5            [11]10295 	push	af
   3DE4 33            [ 6]10296 	inc	sp
   3DE5 21r40r3F      [10]10297 	ld	hl, #___str_59
   3DE8 E5            [11]10298 	push	hl
   3DE9 CDr8Dr03      [17]10299 	call	_PrintText
   3DEC F1            [10]10300 	pop	af
                          10301 ;src/main.c:2317: cpct_drawSolidBox(cpctm_screenPtr(CPCT_VMEM_START, 3, 12), cpct_px2byteM0(4, 4), 37, 188);
   3DED 33            [ 6]10302 	inc	sp
   3DEE 21 04 04      [10]10303 	ld	hl,#0x0404
   3DF1 E3            [19]10304 	ex	(sp),hl
   3DF2 CDr00r00      [17]10305 	call	_cpct_px2byteM0
   3DF5 26 00         [ 7]10306 	ld	h, #0x00
   3DF7 01 25 BC      [10]10307 	ld	bc, #0xbc25
   3DFA C5            [11]10308 	push	bc
   3DFB E5            [11]10309 	push	hl
   3DFC 21 53 E0      [10]10310 	ld	hl, #0xe053
   3DFF E5            [11]10311 	push	hl
   3E00 CDr00r00      [17]10312 	call	_cpct_drawSolidBox
                          10313 ;src/main.c:2318: cpct_drawSolidBox(cpctm_screenPtr(CPCT_VMEM_START, 40, 12), cpct_px2byteM0(4, 4), 35, 188);	
   3E03 21 04 04      [10]10314 	ld	hl, #0x0404
   3E06 E5            [11]10315 	push	hl
   3E07 CDr00r00      [17]10316 	call	_cpct_px2byteM0
   3E0A 26 00         [ 7]10317 	ld	h, #0x00
   3E0C 01 23 BC      [10]10318 	ld	bc, #0xbc23
   3E0F C5            [11]10319 	push	bc
   3E10 E5            [11]10320 	push	hl
   3E11 21 78 E0      [10]10321 	ld	hl, #0xe078
   3E14 E5            [11]10322 	push	hl
   3E15 CDr00r00      [17]10323 	call	_cpct_drawSolidBox
                          10324 ;src/main.c:2319: PrintFrame(3,12,72,194);
   3E18 21 48 C2      [10]10325 	ld	hl, #0xc248
   3E1B E5            [11]10326 	push	hl
   3E1C 21 03 0C      [10]10327 	ld	hl, #0x0c03
   3E1F E5            [11]10328 	push	hl
   3E20 CDr30r04      [17]10329 	call	_PrintFrame
   3E23 F1            [10]10330 	pop	af
   3E24 F1            [10]10331 	pop	af
                          10332 ;src/main.c:2321: for (obj=4; obj<16; obj++) {
   3E25 01 04 19      [10]10333 	ld	bc,#0x1904
   3E28                   10334 00102$:
                          10335 ;src/main.c:2322: PrintObject(obj, 7, yPos);
   3E28 C5            [11]10336 	push	bc
   3E29 C5            [11]10337 	push	bc
   3E2A 33            [ 6]10338 	inc	sp
   3E2B 06 07         [ 7]10339 	ld	b, #0x07
   3E2D C5            [11]10340 	push	bc
   3E2E CDr37r0E      [17]10341 	call	_PrintObject
   3E31 F1            [10]10342 	pop	af
   3E32 33            [ 6]10343 	inc	sp
   3E33 C1            [10]10344 	pop	bc
                          10345 ;src/main.c:2323: PrintNumber(obj-3, 2, 62, yPos, 0); PrintText("<", 68, yPos, 0);
   3E34 59            [ 4]10346 	ld	e, c
   3E35 16 00         [ 7]10347 	ld	d, #0x00
   3E37 7B            [ 4]10348 	ld	a, e
   3E38 C6 FD         [ 7]10349 	add	a, #0xfd
   3E3A 5F            [ 4]10350 	ld	e, a
   3E3B 7A            [ 4]10351 	ld	a, d
   3E3C CE FF         [ 7]10352 	adc	a, #0xff
   3E3E 57            [ 4]10353 	ld	d, a
   3E3F C5            [11]10354 	push	bc
   3E40 AF            [ 4]10355 	xor	a, a
   3E41 F5            [11]10356 	push	af
   3E42 33            [ 6]10357 	inc	sp
   3E43 C5            [11]10358 	push	bc
   3E44 33            [ 6]10359 	inc	sp
   3E45 21 02 3E      [10]10360 	ld	hl, #0x3e02
   3E48 E5            [11]10361 	push	hl
   3E49 D5            [11]10362 	push	de
   3E4A CDrBEr02      [17]10363 	call	_PrintNumber
   3E4D 21 06 00      [10]10364 	ld	hl, #6
   3E50 39            [11]10365 	add	hl, sp
   3E51 F9            [ 6]10366 	ld	sp, hl
   3E52 C1            [10]10367 	pop	bc
   3E53 C5            [11]10368 	push	bc
   3E54 AF            [ 4]10369 	xor	a, a
   3E55 F5            [11]10370 	push	af
   3E56 33            [ 6]10371 	inc	sp
   3E57 C5            [11]10372 	push	bc
   3E58 33            [ 6]10373 	inc	sp
   3E59 3E 44         [ 7]10374 	ld	a, #0x44
   3E5B F5            [11]10375 	push	af
   3E5C 33            [ 6]10376 	inc	sp
   3E5D 21r52r3F      [10]10377 	ld	hl, #___str_60
   3E60 E5            [11]10378 	push	hl
   3E61 CDr8Dr03      [17]10379 	call	_PrintText
   3E64 F1            [10]10380 	pop	af
   3E65 F1            [10]10381 	pop	af
   3E66 33            [ 6]10382 	inc	sp
   3E67 C1            [10]10383 	pop	bc
                          10384 ;src/main.c:2324: yPos += 14;
   3E68 78            [ 4]10385 	ld	a, b
   3E69 C6 0E         [ 7]10386 	add	a, #0x0e
   3E6B 47            [ 4]10387 	ld	b, a
                          10388 ;src/main.c:2321: for (obj=4; obj<16; obj++) {
   3E6C 0C            [ 4]10389 	inc	c
   3E6D 79            [ 4]10390 	ld	a, c
   3E6E D6 10         [ 7]10391 	sub	a, #0x10
   3E70 38 B6         [12]10392 	jr	C,00102$
                          10393 ;src/main.c:2327: PrintText("TOAD@SNOT", 14, 25, 0);
   3E72 21 19 00      [10]10394 	ld	hl, #0x0019
   3E75 E5            [11]10395 	push	hl
   3E76 3E 0E         [ 7]10396 	ld	a, #0x0e
   3E78 F5            [11]10397 	push	af
   3E79 33            [ 6]10398 	inc	sp
   3E7A 21r54r3F      [10]10399 	ld	hl, #___str_61
   3E7D E5            [11]10400 	push	hl
   3E7E CDr8Dr03      [17]10401 	call	_PrintText
   3E81 F1            [10]10402 	pop	af
                          10403 ;src/main.c:2328: PrintText("DIAMOND@DUST", 14, 39, 0);
   3E82 33            [ 6]10404 	inc	sp
   3E83 21 27 00      [10]10405 	ld	hl,#0x0027
   3E86 E3            [19]10406 	ex	(sp),hl
   3E87 3E 0E         [ 7]10407 	ld	a, #0x0e
   3E89 F5            [11]10408 	push	af
   3E8A 33            [ 6]10409 	inc	sp
   3E8B 21r5Er3F      [10]10410 	ld	hl, #___str_62
   3E8E E5            [11]10411 	push	hl
   3E8F CDr8Dr03      [17]10412 	call	_PrintText
   3E92 F1            [10]10413 	pop	af
                          10414 ;src/main.c:2329: PrintText("NEWT@EYE", 14, 53, 0);
   3E93 33            [ 6]10415 	inc	sp
   3E94 21 35 00      [10]10416 	ld	hl,#0x0035
   3E97 E3            [19]10417 	ex	(sp),hl
   3E98 3E 0E         [ 7]10418 	ld	a, #0x0e
   3E9A F5            [11]10419 	push	af
   3E9B 33            [ 6]10420 	inc	sp
   3E9C 21r6Br3F      [10]10421 	ld	hl, #___str_63
   3E9F E5            [11]10422 	push	hl
   3EA0 CDr8Dr03      [17]10423 	call	_PrintText
   3EA3 F1            [10]10424 	pop	af
                          10425 ;src/main.c:2330: PrintText("MAMMOTH@POOP", 14, 67, 0);
   3EA4 33            [ 6]10426 	inc	sp
   3EA5 21 43 00      [10]10427 	ld	hl,#0x0043
   3EA8 E3            [19]10428 	ex	(sp),hl
   3EA9 3E 0E         [ 7]10429 	ld	a, #0x0e
   3EAB F5            [11]10430 	push	af
   3EAC 33            [ 6]10431 	inc	sp
   3EAD 21r74r3F      [10]10432 	ld	hl, #___str_64
   3EB0 E5            [11]10433 	push	hl
   3EB1 CDr8Dr03      [17]10434 	call	_PrintText
   3EB4 F1            [10]10435 	pop	af
                          10436 ;src/main.c:2331: PrintText("KRAKEN@INK", 14, 81, 0); 
   3EB5 33            [ 6]10437 	inc	sp
   3EB6 21 51 00      [10]10438 	ld	hl,#0x0051
   3EB9 E3            [19]10439 	ex	(sp),hl
   3EBA 3E 0E         [ 7]10440 	ld	a, #0x0e
   3EBC F5            [11]10441 	push	af
   3EBD 33            [ 6]10442 	inc	sp
   3EBE 21r81r3F      [10]10443 	ld	hl, #___str_65
   3EC1 E5            [11]10444 	push	hl
   3EC2 CDr8Dr03      [17]10445 	call	_PrintText
   3EC5 F1            [10]10446 	pop	af
                          10447 ;src/main.c:2332: PrintText("MERMAID@TEAR", 14, 95, 0);
   3EC6 33            [ 6]10448 	inc	sp
   3EC7 21 5F 00      [10]10449 	ld	hl,#0x005f
   3ECA E3            [19]10450 	ex	(sp),hl
   3ECB 3E 0E         [ 7]10451 	ld	a, #0x0e
   3ECD F5            [11]10452 	push	af
   3ECE 33            [ 6]10453 	inc	sp
   3ECF 21r8Cr3F      [10]10454 	ld	hl, #___str_66
   3ED2 E5            [11]10455 	push	hl
   3ED3 CDr8Dr03      [17]10456 	call	_PrintText
   3ED6 F1            [10]10457 	pop	af
                          10458 ;src/main.c:2333: PrintText("MARTIAN@MUSHROOM", 14, 109, 0);
   3ED7 33            [ 6]10459 	inc	sp
   3ED8 21 6D 00      [10]10460 	ld	hl,#0x006d
   3EDB E3            [19]10461 	ex	(sp),hl
   3EDC 3E 0E         [ 7]10462 	ld	a, #0x0e
   3EDE F5            [11]10463 	push	af
   3EDF 33            [ 6]10464 	inc	sp
   3EE0 21r99r3F      [10]10465 	ld	hl, #___str_67
   3EE3 E5            [11]10466 	push	hl
   3EE4 CDr8Dr03      [17]10467 	call	_PrintText
   3EE7 F1            [10]10468 	pop	af
                          10469 ;src/main.c:2334: PrintText("DRAGON@BLOOD", 14, 123, 0);
   3EE8 33            [ 6]10470 	inc	sp
   3EE9 21 7B 00      [10]10471 	ld	hl,#0x007b
   3EEC E3            [19]10472 	ex	(sp),hl
   3EED 3E 0E         [ 7]10473 	ld	a, #0x0e
   3EEF F5            [11]10474 	push	af
   3EF0 33            [ 6]10475 	inc	sp
   3EF1 21rAAr3F      [10]10476 	ld	hl, #___str_68
   3EF4 E5            [11]10477 	push	hl
   3EF5 CDr8Dr03      [17]10478 	call	_PrintText
   3EF8 F1            [10]10479 	pop	af
                          10480 ;src/main.c:2335: PrintText("DODO@EGG", 14, 137, 0); 
   3EF9 33            [ 6]10481 	inc	sp
   3EFA 21 89 00      [10]10482 	ld	hl,#0x0089
   3EFD E3            [19]10483 	ex	(sp),hl
   3EFE 3E 0E         [ 7]10484 	ld	a, #0x0e
   3F00 F5            [11]10485 	push	af
   3F01 33            [ 6]10486 	inc	sp
   3F02 21rB7r3F      [10]10487 	ld	hl, #___str_69
   3F05 E5            [11]10488 	push	hl
   3F06 CDr8Dr03      [17]10489 	call	_PrintText
   3F09 F1            [10]10490 	pop	af
                          10491 ;src/main.c:2336: PrintText("UNICORN@BLOOD", 14, 151, 0);
   3F0A 33            [ 6]10492 	inc	sp
   3F0B 21 97 00      [10]10493 	ld	hl,#0x0097
   3F0E E3            [19]10494 	ex	(sp),hl
   3F0F 3E 0E         [ 7]10495 	ld	a, #0x0e
   3F11 F5            [11]10496 	push	af
   3F12 33            [ 6]10497 	inc	sp
   3F13 21rC0r3F      [10]10498 	ld	hl, #___str_70
   3F16 E5            [11]10499 	push	hl
   3F17 CDr8Dr03      [17]10500 	call	_PrintText
   3F1A F1            [10]10501 	pop	af
                          10502 ;src/main.c:2337: PrintText("TROLL@FAT", 14, 165, 0); 
   3F1B 33            [ 6]10503 	inc	sp
   3F1C 21 A5 00      [10]10504 	ld	hl,#0x00a5
   3F1F E3            [19]10505 	ex	(sp),hl
   3F20 3E 0E         [ 7]10506 	ld	a, #0x0e
   3F22 F5            [11]10507 	push	af
   3F23 33            [ 6]10508 	inc	sp
   3F24 21rCEr3F      [10]10509 	ld	hl, #___str_71
   3F27 E5            [11]10510 	push	hl
   3F28 CDr8Dr03      [17]10511 	call	_PrintText
   3F2B F1            [10]10512 	pop	af
                          10513 ;src/main.c:2338: PrintText("MORDOR@LAVA", 14, 179, 0);
   3F2C 33            [ 6]10514 	inc	sp
   3F2D 21 B3 00      [10]10515 	ld	hl,#0x00b3
   3F30 E3            [19]10516 	ex	(sp),hl
   3F31 3E 0E         [ 7]10517 	ld	a, #0x0e
   3F33 F5            [11]10518 	push	af
   3F34 33            [ 6]10519 	inc	sp
   3F35 21rD8r3F      [10]10520 	ld	hl, #___str_72
   3F38 E5            [11]10521 	push	hl
   3F39 CDr8Dr03      [17]10522 	call	_PrintText
   3F3C F1            [10]10523 	pop	af
   3F3D F1            [10]10524 	pop	af
   3F3E 33            [ 6]10525 	inc	sp
   3F3F C9            [10]10526 	ret
   3F40                   10527 ___str_59:
   3F40 49 4E 47 52 45 44 10528 	.ascii "INGREDIENT@VALUES"
        49 45 4E 54 40 56
        41 4C 55 45 53
   3F51 00                10529 	.db 0x00
   3F52                   10530 ___str_60:
   3F52 3C                10531 	.ascii "<"
   3F53 00                10532 	.db 0x00
   3F54                   10533 ___str_61:
   3F54 54 4F 41 44 40 53 10534 	.ascii "TOAD@SNOT"
        4E 4F 54
   3F5D 00                10535 	.db 0x00
   3F5E                   10536 ___str_62:
   3F5E 44 49 41 4D 4F 4E 10537 	.ascii "DIAMOND@DUST"
        44 40 44 55 53 54
   3F6A 00                10538 	.db 0x00
   3F6B                   10539 ___str_63:
   3F6B 4E 45 57 54 40 45 10540 	.ascii "NEWT@EYE"
        59 45
   3F73 00                10541 	.db 0x00
   3F74                   10542 ___str_64:
   3F74 4D 41 4D 4D 4F 54 10543 	.ascii "MAMMOTH@POOP"
        48 40 50 4F 4F 50
   3F80 00                10544 	.db 0x00
   3F81                   10545 ___str_65:
   3F81 4B 52 41 4B 45 4E 10546 	.ascii "KRAKEN@INK"
        40 49 4E 4B
   3F8B 00                10547 	.db 0x00
   3F8C                   10548 ___str_66:
   3F8C 4D 45 52 4D 41 49 10549 	.ascii "MERMAID@TEAR"
        44 40 54 45 41 52
   3F98 00                10550 	.db 0x00
   3F99                   10551 ___str_67:
   3F99 4D 41 52 54 49 41 10552 	.ascii "MARTIAN@MUSHROOM"
        4E 40 4D 55 53 48
        52 4F 4F 4D
   3FA9 00                10553 	.db 0x00
   3FAA                   10554 ___str_68:
   3FAA 44 52 41 47 4F 4E 10555 	.ascii "DRAGON@BLOOD"
        40 42 4C 4F 4F 44
   3FB6 00                10556 	.db 0x00
   3FB7                   10557 ___str_69:
   3FB7 44 4F 44 4F 40 45 10558 	.ascii "DODO@EGG"
        47 47
   3FBF 00                10559 	.db 0x00
   3FC0                   10560 ___str_70:
   3FC0 55 4E 49 43 4F 52 10561 	.ascii "UNICORN@BLOOD"
        4E 40 42 4C 4F 4F
        44
   3FCD 00                10562 	.db 0x00
   3FCE                   10563 ___str_71:
   3FCE 54 52 4F 4C 4C 40 10564 	.ascii "TROLL@FAT"
        46 41 54
   3FD7 00                10565 	.db 0x00
   3FD8                   10566 ___str_72:
   3FD8 4D 4F 52 44 4F 52 10567 	.ascii "MORDOR@LAVA"
        40 4C 41 56 41
   3FE3 00                10568 	.db 0x00
                          10569 ;src/main.c:2364: void StartMenu() {
                          10570 ;	---------------------------------
                          10571 ; Function StartMenu
                          10572 ; ---------------------------------
   3FE4                   10573 _StartMenu::
   3FE4 DD E5         [15]10574 	push	ix
   3FE6 DD 21 00 00   [14]10575 	ld	ix,#0
   3FEA DD 39         [15]10576 	add	ix,sp
   3FEC F5            [11]10577 	push	af
                          10578 ;src/main.c:2365: u8 randSeed = 254;
   3FED DD 36 FE FE   [19]10579 	ld	-2 (ix), #0xfe
                          10580 ;src/main.c:2366: u8 page = 0;
   3FF1 DD 36 FF 00   [19]10581 	ld	-1 (ix), #0x00
                          10582 ;src/main.c:2367: cpct_akp_musicInit(g_menu); // initialize music. Main theme
   3FF5 21r00r00      [10]10583 	ld	hl, #_g_menu
   3FF8 E5            [11]10584 	push	hl
   3FF9 CDr00r00      [17]10585 	call	_cpct_akp_musicInit
   3FFC F1            [10]10586 	pop	af
                          10587 ;src/main.c:2369: while(1) {
   3FFD                   10588 00122$:
                          10589 ;src/main.c:2372: if (++randSeed == 255) {					
   3FFD DD 34 FE      [23]10590 	inc	-2 (ix)
   4000 DD 7E FE      [19]10591 	ld	a, -2 (ix)
   4003 3C            [ 4]10592 	inc	a
   4004 20 27         [12]10593 	jr	NZ,00109$
                          10594 ;src/main.c:2373: if (page == 0) 		PrintStartMenu();	// page 1; menu
   4006 DD 7E FF      [19]10595 	ld	a, -1 (ix)
   4009 B7            [ 4]10596 	or	a, a
   400A 20 05         [12]10597 	jr	NZ,00104$
   400C CDrF9r3B      [17]10598 	call	_PrintStartMenu
   400F 18 0A         [12]10599 	jr	00105$
   4011                   10600 00104$:
                          10601 ;src/main.c:2374: else if(page == 4)	PrintObjInfo();		// page 2; ingredients info
   4011 DD 7E FF      [19]10602 	ld	a, -1 (ix)
   4014 D6 04         [ 7]10603 	sub	a, #0x04
   4016 20 03         [12]10604 	jr	NZ,00105$
   4018 CDrDAr3D      [17]10605 	call	_PrintObjInfo
   401B                   10606 00105$:
                          10607 ;src/main.c:2376: randSeed = 0;
   401B DD 36 FE 00   [19]10608 	ld	-2 (ix), #0x00
                          10609 ;src/main.c:2377: if (++page == 8) //12
   401F DD 34 FF      [23]10610 	inc	-1 (ix)
   4022 DD 7E FF      [19]10611 	ld	a, -1 (ix)
   4025 D6 08         [ 7]10612 	sub	a, #0x08
   4027 20 04         [12]10613 	jr	NZ,00109$
                          10614 ;src/main.c:2378: page = 0;		
   4029 DD 36 FF 00   [19]10615 	ld	-1 (ix), #0x00
   402D                   10616 00109$:
                          10617 ;src/main.c:2381: cpct_scanKeyboard_f();
   402D CDr00r00      [17]10618 	call	_cpct_scanKeyboard_f
                          10619 ;src/main.c:2382: if(cpct_isKeyPressed(Key_1)) { // 1 player
   4030 21 08 01      [10]10620 	ld	hl, #0x0108
   4033 CDr00r00      [17]10621 	call	_cpct_isKeyPressed
   4036 7D            [ 4]10622 	ld	a, l
   4037 B7            [ 4]10623 	or	a, a
   4038 28 08         [12]10624 	jr	Z,00119$
                          10625 ;src/main.c:2383: TwoPlayers = FALSE;	
   403A 21r04r00      [10]10626 	ld	hl,#_TwoPlayers + 0
   403D 36 00         [10]10627 	ld	(hl), #0x00
                          10628 ;src/main.c:2384: break;
   403F C3r4Ar41      [10]10629 	jp	00123$
   4042                   10630 00119$:
                          10631 ;src/main.c:2386: else if(cpct_isKeyPressed(Key_2)) {	// 2 players
   4042 21 08 02      [10]10632 	ld	hl, #0x0208
   4045 CDr00r00      [17]10633 	call	_cpct_isKeyPressed
   4048 7D            [ 4]10634 	ld	a, l
   4049 B7            [ 4]10635 	or	a, a
   404A 28 08         [12]10636 	jr	Z,00116$
                          10637 ;src/main.c:2387: TwoPlayers = TRUE;
   404C 21r04r00      [10]10638 	ld	hl,#_TwoPlayers + 0
   404F 36 01         [10]10639 	ld	(hl), #0x01
                          10640 ;src/main.c:2388: break;
   4051 C3r4Ar41      [10]10641 	jp	00123$
   4054                   10642 00116$:
                          10643 ;src/main.c:2390: else if(cpct_isKeyPressed(Key_3)){ // redefine keys
   4054 21 07 02      [10]10644 	ld	hl, #0x0207
   4057 CDr00r00      [17]10645 	call	_cpct_isKeyPressed
   405A 7D            [ 4]10646 	ld	a, l
   405B B7            [ 4]10647 	or	a, a
   405C CAr1Dr41      [10]10648 	jp	Z, 00113$
                          10649 ;src/main.c:2391: Wait4Key(Key_3);
   405F 21 07 02      [10]10650 	ld	hl, #0x0207
   4062 E5            [11]10651 	push	hl
   4063 CDrE9r0A      [17]10652 	call	_Wait4Key
   4066 F1            [10]10653 	pop	af
                          10654 ;src/main.c:2392: randSeed = 0; page = 1;
   4067 DD 36 FE 00   [19]10655 	ld	-2 (ix), #0x00
   406B DD 36 FF 01   [19]10656 	ld	-1 (ix), #0x01
                          10657 ;src/main.c:2393: PrintStartMenu();
   406F CDrF9r3B      [17]10658 	call	_PrintStartMenu
                          10659 ;src/main.c:2395: cpct_drawSolidBox(cpctm_screenPtr(CPCT_VMEM_START, 22, 110), cpct_px2byteM0(1, 1), 45, 70);
   4072 21 01 01      [10]10660 	ld	hl, #0x0101
   4075 E5            [11]10661 	push	hl
   4076 CDr00r00      [17]10662 	call	_cpct_px2byteM0
   4079 26 00         [ 7]10663 	ld	h, #0x00
   407B 01 2D 46      [10]10664 	ld	bc, #0x462d
   407E C5            [11]10665 	push	bc
   407F E5            [11]10666 	push	hl
   4080 21 26 F4      [10]10667 	ld	hl, #0xf426
   4083 E5            [11]10668 	push	hl
   4084 CDr00r00      [17]10669 	call	_cpct_drawSolidBox
                          10670 ;src/main.c:2398: ctlUp[0] = 		RedefineKey("@P1@UP");
   4087 21r60r41      [10]10671 	ld	hl, #___str_73
   408A E5            [11]10672 	push	hl
   408B CDr06r0B      [17]10673 	call	_RedefineKey
   408E F1            [10]10674 	pop	af
   408F 4D            [ 4]10675 	ld	c, l
   4090 44            [ 4]10676 	ld	b, h
   4091 ED 43r24r00   [20]10677 	ld	(_ctlUp), bc
                          10678 ;src/main.c:2399: ctlDown[0] = 	RedefineKey("P1@DOWN");
   4095 21r67r41      [10]10679 	ld	hl, #___str_74
   4098 E5            [11]10680 	push	hl
   4099 CDr06r0B      [17]10681 	call	_RedefineKey
   409C F1            [10]10682 	pop	af
   409D 4D            [ 4]10683 	ld	c, l
   409E 44            [ 4]10684 	ld	b, h
   409F ED 43r28r00   [20]10685 	ld	(_ctlDown), bc
                          10686 ;src/main.c:2400: ctlLeft[0] = 	RedefineKey("P1@LEFT");
   40A3 21r6Fr41      [10]10687 	ld	hl, #___str_75
   40A6 E5            [11]10688 	push	hl
   40A7 CDr06r0B      [17]10689 	call	_RedefineKey
   40AA F1            [10]10690 	pop	af
   40AB 4D            [ 4]10691 	ld	c, l
   40AC 44            [ 4]10692 	ld	b, h
   40AD ED 43r2Cr00   [20]10693 	ld	(_ctlLeft), bc
                          10694 ;src/main.c:2401: ctlRight[0] = 	RedefineKey("P1@RIGHT");
   40B1 21r77r41      [10]10695 	ld	hl, #___str_76
   40B4 E5            [11]10696 	push	hl
   40B5 CDr06r0B      [17]10697 	call	_RedefineKey
   40B8 F1            [10]10698 	pop	af
   40B9 4D            [ 4]10699 	ld	c, l
   40BA 44            [ 4]10700 	ld	b, h
   40BB ED 43r30r00   [20]10701 	ld	(_ctlRight), bc
                          10702 ;src/main.c:2403: ctlUp[1] = 		RedefineKey("@P2@UP@@");
   40BF 21r80r41      [10]10703 	ld	hl, #___str_77
   40C2 E5            [11]10704 	push	hl
   40C3 CDr06r0B      [17]10705 	call	_RedefineKey
   40C6 F1            [10]10706 	pop	af
   40C7 4D            [ 4]10707 	ld	c, l
   40C8 44            [ 4]10708 	ld	b, h
   40C9 ED 43r26r00   [20]10709 	ld	((_ctlUp + 0x0002)), bc
                          10710 ;src/main.c:2404: ctlDown[1] = 	RedefineKey("P2@DOWN");
   40CD 21r89r41      [10]10711 	ld	hl, #___str_78
   40D0 E5            [11]10712 	push	hl
   40D1 CDr06r0B      [17]10713 	call	_RedefineKey
   40D4 F1            [10]10714 	pop	af
   40D5 4D            [ 4]10715 	ld	c, l
   40D6 44            [ 4]10716 	ld	b, h
   40D7 ED 43r2Ar00   [20]10717 	ld	((_ctlDown + 0x0002)), bc
                          10718 ;src/main.c:2405: ctlLeft[1] = 	RedefineKey("P2@LEFT");
   40DB 21r91r41      [10]10719 	ld	hl, #___str_79
   40DE E5            [11]10720 	push	hl
   40DF CDr06r0B      [17]10721 	call	_RedefineKey
   40E2 F1            [10]10722 	pop	af
   40E3 4D            [ 4]10723 	ld	c, l
   40E4 44            [ 4]10724 	ld	b, h
   40E5 ED 43r2Er00   [20]10725 	ld	((_ctlLeft + 0x0002)), bc
                          10726 ;src/main.c:2406: ctlRight[1] = 	RedefineKey("P2@RIGHT");	
   40E9 21r99r41      [10]10727 	ld	hl, #___str_80
   40EC E5            [11]10728 	push	hl
   40ED CDr06r0B      [17]10729 	call	_RedefineKey
   40F0 F1            [10]10730 	pop	af
   40F1 4D            [ 4]10731 	ld	c, l
   40F2 44            [ 4]10732 	ld	b, h
   40F3 ED 43r32r00   [20]10733 	ld	((_ctlRight + 0x0002)), bc
                          10734 ;src/main.c:2408: ctlAbort = 		RedefineKey("@ABORT@@");
   40F7 21rA2r41      [10]10735 	ld	hl, #___str_81
   40FA E5            [11]10736 	push	hl
   40FB CDr06r0B      [17]10737 	call	_RedefineKey
   40FE F1            [10]10738 	pop	af
   40FF 22r34r00      [16]10739 	ld	(_ctlAbort), hl
                          10740 ;src/main.c:2409: ctlMusic = 		RedefineKey("@MUSIC");
   4102 21rABr41      [10]10741 	ld	hl, #___str_82
   4105 E5            [11]10742 	push	hl
   4106 CDr06r0B      [17]10743 	call	_RedefineKey
   4109 F1            [10]10744 	pop	af
   410A 22r36r00      [16]10745 	ld	(_ctlMusic), hl
                          10746 ;src/main.c:2410: ctlPause =		RedefineKey("@PAUSE");		
   410D 21rB2r41      [10]10747 	ld	hl, #___str_83
   4110 E5            [11]10748 	push	hl
   4111 CDr06r0B      [17]10749 	call	_RedefineKey
   4114 F1            [10]10750 	pop	af
   4115 22r38r00      [16]10751 	ld	(_ctlPause), hl
                          10752 ;src/main.c:2411: PrintStartMenu();
   4118 CDrF9r3B      [17]10753 	call	_PrintStartMenu
   411B 18 24         [12]10754 	jr	00120$
   411D                   10755 00113$:
                          10756 ;src/main.c:2413: else if(cpct_isKeyPressed(Key_4)) {	// turbo mode
   411D 21 07 01      [10]10757 	ld	hl, #0x0107
   4120 CDr00r00      [17]10758 	call	_cpct_isKeyPressed
   4123 7D            [ 4]10759 	ld	a, l
   4124 B7            [ 4]10760 	or	a, a
   4125 28 1A         [12]10761 	jr	Z,00120$
                          10762 ;src/main.c:2414: turboMode = !turboMode;
   4127 FD 21r1Fr00   [14]10763 	ld	iy, #_turboMode
   412B FD 7E 00      [19]10764 	ld	a, 0 (iy)
   412E D6 01         [ 7]10765 	sub	a,#0x01
   4130 3E 00         [ 7]10766 	ld	a, #0x00
   4132 17            [ 4]10767 	rla
   4133 FD 77 00      [19]10768 	ld	0 (iy), a
                          10769 ;src/main.c:2415: randSeed = 0; page = 1;
   4136 DD 36 FE 00   [19]10770 	ld	-2 (ix), #0x00
   413A DD 36 FF 01   [19]10771 	ld	-1 (ix), #0x01
                          10772 ;src/main.c:2416: PrintStartMenu();
   413E CDrF9r3B      [17]10773 	call	_PrintStartMenu
   4141                   10774 00120$:
                          10775 ;src/main.c:2418: Pause(3);
   4141 21 03 00      [10]10776 	ld	hl, #0x0003
   4144 CDrFEr01      [17]10777 	call	_Pause
   4147 C3rFDr3F      [10]10778 	jp	00122$
   414A                   10779 00123$:
                          10780 ;src/main.c:2420: cpct_setSeed_lcg_u8(randSeed); // set the seed
   414A DD 6E FE      [19]10781 	ld	l, -2 (ix)
   414D CDr00r00      [17]10782 	call	_cpct_setSeed_lcg_u8
                          10783 ;src/main.c:2421: cpct_akp_musicInit(g_fx); // mute the music
   4150 21r00r00      [10]10784 	ld	hl, #_g_fx
   4153 E5            [11]10785 	push	hl
   4154 CDr00r00      [17]10786 	call	_cpct_akp_musicInit
   4157 F1            [10]10787 	pop	af
                          10788 ;src/main.c:2422: ClearScreen();
   4158 CDr33r02      [17]10789 	call	_ClearScreen
   415B DD F9         [10]10790 	ld	sp, ix
   415D DD E1         [14]10791 	pop	ix
   415F C9            [10]10792 	ret
   4160                   10793 ___str_73:
   4160 40 50 31 40 55 50 10794 	.ascii "@P1@UP"
   4166 00                10795 	.db 0x00
   4167                   10796 ___str_74:
   4167 50 31 40 44 4F 57 10797 	.ascii "P1@DOWN"
        4E
   416E 00                10798 	.db 0x00
   416F                   10799 ___str_75:
   416F 50 31 40 4C 45 46 10800 	.ascii "P1@LEFT"
        54
   4176 00                10801 	.db 0x00
   4177                   10802 ___str_76:
   4177 50 31 40 52 49 47 10803 	.ascii "P1@RIGHT"
        48 54
   417F 00                10804 	.db 0x00
   4180                   10805 ___str_77:
   4180 40 50 32 40 55 50 10806 	.ascii "@P2@UP@@"
        40 40
   4188 00                10807 	.db 0x00
   4189                   10808 ___str_78:
   4189 50 32 40 44 4F 57 10809 	.ascii "P2@DOWN"
        4E
   4190 00                10810 	.db 0x00
   4191                   10811 ___str_79:
   4191 50 32 40 4C 45 46 10812 	.ascii "P2@LEFT"
        54
   4198 00                10813 	.db 0x00
   4199                   10814 ___str_80:
   4199 50 32 40 52 49 47 10815 	.ascii "P2@RIGHT"
        48 54
   41A1 00                10816 	.db 0x00
   41A2                   10817 ___str_81:
   41A2 40 41 42 4F 52 54 10818 	.ascii "@ABORT@@"
        40 40
   41AA 00                10819 	.db 0x00
   41AB                   10820 ___str_82:
   41AB 40 4D 55 53 49 43 10821 	.ascii "@MUSIC"
   41B1 00                10822 	.db 0x00
   41B2                   10823 ___str_83:
   41B2 40 50 41 55 53 45 10824 	.ascii "@PAUSE"
   41B8 00                10825 	.db 0x00
                          10826 ;src/main.c:2439: void InitValues() {	
                          10827 ;	---------------------------------
                          10828 ; Function InitValues
                          10829 ; ---------------------------------
   41B9                   10830 _InitValues::
                          10831 ;src/main.c:2442: ctlUp[0] = Key_W;
   41B9 21 07 08      [10]10832 	ld	hl, #0x0807
   41BC 22r24r00      [16]10833 	ld	(_ctlUp), hl
                          10834 ;src/main.c:2443: ctlDown[0] = Key_S;
   41BF 26 10         [ 7]10835 	ld	h, #0x10
   41C1 22r28r00      [16]10836 	ld	(_ctlDown), hl
                          10837 ;src/main.c:2444: ctlLeft[0] = Key_A;
   41C4 21 08 20      [10]10838 	ld	hl, #0x2008
   41C7 22r2Cr00      [16]10839 	ld	(_ctlLeft), hl
                          10840 ;src/main.c:2445: ctlRight[0] = Key_D;
   41CA 2E 07         [ 7]10841 	ld	l, #0x07
   41CC 22r30r00      [16]10842 	ld	(_ctlRight), hl
                          10843 ;src/main.c:2447: ctlUp[1] = Key_F5;
   41CF 21 01 10      [10]10844 	ld	hl, #0x1001
   41D2 22r26r00      [16]10845 	ld	((_ctlUp + 0x0002)), hl
                          10846 ;src/main.c:2448: ctlDown[1] = Key_F2;
   41D5 26 40         [ 7]10847 	ld	h, #0x40
   41D7 22r2Ar00      [16]10848 	ld	((_ctlDown + 0x0002)), hl
                          10849 ;src/main.c:2449: ctlLeft[1] = Key_F1;
   41DA 26 20         [ 7]10850 	ld	h, #0x20
   41DC 22r2Er00      [16]10851 	ld	((_ctlLeft + 0x0002)), hl
                          10852 ;src/main.c:2450: ctlRight[1] = Key_F3;
   41DF 2E 00         [ 7]10853 	ld	l, #0x00
   41E1 22r32r00      [16]10854 	ld	((_ctlRight + 0x0002)), hl
                          10855 ;src/main.c:2452: ctlAbort = Key_X;
   41E4 21 07 80      [10]10856 	ld	hl, #0x8007
   41E7 22r34r00      [16]10857 	ld	(_ctlAbort), hl
                          10858 ;src/main.c:2453: ctlMusic = Key_M;
   41EA 21 04 40      [10]10859 	ld	hl, #0x4004
   41ED 22r36r00      [16]10860 	ld	(_ctlMusic), hl
                          10861 ;src/main.c:2454: ctlPause = Key_H;	
   41F0 21 05 10      [10]10862 	ld	hl, #0x1005
   41F3 22r38r00      [16]10863 	ld	(_ctlPause), hl
                          10864 ;src/main.c:2456: turboMode = FALSE;
   41F6 21r1Fr00      [10]10865 	ld	hl,#_turboMode + 0
   41F9 36 00         [10]10866 	ld	(hl), #0x00
                          10867 ;src/main.c:2457: nTip = 0;
   41FB 21r20r00      [10]10868 	ld	hl,#_nTip + 0
   41FE 36 00         [10]10869 	ld	(hl), #0x00
   4200 C9            [10]10870 	ret
                          10871 ;src/main.c:2462: void ResetData() {
                          10872 ;	---------------------------------
                          10873 ; Function ResetData
                          10874 ; ---------------------------------
   4201                   10875 _ResetData::
                          10876 ;src/main.c:2463: ctMainLoop = 0;
   4201 21 00 00      [10]10877 	ld	hl, #0x0000
   4204 22r22r00      [16]10878 	ld	(_ctMainLoop), hl
                          10879 ;src/main.c:2464: nObj[0] = -1;
   4207 21rA8r00      [10]10880 	ld	hl, #_nObj+0
   420A 36 FF         [10]10881 	ld	(hl), #0xff
                          10882 ;src/main.c:2465: nObj[1] = -1;
   420C 23            [ 6]10883 	inc	hl
   420D 36 FF         [10]10884 	ld	(hl), #0xff
                          10885 ;src/main.c:2466: sht.active = FALSE;
   420F 21rA7r00      [10]10886 	ld	hl, #(_sht + 0x0004)
   4212 36 00         [10]10887 	ld	(hl), #0x00
                          10888 ;src/main.c:2467: ctWizardAnim = 0;
   4214 21r21r00      [10]10889 	ld	hl,#_ctWizardAnim + 0
   4217 36 00         [10]10890 	ld	(hl), #0x00
                          10891 ;src/main.c:2470: spr[0].dir = D_right; 
   4219 21r41r00      [10]10892 	ld	hl, #(_spr + 0x0007)
   421C 36 03         [10]10893 	ld	(hl), #0x03
                          10894 ;src/main.c:2471: spr[0].status = S_stopped;
   421E 21r40r00      [10]10895 	ld	hl, #(_spr + 0x0006)
   4221 36 04         [10]10896 	ld	(hl), #0x04
                          10897 ;src/main.c:2472: spr[0].print_minV = TRUE; // the first time must be printed on screen
   4223 21r47r00      [10]10898 	ld	hl, #(_spr + 0x000d)
   4226 36 01         [10]10899 	ld	(hl), #0x01
                          10900 ;src/main.c:2473: spr[0].power_maxV = 0;
   4228 21r48r00      [10]10901 	ld	hl, #(_spr + 0x000e)
   422B 36 00         [10]10902 	ld	(hl), #0x00
                          10903 ;src/main.c:2474: ctInactivity[0] = 0;
   422D 01r1Dr00      [10]10904 	ld	bc, #_ctInactivity+0
   4230 AF            [ 4]10905 	xor	a, a
   4231 02            [ 7]10906 	ld	(bc), a
                          10907 ;src/main.c:2476: spr[1].dir = D_left; 
   4232 21r50r00      [10]10908 	ld	hl, #(_spr + 0x0016)
   4235 36 02         [10]10909 	ld	(hl), #0x02
                          10910 ;src/main.c:2477: spr[1].status = S_stopped;	
   4237 21r4Fr00      [10]10911 	ld	hl, #(_spr + 0x0015)
   423A 36 04         [10]10912 	ld	(hl), #0x04
                          10913 ;src/main.c:2478: spr[1].print_minV = TRUE; // the first time must be printed on screen
   423C 21r56r00      [10]10914 	ld	hl, #(_spr + 0x001c)
   423F 36 01         [10]10915 	ld	(hl), #0x01
                          10916 ;src/main.c:2479: spr[1].power_maxV = 0;
   4241 21r57r00      [10]10917 	ld	hl, #(_spr + 0x001d)
   4244 36 00         [10]10918 	ld	(hl), #0x00
                          10919 ;src/main.c:2480: ctInactivity[1] = 0;
   4246 03            [ 6]10920 	inc	bc
   4247 AF            [ 4]10921 	xor	a, a
   4248 02            [ 7]10922 	ld	(bc), a
                          10923 ;src/main.c:2482: SetEnemies();
   4249 CDrB4r30      [17]10924 	call	_SetEnemies
                          10925 ;src/main.c:2483: PrintMap();
   424C CDrA8r02      [17]10926 	call	_PrintMap
                          10927 ;src/main.c:2484: RefreshScoreboard();
   424F CDrC7r0C      [17]10928 	call	_RefreshScoreboard
                          10929 ;src/main.c:2485: DeleteObjectInStore();
   4252 CDr6Br0F      [17]10930 	call	_DeleteObjectInStore
                          10931 ;src/main.c:2488: if (nMap != lastNMap) {
   4255 3Ar00r00      [13]10932 	ld	a,(#_nMap + 0)
   4258 FD 21r01r00   [14]10933 	ld	iy, #_lastNMap
   425C FD 96 00      [19]10934 	sub	a, 0 (iy)
   425F C8            [11]10935 	ret	Z
                          10936 ;src/main.c:2489: if (!TwoPlayers) {
   4260 3Ar04r00      [13]10937 	ld	a,(#_TwoPlayers + 0)
   4263 B7            [ 4]10938 	or	a, a
   4264 20 1C         [12]10939 	jr	NZ,00102$
                          10940 ;src/main.c:2490: PrintKey();
   4266 CDrB8r16      [17]10941 	call	_PrintKey
                          10942 ;src/main.c:2492: playerKey[0] = 0;
   4269 21r14r00      [10]10943 	ld	hl, #_playerKey
   426C 36 00         [10]10944 	ld	(hl), #0x00
                          10945 ;src/main.c:2493: playerKey[1] = 0;
   426E 21r15r00      [10]10946 	ld	hl, #(_playerKey + 0x0001)
   4271 36 00         [10]10947 	ld	(hl), #0x00
                          10948 ;src/main.c:2494: playerKey[2] = 0;
   4273 21r16r00      [10]10949 	ld	hl, #(_playerKey + 0x0002)
   4276 36 00         [10]10950 	ld	(hl), #0x00
                          10951 ;src/main.c:2495: playerKey[3] = 0;
   4278 21r17r00      [10]10952 	ld	hl, #(_playerKey + 0x0003)
   427B 36 00         [10]10953 	ld	(hl), #0x00
                          10954 ;src/main.c:2496: playerKey[4] = 0;
   427D 21r18r00      [10]10955 	ld	hl, #(_playerKey + 0x0004)
   4280 36 00         [10]10956 	ld	(hl), #0x00
   4282                   10957 00102$:
                          10958 ;src/main.c:2498: PrintLevelInfo();	
   4282 CDrA7r06      [17]10959 	call	_PrintLevelInfo
                          10960 ;src/main.c:2499: PrintMap();	
   4285 CDrA8r02      [17]10961 	call	_PrintMap
                          10962 ;src/main.c:2500: lastNMap = nMap;
   4288 3Ar00r00      [13]10963 	ld	a,(#_nMap + 0)
   428B 32r01r00      [13]10964 	ld	(#_lastNMap + 0),a
   428E C9            [10]10965 	ret
                          10966 ;src/main.c:2506: void InitGame() {
                          10967 ;	---------------------------------
                          10968 ; Function InitGame
                          10969 ; ---------------------------------
   428F                   10970 _InitGame::
                          10971 ;src/main.c:2507: StartMenu(); // run the start menu
   428F CDrE4r3F      [17]10972 	call	_StartMenu
                          10973 ;src/main.c:2508: music = TRUE;
   4292 21r1Br00      [10]10974 	ld	hl,#_music + 0
   4295 36 01         [10]10975 	ld	(hl), #0x01
                          10976 ;src/main.c:2509: nMap = 0; // initial map number
   4297 21r00r00      [10]10977 	ld	hl,#_nMap + 0
   429A 36 00         [10]10978 	ld	(hl), #0x00
                          10979 ;src/main.c:2510: lastNMap = 255;
   429C 21r01r00      [10]10980 	ld	hl,#_lastNMap + 0
   429F 36 FF         [10]10981 	ld	(hl), #0xff
                          10982 ;src/main.c:2513: spr[0].num = 0; // sprite number
   42A1 21r3Ar00      [10]10983 	ld	hl, #_spr
   42A4 36 00         [10]10984 	ld	(hl), #0x00
                          10985 ;src/main.c:2514: spr[0].ident = SORCERER1; // identity
   42A6 21r3Br00      [10]10986 	ld	hl, #(_spr + 0x0001)
   42A9 36 00         [10]10987 	ld	(hl), #0x00
                          10988 ;src/main.c:2515: spr[0].lives_speed = 3; // lives
   42AB 21r45r00      [10]10989 	ld	hl, #(_spr + 0x000b)
   42AE 36 03         [10]10990 	ld	(hl), #0x03
                          10991 ;src/main.c:2516: score[0] = 0; // score
   42B0 21 00 00      [10]10992 	ld	hl, #0x0000
   42B3 22r05r00      [16]10993 	ld	(_score), hl
                          10994 ;src/main.c:2517: ResetObjData(0);
   42B6 2E 00         [ 7]10995 	ld	l, #0x00
   42B8 CDrE0r0D      [17]10996 	call	_ResetObjData
                          10997 ;src/main.c:2520: spr[1].num = 1; // sprite number
   42BB 21r49r00      [10]10998 	ld	hl, #(_spr + 0x000f)
   42BE 36 01         [10]10999 	ld	(hl), #0x01
                          11000 ;src/main.c:2521: spr[1].ident = SORCERER2; // identity
   42C0 21r4Ar00      [10]11001 	ld	hl, #(_spr + 0x0010)
   42C3 36 01         [10]11002 	ld	(hl), #0x01
                          11003 ;src/main.c:2522: spr[1].lives_speed = 3; // lives
   42C5 21r54r00      [10]11004 	ld	hl, #(_spr + 0x001a)
   42C8 36 03         [10]11005 	ld	(hl), #0x03
                          11006 ;src/main.c:2523: score[1] = 0; // score
   42CA 21 00 00      [10]11007 	ld	hl, #0x0000
   42CD 22r07r00      [16]11008 	ld	((_score + 0x0002)), hl
                          11009 ;src/main.c:2524: ResetObjData(1);
   42D0 2E 01         [ 7]11010 	ld	l, #0x01
   42D2 CDrE0r0D      [17]11011 	call	_ResetObjData
                          11012 ;src/main.c:2527: spr[6].num = 6; // sprite number
   42D5 21r94r00      [10]11013 	ld	hl, #(_spr + 0x005a)
   42D8 36 06         [10]11014 	ld	(hl), #0x06
                          11015 ;src/main.c:2528: spr[6].ident = WIZARD; // identity
   42DA 21r95r00      [10]11016 	ld	hl, #(_spr + 0x005b)
   42DD 36 07         [10]11017 	ld	(hl), #0x07
                          11018 ;src/main.c:2530: InitScoreboard();		
   42DF CDr5Cr0B      [17]11019 	call	_InitScoreboard
                          11020 ;src/main.c:2531: ResetData();
   42E2 C3r01r42      [10]11021 	jp  _ResetData
                          11022 ;src/main.c:2536: void GameOver(u8 player) {
                          11023 ;	---------------------------------
                          11024 ; Function GameOver
                          11025 ; ---------------------------------
   42E5                   11026 _GameOver::
   42E5 DD E5         [15]11027 	push	ix
   42E7 DD 21 00 00   [14]11028 	ld	ix,#0
   42EB DD 39         [15]11029 	add	ix,sp
   42ED F5            [11]11030 	push	af
                          11031 ;src/main.c:2538: if (spr[player].lives_speed > 1 && player != 2) {
   42EE 01r3Ar00      [10]11032 	ld	bc, #_spr+0
   42F1 DD 5E 04      [19]11033 	ld	e,4 (ix)
   42F4 16 00         [ 7]11034 	ld	d,#0x00
   42F6 6B            [ 4]11035 	ld	l, e
   42F7 62            [ 4]11036 	ld	h, d
   42F8 29            [11]11037 	add	hl, hl
   42F9 19            [11]11038 	add	hl, de
   42FA 29            [11]11039 	add	hl, hl
   42FB 19            [11]11040 	add	hl, de
   42FC 29            [11]11041 	add	hl, hl
   42FD 19            [11]11042 	add	hl, de
   42FE 09            [11]11043 	add	hl,bc
   42FF 01 0B 00      [10]11044 	ld	bc,#0x000b
   4302 09            [11]11045 	add	hl,bc
   4303 E3            [19]11046 	ex	(sp), hl
   4304 E1            [10]11047 	pop	hl
   4305 E5            [11]11048 	push	hl
   4306 4E            [ 7]11049 	ld	c, (hl)
   4307 3E 01         [ 7]11050 	ld	a, #0x01
   4309 91            [ 4]11051 	sub	a, c
   430A 30 11         [12]11052 	jr	NC,00113$
   430C DD 7E 04      [19]11053 	ld	a, 4 (ix)
   430F D6 02         [ 7]11054 	sub	a, #0x02
   4311 28 0A         [12]11055 	jr	Z,00113$
                          11056 ;src/main.c:2539: spr[player].lives_speed--;
   4313 0D            [ 4]11057 	dec	c
   4314 E1            [10]11058 	pop	hl
   4315 E5            [11]11059 	push	hl
   4316 71            [ 7]11060 	ld	(hl), c
                          11061 ;src/main.c:2540: ResetData();
   4317 CDr01r42      [17]11062 	call	_ResetData
   431A C3rF6r43      [10]11063 	jp	00116$
   431D                   11064 00113$:
                          11065 ;src/main.c:2543: cpct_akp_musicInit(g_end); // game over music
   431D 21r00r00      [10]11066 	ld	hl, #_g_end
   4320 E5            [11]11067 	push	hl
   4321 CDr00r00      [17]11068 	call	_cpct_akp_musicInit
   4324 F1            [10]11069 	pop	af
                          11070 ;src/main.c:2545: spr[player].lives_speed = 0;
   4325 E1            [10]11071 	pop	hl
   4326 E5            [11]11072 	push	hl
   4327 36 00         [10]11073 	ld	(hl), #0x00
                          11074 ;src/main.c:2546: RefreshScoreboard();
   4329 CDrC7r0C      [17]11075 	call	_RefreshScoreboard
                          11076 ;src/main.c:2548: cpct_drawSolidBox(cpctm_screenPtr(CPCT_VMEM_START,  6, 80), cpct_px2byteM0(4, 4), 34, 60);
   432C 21 04 04      [10]11077 	ld	hl, #0x0404
   432F E5            [11]11078 	push	hl
   4330 CDr00r00      [17]11079 	call	_cpct_px2byteM0
   4333 26 00         [ 7]11080 	ld	h, #0x00
   4335 01 22 3C      [10]11081 	ld	bc, #0x3c22
   4338 C5            [11]11082 	push	bc
   4339 E5            [11]11083 	push	hl
   433A 21 26 C3      [10]11084 	ld	hl, #0xc326
   433D E5            [11]11085 	push	hl
   433E CDr00r00      [17]11086 	call	_cpct_drawSolidBox
                          11087 ;src/main.c:2549: cpct_drawSolidBox(cpctm_screenPtr(CPCT_VMEM_START, 40, 80), cpct_px2byteM0(4, 4), 34, 60);
   4341 21 04 04      [10]11088 	ld	hl, #0x0404
   4344 E5            [11]11089 	push	hl
   4345 CDr00r00      [17]11090 	call	_cpct_px2byteM0
   4348 26 00         [ 7]11091 	ld	h, #0x00
   434A 01 22 3C      [10]11092 	ld	bc, #0x3c22
   434D C5            [11]11093 	push	bc
   434E E5            [11]11094 	push	hl
   434F 21 48 C3      [10]11095 	ld	hl, #0xc348
   4352 E5            [11]11096 	push	hl
   4353 CDr00r00      [17]11097 	call	_cpct_drawSolidBox
                          11098 ;src/main.c:2550: PrintFrame(6,80,71,134);
   4356 21 47 86      [10]11099 	ld	hl, #0x8647
   4359 E5            [11]11100 	push	hl
   435A 21 06 50      [10]11101 	ld	hl, #0x5006
   435D E5            [11]11102 	push	hl
   435E CDr30r04      [17]11103 	call	_PrintFrame
   4361 F1            [10]11104 	pop	af
   4362 F1            [10]11105 	pop	af
                          11106 ;src/main.c:2551: if (TwoPlayers) {
   4363 3Ar04r00      [13]11107 	ld	a,(#_TwoPlayers + 0)
   4366 B7            [ 4]11108 	or	a, a
   4367 28 6B         [12]11109 	jr	Z,00107$
                          11110 ;src/main.c:2552: PrintText("G@A@M@E@@O@V@E@R", 16, 91, 0);
   4369 21 5B 00      [10]11111 	ld	hl, #0x005b
   436C E5            [11]11112 	push	hl
   436D 3E 10         [ 7]11113 	ld	a, #0x10
   436F F5            [11]11114 	push	af
   4370 33            [ 6]11115 	inc	sp
   4371 21rFBr43      [10]11116 	ld	hl, #___str_84
   4374 E5            [11]11117 	push	hl
   4375 CDr8Dr03      [17]11118 	call	_PrintText
   4378 F1            [10]11119 	pop	af
   4379 F1            [10]11120 	pop	af
   437A 33            [ 6]11121 	inc	sp
                          11122 ;src/main.c:2553: if (player == 0) PrintText("PLAYER@2@WINS>", 19, 106, 0);
   437B DD 7E 04      [19]11123 	ld	a, 4 (ix)
   437E B7            [ 4]11124 	or	a, a
   437F 20 14         [12]11125 	jr	NZ,00104$
   4381 21 6A 00      [10]11126 	ld	hl, #0x006a
   4384 E5            [11]11127 	push	hl
   4385 3E 13         [ 7]11128 	ld	a, #0x13
   4387 F5            [11]11129 	push	af
   4388 33            [ 6]11130 	inc	sp
   4389 21r0Cr44      [10]11131 	ld	hl, #___str_85
   438C E5            [11]11132 	push	hl
   438D CDr8Dr03      [17]11133 	call	_PrintText
   4390 F1            [10]11134 	pop	af
   4391 F1            [10]11135 	pop	af
   4392 33            [ 6]11136 	inc	sp
   4393 18 18         [12]11137 	jr	00105$
   4395                   11138 00104$:
                          11139 ;src/main.c:2554: else if (player == 1) PrintText("PLAYER@1@WINS>", 19, 106, 0);
   4395 DD 7E 04      [19]11140 	ld	a, 4 (ix)
   4398 3D            [ 4]11141 	dec	a
   4399 20 12         [12]11142 	jr	NZ,00105$
   439B 21 6A 00      [10]11143 	ld	hl, #0x006a
   439E E5            [11]11144 	push	hl
   439F 3E 13         [ 7]11145 	ld	a, #0x13
   43A1 F5            [11]11146 	push	af
   43A2 33            [ 6]11147 	inc	sp
   43A3 21r1Br44      [10]11148 	ld	hl, #___str_86
   43A6 E5            [11]11149 	push	hl
   43A7 CDr8Dr03      [17]11150 	call	_PrintText
   43AA F1            [10]11151 	pop	af
   43AB F1            [10]11152 	pop	af
   43AC 33            [ 6]11153 	inc	sp
   43AD                   11154 00105$:
                          11155 ;src/main.c:2555: PrintText("HIGH@SCORE:", 16, 122, 0);
   43AD 21 7A 00      [10]11156 	ld	hl, #0x007a
   43B0 E5            [11]11157 	push	hl
   43B1 3E 10         [ 7]11158 	ld	a, #0x10
   43B3 F5            [11]11159 	push	af
   43B4 33            [ 6]11160 	inc	sp
   43B5 21r2Ar44      [10]11161 	ld	hl, #___str_87
   43B8 E5            [11]11162 	push	hl
   43B9 CDr8Dr03      [17]11163 	call	_PrintText
   43BC F1            [10]11164 	pop	af
                          11165 ;src/main.c:2556: PrintNumber(highScore, 4, 52, 122, 0);			
   43BD 33            [ 6]11166 	inc	sp
   43BE 21 7A 00      [10]11167 	ld	hl,#0x007a
   43C1 E3            [19]11168 	ex	(sp),hl
   43C2 21 04 34      [10]11169 	ld	hl, #0x3404
   43C5 E5            [11]11170 	push	hl
   43C6 2Ar09r00      [16]11171 	ld	hl, (_highScore)
   43C9 E5            [11]11172 	push	hl
   43CA CDrBEr02      [17]11173 	call	_PrintNumber
   43CD 21 06 00      [10]11174 	ld	hl, #6
   43D0 39            [11]11175 	add	hl, sp
   43D1 F9            [ 6]11176 	ld	sp, hl
   43D2 18 12         [12]11177 	jr	00108$
   43D4                   11178 00107$:
                          11179 ;src/main.c:2559: PrintText("G@A@M@E@@O@V@E@R", 16, 107, 0);
   43D4 21 6B 00      [10]11180 	ld	hl, #0x006b
   43D7 E5            [11]11181 	push	hl
   43D8 3E 10         [ 7]11182 	ld	a, #0x10
   43DA F5            [11]11183 	push	af
   43DB 33            [ 6]11184 	inc	sp
   43DC 21rFBr43      [10]11185 	ld	hl, #___str_84
   43DF E5            [11]11186 	push	hl
   43E0 CDr8Dr03      [17]11187 	call	_PrintText
   43E3 F1            [10]11188 	pop	af
   43E4 F1            [10]11189 	pop	af
   43E5 33            [ 6]11190 	inc	sp
   43E6                   11191 00108$:
                          11192 ;src/main.c:2560: Pause(500);	
   43E6 21 F4 01      [10]11193 	ld	hl, #0x01f4
   43E9 CDrFEr01      [17]11194 	call	_Pause
                          11195 ;src/main.c:2562: while (!cpct_isAnyKeyPressed());
   43EC                   11196 00109$:
   43EC CDr00r00      [17]11197 	call	_cpct_isAnyKeyPressed
   43EF 7D            [ 4]11198 	ld	a, l
   43F0 B7            [ 4]11199 	or	a, a
   43F1 28 F9         [12]11200 	jr	Z,00109$
                          11201 ;src/main.c:2563: InitGame();
   43F3 CDr8Fr42      [17]11202 	call	_InitGame
   43F6                   11203 00116$:
   43F6 DD F9         [10]11204 	ld	sp, ix
   43F8 DD E1         [14]11205 	pop	ix
   43FA C9            [10]11206 	ret
   43FB                   11207 ___str_84:
   43FB 47 40 41 40 4D 40 11208 	.ascii "G@A@M@E@@O@V@E@R"
        45 40 40 4F 40 56
        40 45 40 52
   440B 00                11209 	.db 0x00
   440C                   11210 ___str_85:
   440C 50 4C 41 59 45 52 11211 	.ascii "PLAYER@2@WINS>"
        40 32 40 57 49 4E
        53 3E
   441A 00                11212 	.db 0x00
   441B                   11213 ___str_86:
   441B 50 4C 41 59 45 52 11214 	.ascii "PLAYER@1@WINS>"
        40 31 40 57 49 4E
        53 3E
   4429 00                11215 	.db 0x00
   442A                   11216 ___str_87:
   442A 48 49 47 48 40 53 11217 	.ascii "HIGH@SCORE:"
        43 4F 52 45 3A
   4435 00                11218 	.db 0x00
                          11219 ;src/main.c:2568: void main(void) {
                          11220 ;	---------------------------------
                          11221 ; Function main
                          11222 ; ---------------------------------
   4436                   11223 _main::
                          11224 ;src/main.c:2570: cpct_disableFirmware();
   4436 CDr00r00      [17]11225 	call	_cpct_disableFirmware
                          11226 ;src/main.c:2572: cpct_akp_SFXInit(g_fx);
   4439 21r00r00      [10]11227 	ld	hl, #_g_fx
   443C E5            [11]11228 	push	hl
   443D CDr00r00      [17]11229 	call	_cpct_akp_SFXInit
   4440 F1            [10]11230 	pop	af
                          11231 ;src/main.c:2574: cpct_setInterruptHandler(Interrupt); 
   4441 21r1Ar02      [10]11232 	ld	hl, #_Interrupt
   4444 CDr00r00      [17]11233 	call	_cpct_setInterruptHandler
                          11234 ;src/main.c:2576: cpct_setVideoMode(0);
   4447 2E 00         [ 7]11235 	ld	l, #0x00
   4449 CDr00r00      [17]11236 	call	_cpct_setVideoMode
                          11237 ;src/main.c:2578: cpct_setPalette(g_palette, 16);
   444C 21 10 00      [10]11238 	ld	hl, #0x0010
   444F E5            [11]11239 	push	hl
   4450 21r00r00      [10]11240 	ld	hl, #_g_palette
   4453 E5            [11]11241 	push	hl
   4454 CDr00r00      [17]11242 	call	_cpct_setPalette
                          11243 ;src/main.c:2580: cpct_setBorder(g_palette[BG_COLOR]);
   4457 21r01r00      [10]11244 	ld	hl, #_g_palette + 1
   445A 46            [ 7]11245 	ld	b, (hl)
   445B C5            [11]11246 	push	bc
   445C 33            [ 6]11247 	inc	sp
   445D 3E 10         [ 7]11248 	ld	a, #0x10
   445F F5            [11]11249 	push	af
   4460 33            [ 6]11250 	inc	sp
   4461 CDr00r00      [17]11251 	call	_cpct_setPALColour
                          11252 ;src/main.c:2582: cpct_etm_setTileset2x4(g_tileset);	
   4464 21r00r00      [10]11253 	ld	hl, #_g_tileset
   4467 CDr00r00      [17]11254 	call	_cpct_etm_setTileset2x4
                          11255 ;src/main.c:2584: InitValues();
   446A CDrB9r41      [17]11256 	call	_InitValues
                          11257 ;src/main.c:2586: InitGame();
   446D CDr8Fr42      [17]11258 	call	_InitGame
                          11259 ;src/main.c:2589: while (1) {
   4470                   11260 00140$:
                          11261 ;src/main.c:2591: if (ctMainLoop % 8 == 0) {
   4470 21 08 00      [10]11262 	ld	hl, #0x0008
   4473 E5            [11]11263 	push	hl
   4474 2Ar22r00      [16]11264 	ld	hl, (_ctMainLoop)
   4477 E5            [11]11265 	push	hl
   4478 CDr00r00      [17]11266 	call	__modsint
   447B F1            [10]11267 	pop	af
   447C F1            [10]11268 	pop	af
   447D 7C            [ 4]11269 	ld	a, h
   447E B5            [ 4]11270 	or	a,l
   447F 20 46         [12]11271 	jr	NZ,00108$
                          11272 ;src/main.c:2592: ReprintObject(); // reprint the active object
   4481 CDr87r12      [17]11273 	call	_ReprintObject
                          11274 ;src/main.c:2593: PrintObjectInStore(); // reprint the object into the store
   4484 CDrA7r0F      [17]11275 	call	_PrintObjectInStore
                          11276 ;src/main.c:2594: CheckObject(0); // verify collection of object 1
   4487 AF            [ 4]11277 	xor	a, a
   4488 F5            [11]11278 	push	af
   4489 33            [ 6]11279 	inc	sp
   448A CDrDAr0F      [17]11280 	call	_CheckObject
   448D 33            [ 6]11281 	inc	sp
                          11282 ;src/main.c:2595: CheckObject(1); // verify collection of object 2
   448E 3E 01         [ 7]11283 	ld	a, #0x01
   4490 F5            [11]11284 	push	af
   4491 33            [ 6]11285 	inc	sp
   4492 CDrDAr0F      [17]11286 	call	_CheckObject
   4495 33            [ 6]11287 	inc	sp
                          11288 ;src/main.c:2596: MakeWizardAnim(0); // activates the wizard's shot if the player 1 is inactive		
   4496 2E 00         [ 7]11289 	ld	l, #0x00
   4498 CDr56r2B      [17]11290 	call	_MakeWizardAnim
                          11291 ;src/main.c:2597: if (spr[0].print_minV) CheckActiveTile(0); // check entry into store, door or well of player 1
   449B 3Ar47r00      [13]11292 	ld	a, (#_spr + 13)
   449E B7            [ 4]11293 	or	a, a
   449F 28 07         [12]11294 	jr	Z,00102$
   44A1 AF            [ 4]11295 	xor	a, a
   44A2 F5            [11]11296 	push	af
   44A3 33            [ 6]11297 	inc	sp
   44A4 CDr14r17      [17]11298 	call	_CheckActiveTile
   44A7 33            [ 6]11299 	inc	sp
   44A8                   11300 00102$:
                          11301 ;src/main.c:2599: if (TwoPlayers) {
   44A8 3Ar04r00      [13]11302 	ld	a,(#_TwoPlayers + 0)
   44AB B7            [ 4]11303 	or	a, a
   44AC 28 16         [12]11304 	jr	Z,00106$
                          11305 ;src/main.c:2600: CheckDuel(); // check that both players collide and have potions
   44AE CDrE7r28      [17]11306 	call	_CheckDuel
                          11307 ;src/main.c:2601: MakeWizardAnim(1); // activates the wizard's shot if the player 2 is inactive		
   44B1 2E 01         [ 7]11308 	ld	l, #0x01
   44B3 CDr56r2B      [17]11309 	call	_MakeWizardAnim
                          11310 ;src/main.c:2602: if (spr[1].print_minV) CheckActiveTile(1); // check entry into store, door or well of player 2
   44B6 3Ar56r00      [13]11311 	ld	a, (#_spr + 28)
   44B9 B7            [ 4]11312 	or	a, a
   44BA 28 08         [12]11313 	jr	Z,00106$
   44BC 3E 01         [ 7]11314 	ld	a, #0x01
   44BE F5            [11]11315 	push	af
   44BF 33            [ 6]11316 	inc	sp
   44C0 CDr14r17      [17]11317 	call	_CheckActiveTile
   44C3 33            [ 6]11318 	inc	sp
   44C4                   11319 00106$:
                          11320 ;src/main.c:2604: WizardAnim(); // print the wizard if active
   44C4 CDr9Dr2A      [17]11321 	call	_WizardAnim
   44C7                   11322 00108$:
                          11323 ;src/main.c:2607: if (!turboMode) cpct_waitVSYNC(); // wait for vertical retrace	
   44C7 3Ar1Fr00      [13]11324 	ld	a,(#_turboMode + 0)
   44CA B7            [ 4]11325 	or	a, a
   44CB 20 03         [12]11326 	jr	NZ,00110$
   44CD CDr00r00      [17]11327 	call	_cpct_waitVSYNC
   44D0                   11328 00110$:
                          11329 ;src/main.c:2610: switch (ctMainLoop % 3) {
   44D0 21 03 00      [10]11330 	ld	hl, #0x0003
   44D3 E5            [11]11331 	push	hl
   44D4 2Ar22r00      [16]11332 	ld	hl, (_ctMainLoop)
   44D7 E5            [11]11333 	push	hl
   44D8 CDr00r00      [17]11334 	call	__modsint
   44DB F1            [10]11335 	pop	af
   44DC F1            [10]11336 	pop	af
   44DD 4D            [ 4]11337 	ld	c, l
   44DE 44            [ 4]11338 	ld	b, h
   44DF 79            [ 4]11339 	ld	a, c
   44E0 B7            [ 4]11340 	or	a, a
   44E1 B0            [ 4]11341 	or	a, b
   44E2 28 0E         [12]11342 	jr	Z,00111$
   44E4 79            [ 4]11343 	ld	a, c
   44E5 3D            [ 4]11344 	dec	a
   44E6 B0            [ 4]11345 	or	a, b
   44E7 28 18         [12]11346 	jr	Z,00112$
   44E9 79            [ 4]11347 	ld	a, c
   44EA D6 02         [ 7]11348 	sub	a, #0x02
   44EC B0            [ 4]11349 	or	a, b
   44ED 28 2F         [12]11350 	jr	Z,00117$
   44EF C3r78r45      [10]11351 	jp	00129$
                          11352 ;src/main.c:2612: case 0: {							
   44F2                   11353 00111$:
                          11354 ;src/main.c:2613: PlayerLoop(&spr[0]); // player 1
   44F2 21r3Ar00      [10]11355 	ld	hl, #_spr
   44F5 CDr3Dr24      [17]11356 	call	_PlayerLoop
                          11357 ;src/main.c:2614: EnemyLoop(&spr[2]);	 // enemy sprite 2 is always processed (fast)
   44F8 21r58r00      [10]11358 	ld	hl, #(_spr + 0x001e)
   44FB CDr92r3B      [17]11359 	call	_EnemyLoop
                          11360 ;src/main.c:2615: break;
   44FE C3r78r45      [10]11361 	jp	00129$
                          11362 ;src/main.c:2618: case 1:	{			
   4501                   11363 00112$:
                          11364 ;src/main.c:2619: if (TwoPlayers) {
   4501 3Ar04r00      [13]11365 	ld	a,(#_TwoPlayers + 0)
   4504 B7            [ 4]11366 	or	a, a
   4505 28 0F         [12]11367 	jr	Z,00116$
                          11368 ;src/main.c:2620: PlayerLoop(&spr[1]); // player 2
   4507 21r49r00      [10]11369 	ld	hl, #(_spr + 0x000f)
   450A CDr3Dr24      [17]11370 	call	_PlayerLoop
                          11371 ;src/main.c:2621: if (!turboMode) cpct_waitVSYNC(); // additional wait for vertical retrace (avoid flickering)
   450D 3Ar1Fr00      [13]11372 	ld	a,(#_turboMode + 0)
   4510 B7            [ 4]11373 	or	a, a
   4511 20 03         [12]11374 	jr	NZ,00116$
   4513 CDr00r00      [17]11375 	call	_cpct_waitVSYNC
   4516                   11376 00116$:
                          11377 ;src/main.c:2623: EnemyLoop(&spr[3]);	 // enemy sprite 3 is always processed (fast)
   4516 21r67r00      [10]11378 	ld	hl, #(_spr + 0x002d)
   4519 CDr92r3B      [17]11379 	call	_EnemyLoop
                          11380 ;src/main.c:2624: break;
   451C 18 5A         [12]11381 	jr	00129$
                          11382 ;src/main.c:2627: case 2:	{
   451E                   11383 00117$:
                          11384 ;src/main.c:2628: EnemyLoop(&spr[enemyTurn+4]); // enemy sprites 4 and 5 take turns processing (slow)				
   451E 3Ar1Cr00      [13]11385 	ld	a,(#_enemyTurn + 0)
   4521 C6 04         [ 7]11386 	add	a, #0x04
   4523 4F            [ 4]11387 	ld	c,a
   4524 06 00         [ 7]11388 	ld	b,#0x00
   4526 69            [ 4]11389 	ld	l, c
   4527 60            [ 4]11390 	ld	h, b
   4528 29            [11]11391 	add	hl, hl
   4529 09            [11]11392 	add	hl, bc
   452A 29            [11]11393 	add	hl, hl
   452B 09            [11]11394 	add	hl, bc
   452C 29            [11]11395 	add	hl, hl
   452D 09            [11]11396 	add	hl, bc
   452E 11r3Ar00      [10]11397 	ld	de, #_spr
   4531 19            [11]11398 	add	hl, de
   4532 CDr92r3B      [17]11399 	call	_EnemyLoop
                          11400 ;src/main.c:2629: if (++enemyTurn > 1) enemyTurn = 0;
   4535 FD 21r1Cr00   [14]11401 	ld	iy, #_enemyTurn
   4539 FD 34 00      [23]11402 	inc	0 (iy)
   453C 3E 01         [ 7]11403 	ld	a, #0x01
   453E FD 96 00      [19]11404 	sub	a, 0 (iy)
   4541 30 04         [12]11405 	jr	NC,00119$
   4543 FD 36 00 00   [19]11406 	ld	0 (iy), #0x00
   4547                   11407 00119$:
                          11408 ;src/main.c:2632: if (sht.active) {				
   4547 3ArA7r00      [13]11409 	ld	a, (#(_sht + 0x0004) + 0)
   454A B7            [ 4]11410 	or	a, a
   454B 28 17         [12]11411 	jr	Z,00124$
                          11412 ;src/main.c:2633: MoveShot(); // update the shot's XY coordinates	
   454D CDr23r2A      [17]11413 	call	_MoveShot
                          11414 ;src/main.c:2636: if (ctWizardAnim > 0) 	
   4550 3Ar21r00      [13]11415 	ld	a,(#_ctWizardAnim + 0)
   4553 B7            [ 4]11416 	or	a, a
   4554 28 08         [12]11417 	jr	Z,00121$
                          11418 ;src/main.c:2637: PrintShot(g_magic_3);	// wizard
   4556 21r00r00      [10]11419 	ld	hl, #_g_magic_3
   4559 CDrF9r29      [17]11420 	call	_PrintShot
   455C 18 06         [12]11421 	jr	00124$
   455E                   11422 00121$:
                          11423 ;src/main.c:2639: PrintShot(g_magic_2);	// witch
   455E 21r00r00      [10]11424 	ld	hl, #_g_magic_2
   4561 CDrF9r29      [17]11425 	call	_PrintShot
   4564                   11426 00124$:
                          11427 ;src/main.c:2643: if (spr[0].power_maxV > 0) spr[0].power_maxV--;
   4564 01r48r00      [10]11428 	ld	bc, #_spr + 14
   4567 0A            [ 7]11429 	ld	a, (bc)
   4568 B7            [ 4]11430 	or	a, a
   4569 28 03         [12]11431 	jr	Z,00126$
   456B C6 FF         [ 7]11432 	add	a, #0xff
   456D 02            [ 7]11433 	ld	(bc), a
   456E                   11434 00126$:
                          11435 ;src/main.c:2644: if (spr[1].power_maxV > 0) spr[1].power_maxV--;			
   456E 01r57r00      [10]11436 	ld	bc, #_spr + 29
   4571 0A            [ 7]11437 	ld	a, (bc)
   4572 B7            [ 4]11438 	or	a, a
   4573 28 03         [12]11439 	jr	Z,00129$
   4575 C6 FF         [ 7]11440 	add	a, #0xff
   4577 02            [ 7]11441 	ld	(bc), a
                          11442 ;src/main.c:2646: }
   4578                   11443 00129$:
                          11444 ;src/main.c:2649: ctMainLoop++;
   4578 ED 4Br22r00   [20]11445 	ld	bc, (_ctMainLoop)
   457C 03            [ 6]11446 	inc	bc
                          11447 ;src/main.c:2648: if (ctMainLoop == 174) {
   457D FD 21r22r00   [14]11448 	ld	iy, #_ctMainLoop
   4581 FD 7E 00      [19]11449 	ld	a, 0 (iy)
   4584 D6 AE         [ 7]11450 	sub	a, #0xae
   4586 FD B6 01      [19]11451 	or	a, 1 (iy)
   4589 20 25         [12]11452 	jr	NZ,00137$
                          11453 ;src/main.c:2649: ctMainLoop++;
   458B ED 43r22r00   [20]11454 	ld	(_ctMainLoop), bc
                          11455 ;src/main.c:2650: SetObject(1); // set the second object
   458F 2E 01         [ 7]11456 	ld	l, #0x01
   4591 CDr21r15      [17]11457 	call	_SetObject
                          11458 ;src/main.c:2652: if (nMap == 0 && !TwoPlayers && nTip<1) 
   4594 3Ar00r00      [13]11459 	ld	a,(#_nMap + 0)
   4597 B7            [ 4]11460 	or	a, a
   4598 C2r70r44      [10]11461 	jp	NZ, 00140$
   459B 3Ar04r00      [13]11462 	ld	a,(#_TwoPlayers + 0)
   459E B7            [ 4]11463 	or	a, a
   459F C2r70r44      [10]11464 	jp	NZ, 00140$
   45A2 3Ar20r00      [13]11465 	ld	a,(#_nTip + 0)
   45A5 D6 01         [ 7]11466 	sub	a, #0x01
   45A7 D2r70r44      [10]11467 	jp	NC, 00140$
                          11468 ;src/main.c:2653: PrintTip(); // novice help
   45AA CDrA9r08      [17]11469 	call	_PrintTip
   45AD C3r70r44      [10]11470 	jp	00140$
   45B0                   11471 00137$:
                          11472 ;src/main.c:2655: else if (ctMainLoop++ == 350) {			
   45B0 ED 5Br22r00   [20]11473 	ld	de, (_ctMainLoop)
   45B4 ED 43r22r00   [20]11474 	ld	(_ctMainLoop), bc
   45B8 7B            [ 4]11475 	ld	a, e
   45B9 D6 5E         [ 7]11476 	sub	a, #0x5e
   45BB C2r70r44      [10]11477 	jp	NZ,00140$
   45BE 15            [ 4]11478 	dec	d
   45BF C2r70r44      [10]11479 	jp	NZ,00140$
                          11480 ;src/main.c:2656: SetObject(0); // set the first object			
   45C2 2E 00         [ 7]11481 	ld	l, #0x00
   45C4 CDr21r15      [17]11482 	call	_SetObject
                          11483 ;src/main.c:2657: ctMainLoop = 0; // reset counter
   45C7 21 00 00      [10]11484 	ld	hl, #0x0000
   45CA 22r22r00      [16]11485 	ld	(_ctMainLoop), hl
   45CD C3r70r44      [10]11486 	jp	00140$
                          11487 	.area _CODE
                          11488 	.area _INITIALIZER
                          11489 	.area _CABS (ABS)
